OBJECTID,Kreis,GEN,BEZ,ISO3166_2,Berichtsjahr,Berichtsmonat,Schlüssel Zulassungsbezirk,Zulassungsbezirk,Krafträder,ZS Krafträder,Dichte Krafträder je 1.000 Einwohner,ZS Dichte Krafträder je 1.000 Einwohner,Personenkraftwagen,ZS Personenkraftwagen,Dichte Pkw je 1.000 Einwohner,ZS Dichte Pkw je 1.000 Einwohner,Kraftomnibusse,ZS Kraftomnibusse,Lastkraftwagen,ZS Lastkraftwagen,Zugmaschinen,ZS Zugmaschinen,Sonstige Kraftfahrzeuge,ZS Sonstige Kraftfahrzeuge,Nutzfahrzeuge,ZS Nutzfahrzeuge,Dichte Nutzfahrzeuge je 1.000 Einwohner,ZS Dichte Nutzfahrzeuge je 1.000 Einwohner,Kraftfahrzeuganhänger,ZS Kraftfahrzeuganhänger,Kraftfahrzeuge,ZS Kraftfahrzeuge,Dichte Kraftfahrzeuge je 1.000 Einwohner,ZS Dichte Kraftfahrzeuge je 1.000 Einwohner,zweirädrige Kfz,ZS zweirädrige Kfz,dreirädrige Kfz,ZS dreirädrige Kfz,leichte vierrädrige Kfz,ZS leichte vierrädrige Kfz,Pkw mit offenem Aufbau,ZS Pkw mit offenem Aufbau,Pkw mit Allradantrieb,ZS Pkw mit Allradantrieb,Wohnmobile,ZS Wohnmobile,Krankenwagen und Noteinsatzfz.,ZS Krankenwagen und Noteinsatzfz.,Sattelzugmaschinen,ZS Sattelzugmaschinen,Land- und forstwirtschaftliche Zugmaschinen,ZS Land- und forstwirtschaftliche Zugmaschinen,Sonstige Zugmaschinen,ZS Sonstige Zugmaschinen,Shape__Area,Shape__Length
159124,01001,Schleswig-Holstein,,,2022,,01001,"FLENSBURG,STADT",2942,,32.71,,45488,,505.79,,81,,2707,,591,,238,,3617,,40.22,,5507,,52047,,578.72,,2884,,13,,45,,1783,,4539,,1489,,35,,290,,279,,22,,170740290.837891,65224.9758457932
159125,01002,Schleswig-Holstein,,,2022,,01002,"KIEL,STADT",8314,,33.71,,112154,,454.8,,947,,8313,,976,,911,,11147,,45.2,,11419,,131615,,533.72,,8144,,67,,103,,4154,,9178,,3650,,106,,327,,595,,54,,351216948.726563,145055.329866461
159126,01003,Schleswig-Holstein,,,2022,,01003,"LUEBECK,STADT",8500,,39.38,,102167,,473.33,,227,,7614,,1575,,693,,10109,,46.83,,14280,,120776,,559.55,,8339,,73,,88,,4437,,9650,,2359,,82,,834,,648,,93,,607744977.88916,248125.183678755
159127,01001,Schleswig-Holstein,,,2023,,01001,"FLENSBURG,STADT",3005,,32.98,,45398,,498.26,,81,,2858,,584,,232,,3755,,41.21,,5645,,52158,,572.45,,2950,,18,,37,,1790,,4709,,1558,,39,,279,,285,,20,,170740290.837891,65224.9758457932
159128,01002,Schleswig-Holstein,,,2023,,01002,"KIEL,STADT",8508,,34.55,,111539,,452.96,,986,,8627,,1040,,992,,11645,,47.29,,11618,,131692,,534.81,,8342,,66,,100,,4072,,9510,,3844,,110,,366,,619,,55,,351216948.726563,145055.329866461
159129,01003,Schleswig-Holstein,,,2023,,01003,"LUEBECK,STADT",8674,,40.11,,102139,,472.26,,230,,7784,,1660,,736,,10410,,48.13,,14795,,121223,,560.5,,8508,,91,,75,,4410,,9975,,2569,,86,,901,,667,,92,,607744977.88916,248125.183678755
159130,01001,Schleswig-Holstein,,,2024,,01001,"FLENSBURG,STADT",3025,,32.69,,45894,,495.88,,84,,3063,,720,,249,,4116,,44.47,,5944,,53035,,573.04,,2968,,22,,35,,1766,,4960,,1671,,37,,408,,288,,24,,170740290.837891,65224.9758457932
159131,01002,Schleswig-Holstein,,,2024,,01002,"KIEL,STADT",8619,,34.79,,111933,,451.86,,947,,8795,,975,,1011,,11728,,47.34,,11602,,132280,,534,,8465,,68,,86,,3996,,10019,,4041,,120,,272,,650,,53,,351216948.726563,145055.329866461
159132,01003,Schleswig-Holstein,,,2024,,01003,"LUEBECK,STADT",8817,,40.43,,102284,,468.99,,233,,8015,,1719,,775,,10742,,49.25,,15084,,121843,,558.67,,8654,,86,,77,,4330,,10392,,2741,,93,,943,,690,,86,,607744977.88916,248125.183678755
159133,01001,Schleswig-Holstein,,,2025,,01001,"FLENSBURG,STADT",3080,,33.24,,46003,,496.43,,101,,3227,,742,,256,,4326,,46.68,,6124,,53409,,576.35,,3026,,23,,31,,1715,,5173,,1780,,36,,426,,295,,21,,170740290.837891,65224.9758457932
159134,01002,Schleswig-Holstein,,,2025,,01002,"KIEL,STADT",8740,,35.12,,111567,,448.29,,968,,8928,,933,,1040,,11869,,47.69,,11670,,132176,,531.1,,8589,,77,,74,,3887,,10470,,4248,,115,,226,,652,,55,,351216948.726563,145055.329866461
159135,,,,,2022,,99999,SONSTIGE,3945,,,-,42309,,,-,76,,1426,,732,,9345,,11579,,,-,6679,,57833,,,-,3888,,20,,37,,1884,,7299,,503,,69,,20,,431,,281,,,
159136,,,,,2023,,99999,SONSTIGE,3925,,,-,42856,,,-,76,,1414,,706,,9707,,11903,,,-,6798,,58684,,,-,3876,,16,,33,,1849,,7527,,564,,61,,24,,419,,263,,,
159137,,,,,2024,,99999,SONSTIGE,4041,,,,44417,,,,76,,1503,,667,,9914,,12160,,,,7027,,60618,,,,3989,,18,,34,,1848,,7858,,644,,57,,27,,401,,239,,,
159138,,,,,2025,,99999,SONSTIGE,4305,,,-,47687,,,-,77,,1544,,656,,10613,,12890,,,-,7418,,64882,,,-,4253,,22,,30,,1875,,8460,,749,,54,,25,,409,,222,,,
159139,01004,Schleswig-Holstein,,,2022,,01004,"NEUMUENSTER,STADT",3469,,43.41,,43435,,543.58,,72,,3742,,768,,390,,4972,,62.22,,7320,,51876,,649.22,,3376,,39,,54,,1958,,4025,,864,,25,,357,,356,,55,,207711208.210938,92320.0861179245
159140,01051,Schleswig-Holstein,,,2022,,01051,DITHMARSCHEN,8160,,61.24,,83763,,628.61,,83,,7003,,8193,,867,,16146,,121.17,,24533,,108069,,811.02,,7816,,67,,277,,3442,,9082,,2184,,193,,1174,,6043,,976,,4197286873.25049,418760.693938551
159141,01053,Schleswig-Holstein,,,2022,,01053,HERZOGTUM LAUENBURG,11592,,58.21,,121181,,608.48,,88,,9220,,5111,,933,,15352,,77.09,,25334,,148125,,743.78,,11262,,118,,212,,6313,,13998,,2872,,49,,536,,3877,,698,,3577480091.90137,431954.114987294
159142,01054,Schleswig-Holstein,,,2022,,01054,NORDFRIESLAND,9953,,59.55,,106916,,639.65,,202,,11433,,8690,,1651,,21976,,131.48,,31315,,138845,,830.68,,9538,,76,,339,,5131,,14253,,3724,,55,,319,,7334,,1037,,6220419517.82178,1098044.10079918
159143,01004,Schleswig-Holstein,,,2023,,01004,"NEUMUENSTER,STADT",3485,,43.84,,43444,,546.49,,73,,3833,,796,,389,,5091,,64.04,,7482,,52020,,654.37,,3385,,45,,55,,1956,,4167,,933,,25,,380,,363,,53,,207711208.210938,92320.0861179245
159144,01051,Schleswig-Holstein,,,2023,,01051,DITHMARSCHEN,8356,,62.37,,84029,,627.23,,93,,7224,,8411,,906,,16634,,124.16,,25172,,109019,,813.76,,8013,,70,,273,,3480,,9448,,2311,,205,,1232,,6212,,967,,4197286873.25049,418760.693938551
159145,01053,Schleswig-Holstein,,,2023,,01053,HERZOGTUM LAUENBURG,11857,,59.04,,121756,,606.3,,92,,9464,,5225,,939,,15720,,78.28,,25955,,149333,,743.62,,11505,,140,,212,,6249,,14441,,3104,,48,,559,,3980,,686,,3577480091.90137,431954.114987294
159146,01054,Schleswig-Holstein,,,2023,,01054,NORDFRIESLAND,10165,,60.66,,107293,,640.33,,231,,11703,,8844,,1716,,22494,,134.24,,32044,,139952,,835.24,,9772,,82,,311,,5100,,14648,,3997,,57,,331,,7478,,1035,,6220419517.82178,1098044.10079918
159147,01004,Schleswig-Holstein,,,2024,,01004,"NEUMUENSTER,STADT",3530,,44.4,,43584,,548.21,,71,,3930,,805,,396,,5202,,65.43,,7607,,52316,,658.05,,3432,,44,,54,,1915,,4354,,978,,26,,392,,362,,51,,207711208.210938,92320.0861179245
159148,01051,Schleswig-Holstein,,,2024,,01051,DITHMARSCHEN,8499,,62.84,,84280,,623.13,,99,,7321,,8482,,939,,16841,,124.52,,25565,,109620,,810.49,,8156,,79,,264,,3433,,9808,,2483,,222,,1195,,6332,,955,,4197286873.25049,418760.693938551
159149,01053,Schleswig-Holstein,,,2024,,01053,HERZOGTUM LAUENBURG,12100,,59.4,,122566,,601.66,,88,,9658,,5287,,970,,16003,,78.56,,26457,,150669,,739.62,,11756,,146,,198,,6188,,15131,,3364,,58,,589,,4044,,654,,3577480091.90137,431954.114987294
159150,01003,Schleswig-Holstein,,,2025,,01003,"LUEBECK,STADT",8888,,40.58,,102826,,469.43,,228,,8208,,1699,,797,,10932,,49.91,,15405,,122646,,559.91,,8724,,87,,77,,4255,,10999,,2903,,90,,882,,729,,88,,607744977.88916,248125.183678755
159151,01004,Schleswig-Holstein,,,2025,,01004,"NEUMUENSTER,STADT",3571,,44.53,,44336,,552.92,,68,,4080,,819,,403,,5370,,66.97,,7707,,53277,,664.43,,3479,,50,,42,,1888,,4658,,1072,,26,,391,,374,,54,,207711208.210938,92320.0861179245
159152,01051,Schleswig-Holstein,,,2025,,01051,DITHMARSCHEN,8614,,63.5,,84813,,625.22,,102,,7465,,8592,,933,,17092,,126,,26061,,110519,,814.72,,8272,,75,,267,,3476,,10255,,2676,,247,,1177,,6485,,930,,4197286873.25049,418760.693938551
159153,01053,Schleswig-Holstein,,,2025,,01053,HERZOGTUM LAUENBURG,12227,,59.69,,123649,,603.65,,87,,9772,,5289,,990,,16138,,78.78,,26799,,152014,,742.13,,11894,,146,,187,,6107,,15769,,3627,,61,,575,,4086,,628,,3577480091.90137,431954.114987294
159154,01055,Schleswig-Holstein,,,2022,,01055,OSTHOLSTEIN,13189,,65.46,,130928,,649.81,,69,,9349,,5962,,1038,,16418,,81.48,,27346,,160535,,796.75,,12758,,123,,308,,7222,,15124,,3699,,80,,589,,4560,,813,,4064451172.59912,570610.012152512
159155,01056,Schleswig-Holstein,,,2022,,01056,PINNEBERG,16005,,50.48,,180947,,570.66,,87,,14276,,5351,,954,,20668,,65.18,,27825,,217620,,686.31,,15660,,148,,197,,9778,,19936,,4656,,11,,507,,4205,,639,,1891416423.8623,267426.361616149
159156,01057,Schleswig-Holstein,,,2022,,01057,PLOEN,8113,,62.72,,82080,,634.54,,119,,5856,,4389,,654,,11018,,85.18,,17744,,101211,,782.44,,7848,,58,,207,,3961,,8689,,2809,,29,,254,,3510,,625,,3166094488.88867,390477.009704467
159157,01058,Schleswig-Holstein,,,2022,,01058,RENDSBURG-ECKERNFOERDE,16354,,59.52,,178191,,648.52,,134,,13594,,10604,,1563,,25895,,94.24,,40039,,220440,,802.29,,15817,,132,,405,,8414,,18985,,5637,,11,,566,,8613,,1425,,6410538074.65625,601435.647406443
159158,01055,Schleswig-Holstein,,,2023,,01055,OSTHOLSTEIN,13475,,66.7,,131197,,649.45,,63,,9582,,6040,,1036,,16721,,82.77,,27981,,161393,,798.92,,13033,,140,,302,,7271,,15660,,3936,,83,,573,,4659,,808,,4064451172.59912,570610.012152512
159159,01056,Schleswig-Holstein,,,2023,,01056,PINNEBERG,16254,,51.06,,180611,,567.38,,88,,14932,,5418,,973,,21411,,67.26,,28307,,218276,,685.7,,15891,,169,,194,,9722,,20588,,4993,,10,,496,,4291,,631,,1891416423.8623,267426.361616149
159160,01057,Schleswig-Holstein,,,2023,,01057,PLOEN,8280,,63.85,,82434,,635.64,,135,,6003,,4456,,688,,11282,,86.99,,18141,,101996,,786.48,,8014,,61,,205,,3967,,8964,,3019,,28,,267,,3597,,592,,3166094488.88867,390477.009704467
159161,01054,Schleswig-Holstein,,,2024,,01054,NORDFRIESLAND,10222,,60.47,,107747,,637.39,,241,,12063,,8930,,1740,,22974,,135.91,,32634,,140943,,833.77,,9830,,84,,308,,5097,,15128,,4307,,57,,325,,7599,,1006,,6220419517.82178,1098044.10079918
159162,01055,Schleswig-Holstein,,,2024,,01055,OSTHOLSTEIN,13735,,67.46,,131749,,647.08,,70,,9880,,6115,,1070,,17135,,84.16,,28407,,162619,,798.69,,13288,,148,,299,,7258,,16228,,4247,,82,,612,,4697,,806,,4064451172.59912,570610.012152512
159163,01056,Schleswig-Holstein,,,2024,,01056,PINNEBERG,16493,,51.2,,181291,,562.79,,92,,15407,,5433,,1003,,21935,,68.09,,28617,,219719,,682.08,,16134,,171,,188,,9697,,21446,,5382,,10,,503,,4314,,616,,1891416423.8623,267426.361616149
159164,01057,Schleswig-Holstein,,,2024,,01057,PLOEN,8356,,63.66,,82810,,630.86,,135,,6213,,4560,,710,,11618,,88.51,,18521,,102784,,783.02,,8117,,59,,180,,3911,,9303,,3263,,29,,293,,3673,,594,,3166094488.88867,390477.009704467
159165,01054,Schleswig-Holstein,,,2025,,01054,NORDFRIESLAND,10202,,60.01,,108508,,638.26,,266,,12311,,9031,,1948,,23556,,138.56,,33208,,142266,,836.82,,9831,,82,,289,,5079,,15631,,4764,,59,,325,,7735,,971,,6220419517.82178,1098044.10079918
159166,01055,Schleswig-Holstein,,,2025,,01055,OSTHOLSTEIN,13952,,68.3,,132442,,648.35,,72,,10176,,6111,,1098,,17457,,85.46,,28773,,163851,,802.11,,13532,,151,,269,,7130,,16842,,4626,,81,,574,,4756,,781,,4064451172.59912,570610.012152512
159167,01056,Schleswig-Holstein,,,2025,,01056,PINNEBERG,16770,,51.76,,182681,,563.8,,91,,15762,,5427,,1023,,22303,,68.83,,28872,,221754,,684.39,,16415,,178,,177,,9552,,22383,,5864,,9,,485,,4354,,588,,1891416423.8623,267426.361616149
159168,01057,Schleswig-Holstein,,,2025,,01057,PLOEN,8421,,64.1,,83626,,636.57,,152,,6398,,4584,,721,,11855,,90.24,,18816,,103902,,790.91,,8196,,61,,164,,3874,,9632,,3506,,31,,283,,3713,,588,,3166094488.88867,390477.009704467
159169,01059,Schleswig-Holstein,,,2022,,01059,SCHLESWIG-FLENSBURG,12649,,62.42,,132284,,652.78,,184,,10944,,10984,,1111,,23223,,114.6,,38560,,168156,,829.8,,12113,,87,,449,,5942,,14852,,4790,,48,,1347,,8317,,1320,,6166057547.99756,615303.683908773
159170,01060,Schleswig-Holstein,,,2022,,01060,SEGEBERG,16353,,58.82,,172484,,620.43,,74,,13267,,7092,,1209,,21642,,77.85,,32957,,210479,,757.1,,15874,,152,,327,,8871,,19996,,4624,,17,,995,,5258,,839,,3872392964.87256,487029.218217177
159171,01061,Schleswig-Holstein,,,2022,,01061,STEINBURG,8873,,67.89,,83219,,636.69,,108,,6222,,5423,,605,,12358,,94.55,,20302,,104450,,799.12,,8476,,70,,327,,3636,,8111,,2280,,16,,371,,4466,,586,,3038168393.63672,328298.859607911
159172,01058,Schleswig-Holstein,,,2023,,01058,RENDSBURG-ECKERNFOERDE,17696,,64.1,,178841,,647.85,,143,,14075,,10852,,1587,,26657,,96.56,,41190,,223194,,808.52,,16647,,146,,903,,8285,,19498,,6118,,11,,625,,8810,,1417,,6410538074.65625,601435.647406443
159173,01059,Schleswig-Holstein,,,2023,,01059,SCHLESWIG-FLENSBURG,13031,,63.94,,133348,,654.31,,187,,11199,,11177,,1133,,23696,,116.27,,39524,,170075,,834.52,,12514,,85,,432,,5898,,15481,,5149,,44,,1406,,8466,,1305,,6166057547.99756,615303.683908773
159174,01060,Schleswig-Holstein,,,2023,,01060,SEGEBERG,16756,,59.76,,173281,,617.98,,77,,13569,,7179,,1217,,22042,,78.61,,33657,,212079,,756.34,,16278,,159,,319,,8861,,20679,,4989,,15,,941,,5404,,834,,3872392964.87256,487029.218217177
159175,01061,Schleswig-Holstein,,,2023,,01061,STEINBURG,9019,,68.93,,83325,,636.83,,99,,6408,,5481,,621,,12609,,96.37,,20660,,104953,,802.13,,8633,,79,,307,,3573,,8496,,2450,,16,,344,,4562,,575,,3038168393.63672,328298.859607911
159176,01058,Schleswig-Holstein,,,2024,,01058,RENDSBURG-ECKERNFOERDE,17135,,61.42,,180083,,645.51,,135,,14714,,11011,,1635,,27495,,98.56,,42015,,224713,,805.48,,16581,,165,,389,,8246,,20287,,6544,,12,,649,,8959,,1403,,6410538074.65625,601435.647406443
159177,01059,Schleswig-Holstein,,,2024,,01059,SCHLESWIG-FLENSBURG,13355,,64.82,,134148,,651.08,,186,,11404,,11273,,1153,,24016,,116.56,,40236,,171519,,832.46,,12865,,93,,397,,5922,,16056,,5489,,44,,1406,,8579,,1288,,6166057547.99756,615303.683908773
159178,01060,Schleswig-Holstein,,,2024,,01060,SEGEBERG,17155,,60.2,,174935,,613.83,,72,,13881,,7188,,1256,,22397,,78.59,,34063,,214487,,752.62,,16653,,174,,328,,8794,,21562,,5341,,14,,894,,5484,,810,,3872392964.87256,487029.218217177
159179,01061,Schleswig-Holstein,,,2024,,01061,STEINBURG,9146,,69.07,,83977,,634.18,,96,,6592,,5598,,641,,12927,,97.62,,21104,,106050,,800.87,,8762,,85,,299,,3575,,8892,,2627,,16,,374,,4650,,574,,3038168393.63672,328298.859607911
159180,01058,Schleswig-Holstein,,,2025,,01058,RENDSBURG-ECKERNFOERDE,17426,,62.27,,180841,,646.17,,132,,15142,,11076,,1651,,28001,,100.05,,42624,,226268,,808.49,,16857,,185,,384,,8056,,21187,,6994,,13,,644,,9058,,1374,,6410538074.65625,601435.647406443
159181,01059,Schleswig-Holstein,,,2025,,01059,SCHLESWIG-FLENSBURG,13498,,65.4,,135082,,654.51,,182,,11692,,11052,,1204,,24130,,116.92,,40956,,172710,,836.83,,13033,,87,,378,,5841,,16635,,5923,,56,,1220,,8608,,1224,,6166057547.99756,615303.683908773
159182,01060,Schleswig-Holstein,,,2025,,01060,SEGEBERG,17511,,60.98,,176481,,614.54,,66,,14233,,7240,,1290,,22829,,79.5,,34683,,216821,,755.01,,16994,,191,,326,,8706,,22562,,5668,,14,,884,,5572,,784,,3872392964.87256,487029.218217177
159183,01061,Schleswig-Holstein,,,2025,,01061,STEINBURG,9314,,69.99,,84398,,634.23,,96,,6785,,5620,,669,,13170,,98.97,,21207,,106882,,803.19,,8954,,87,,273,,3529,,9288,,2812,,15,,368,,4724,,528,,3038168393.63672,328298.859607911
159184,01062,Schleswig-Holstein,,,2022,,01062,STORMARN,13816,,56.39,,155952,,636.57,,28,,12942,,4652,,1494,,19116,,78.03,,25085,,188884,,770.99,,13529,,107,,180,,9221,,18494,,3809,,60,,897,,3208,,547,,2183550460.34326,429658.286999401
159185,02000,Hamburg,,,2022,,02000,HAMBURG,57522,,31.05,,813847,,439.33,,2317,,69394,,8033,,5425,,85169,,45.98,,76399,,956538,,516.36,,56441,,529,,552,,45013,,97804,,17393,,657,,3676,,3924,,433,,2127383046.07617,367356.499465944
159186,03101,Niedersachsen,,,2022,,03101,"BRAUNSCHWEIG,STADT",11055,,44.48,,145129,,583.88,,199,,8203,,1464,,717,,10583,,42.58,,13536,,166767,,670.93,,10852,,99,,104,,6193,,15423,,2031,,81,,620,,729,,115,,512687379.863281,157215.604198569
159187,03102,Niedersachsen,,,2022,,03102,"SALZGITTER,STADT",4477,,43.1,,56716,,546.05,,111,,2890,,984,,286,,4271,,41.12,,8070,,65464,,630.27,,4333,,50,,94,,2444,,5542,,657,,36,,264,,599,,121,,596584652.954102,178143.781013022
159188,01062,Schleswig-Holstein,,,2023,,01062,STORMARN,14130,,57.58,,155853,,635.08,,30,,13306,,4795,,1517,,19648,,80.06,,25728,,189631,,772.72,,13844,,111,,175,,9171,,19179,,4079,,60,,967,,3284,,544,,2183550460.34326,429658.286999401
159189,02000,Hamburg,,,2023,,02000,HAMBURG,59631,,32.16,,813644,,438.87,,2357,,67915,,8337,,5599,,84208,,45.42,,78757,,957483,,516.46,,58538,,566,,527,,44477,,105748,,18229,,674,,3887,,4028,,422,,2127383046.07617,367356.499465944
159190,03101,Niedersachsen,,,2023,,03101,"BRAUNSCHWEIG,STADT",11128,,44.72,,149301,,600.03,,201,,8366,,1526,,758,,10851,,43.61,,13776,,171280,,688.36,,10926,,106,,96,,5974,,16714,,2281,,83,,659,,752,,115,,512687379.863281,157215.604198569
159191,03102,Niedersachsen,,,2023,,03102,"SALZGITTER,STADT",4564,,44.01,,56502,,544.89,,120,,2978,,1017,,300,,4415,,42.58,,8331,,65481,,631.48,,4424,,53,,87,,2412,,5829,,713,,38,,283,,614,,120,,596584652.954102,178143.781013022
159192,01062,Schleswig-Holstein,,,2024,,01062,STORMARN,14295,,57.65,,156588,,631.47,,38,,13850,,4794,,1519,,20201,,81.46,,25873,,191084,,770.58,,14007,,119,,169,,9145,,20155,,4316,,68,,911,,3360,,523,,2183550460.34326,429658.286999401
159193,02000,Hamburg,,,2024,,02000,HAMBURG,60385,,31.91,,813109,,429.73,,2524,,66299,,8388,,5738,,82949,,43.84,,79050,,956443,,505.49,,59267,,583,,535,,43955,,109682,,18909,,688,,3926,,4057,,405,,2127383046.07617,367356.499465944
159194,03101,Niedersachsen,,,2024,,03101,"BRAUNSCHWEIG,STADT",11275,,44.78,,147626,,586.27,,208,,8644,,1496,,786,,11134,,44.22,,13933,,170035,,675.27,,11050,,121,,104,,5915,,17402,,2462,,99,,605,,775,,116,,512687379.863281,157215.604198569
159195,03102,Niedersachsen,,,2024,,03102,"SALZGITTER,STADT",4554,,43.56,,56799,,543.28,,124,,3028,,1040,,320,,4512,,43.16,,8546,,65865,,630,,4416,,57,,81,,2358,,6205,,764,,36,,294,,624,,122,,596584652.954102,178143.781013022
159196,01062,Schleswig-Holstein,,,2025,,01062,STORMARN,14329,,57.72,,156765,,631.44,,37,,14140,,4802,,1517,,20496,,82.56,,26199,,191590,,771.71,,14027,,135,,167,,8977,,21009,,4622,,77,,904,,3391,,507,,2183550460.34326,429658.286999401
159197,02000,Hamburg,,,2025,,02000,HAMBURG,61084,,31.98,,810635,,424.38,,2601,,67036,,8312,,5756,,83705,,43.82,,78386,,955424,,500.18,,59976,,603,,505,,43236,,113508,,19643,,709,,3776,,4139,,397,,2127383046.07617,367356.499465944
159198,03101,Niedersachsen,,,2025,,03101,"BRAUNSCHWEIG,STADT",11248,,44.62,,143274,,568.4,,202,,8609,,1442,,803,,11056,,43.86,,13980,,165578,,656.88,,11038,,115,,95,,5742,,17181,,2626,,102,,553,,765,,124,,512687379.863281,157215.604198569
159199,03103,Niedersachsen,,,2022,,03103,"WOLFSBURG,STADT",6071,,49.02,,126444,,1021.03,,151,,3215,,1032,,409,,4807,,38.82,,7039,,137322,,1108.87,,5876,,99,,96,,4805,,14942,,1364,,53,,87,,802,,143,,549838822.406738,149842.191974865
159200,03151,Niedersachsen,,,2022,,03151,GIFHORN,12783,,72.13,,110345,,622.62,,170,,6386,,6715,,771,,14042,,79.23,,26538,,137170,,773.98,,12352,,157,,274,,5025,,12541,,2318,,43,,309,,5177,,1229,,4242484457.83545,463608.995457385
159201,03153,Niedersachsen,,,2022,,03153,GOSLAR,8226,,61.07,,81082,,602,,88,,4927,,2747,,605,,8367,,62.12,,14275,,97675,,725.19,,8011,,70,,145,,3558,,10145,,1267,,56,,544,,1814,,389,,2538755734.90088,378421.78438576
159202,03154,Niedersachsen,,,2022,,03154,HELMSTEDT,6250,,68.29,,56848,,621.17,,128,,2888,,2395,,412,,5823,,63.63,,11062,,68921,,753.09,,6089,,57,,104,,2529,,5980,,1023,,34,,177,,1874,,344,,1800618190.11963,377674.521068477
159203,03103,Niedersachsen,,,2023,,03103,"WOLFSBURG,STADT",6156,,49.67,,121579,,980.88,,132,,3361,,995,,457,,4945,,39.9,,7163,,132680,,1070.44,,5970,,101,,85,,3839,,15230,,1597,,54,,55,,801,,139,,549838822.406738,149842.191974865
159204,03151,Niedersachsen,,,2023,,03151,GIFHORN,12938,,72.72,,111115,,624.53,,152,,6540,,6797,,779,,14268,,80.19,,27290,,138321,,777.44,,12513,,176,,249,,4948,,12838,,2496,,40,,306,,5282,,1209,,4242484457.83545,463608.995457385
159205,03153,Niedersachsen,,,2023,,03153,GOSLAR,8330,,62.14,,80947,,603.86,,96,,5036,,2735,,599,,8466,,63.16,,14531,,97743,,729.15,,8117,,74,,139,,3552,,10418,,1332,,51,,504,,1847,,384,,2538755734.90088,378421.78438576
159206,03154,Niedersachsen,,,2023,,03154,HELMSTEDT,6352,,69.51,,57120,,625.09,,141,,2957,,2403,,428,,5929,,64.88,,11413,,69401,,759.49,,6186,,59,,107,,2529,,6050,,1153,,33,,171,,1887,,345,,1800618190.11963,377674.521068477
159207,03103,Niedersachsen,,,2024,,03103,"WOLFSBURG,STADT",6200,,49.22,,124762,,990.48,,140,,3389,,1003,,458,,4990,,39.62,,7293,,135952,,1079.32,,6010,,110,,80,,3642,,15264,,2267,,52,,55,,810,,138,,549838822.406738,149842.191974865
159208,03151,Niedersachsen,,,2024,,03151,GIFHORN,13100,,72.68,,111624,,619.34,,166,,6624,,6892,,794,,14476,,80.32,,27774,,139200,,772.34,,12677,,178,,245,,4904,,13287,,2722,,40,,297,,5407,,1188,,4242484457.83545,463608.995457385
159209,03153,Niedersachsen,,,2024,,03153,GOSLAR,8466,,62.86,,80872,,600.51,,96,,5149,,2708,,609,,8562,,63.58,,14757,,97900,,726.95,,8250,,87,,129,,3569,,10738,,1426,,49,,433,,1892,,383,,2538755734.90088,378421.78438576
159210,03102,Niedersachsen,,,2025,,03102,"SALZGITTER,STADT",4545,,43.27,,57230,,544.85,,111,,3173,,1075,,317,,4676,,44.52,,8684,,66451,,632.63,,4412,,58,,75,,2316,,6646,,821,,38,,314,,639,,122,,596584652.954102,178143.781013022
159211,03103,Niedersachsen,,,2025,,03103,"WOLFSBURG,STADT",6224,,48.91,,123849,,973.23,,142,,3729,,975,,436,,5282,,41.51,,7347,,135355,,1063.64,,6050,,99,,75,,3535,,16085,,2182,,56,,52,,800,,123,,549838822.406738,149842.191974865
159212,03151,Niedersachsen,,,2025,,03151,GIFHORN,13038,,72.16,,112476,,622.52,,158,,6724,,6996,,819,,14697,,81.34,,28207,,140211,,776.02,,12618,,178,,242,,4909,,13819,,2978,,41,,302,,5521,,1173,,4242484457.83545,463608.995457385
159213,03153,Niedersachsen,,,2025,,03153,GOSLAR,8459,,62.9,,81030,,602.52,,101,,5148,,2716,,608,,8573,,63.75,,14946,,98062,,729.17,,8236,,89,,134,,3530,,11096,,1517,,55,,419,,1920,,377,,2538755734.90088,378421.78438576
159214,03155,Niedersachsen,,,2022,,03155,NORTHEIM,9634,,73.11,,89214,,677.03,,102,,5461,,6451,,729,,12743,,96.7,,17366,,111591,,846.85,,9267,,60,,307,,3695,,10415,,1327,,46,,359,,4874,,1218,,3306409503.4834,369418.159433528
159215,03157,Niedersachsen,,,2022,,03157,PEINE,9061,,66.7,,86516,,636.88,,124,,4518,,3194,,515,,8351,,61.47,,16936,,103928,,765.05,,8798,,132,,131,,3988,,8638,,1338,,33,,349,,2343,,502,,1431423147.18896,244457.373027173
159216,03158,Niedersachsen,,,2022,,03158,WOLFENBUETTEL,8306,,69.59,,76168,,638.13,,106,,3848,,2582,,441,,6977,,58.45,,13379,,91451,,766.17,,8100,,71,,135,,3837,,7643,,1366,,19,,180,,1961,,441,,1918014175.8125,350958.536349109
159217,03159,Niedersachsen,,,2022,,03159,GOETTINGEN,17514,,54.07,,185968,,574.15,,308,,11997,,9986,,1371,,23662,,73.05,,35156,,227144,,701.28,,16903,,152,,459,,8183,,22127,,3145,,131,,1603,,6735,,1648,,4534312345.11328,619618.056129667
159218,03155,Niedersachsen,,,2023,,03155,NORTHEIM,9777,,74.2,,89362,,678.19,,111,,5589,,6544,,765,,13009,,98.73,,17888,,112148,,851.12,,9413,,67,,297,,3673,,10733,,1431,,50,,359,,4988,,1197,,3306409503.4834,369418.159433528
159219,03157,Niedersachsen,,,2023,,03157,PEINE,9208,,67.23,,86831,,633.99,,123,,4633,,3316,,522,,8594,,62.75,,17523,,104633,,763.97,,8939,,138,,131,,3986,,8999,,1437,,33,,417,,2395,,504,,1431423147.18896,244457.373027173
159220,03158,Niedersachsen,,,2023,,03158,WOLFENBUETTEL,8478,,71.11,,76307,,640.03,,125,,4029,,2661,,451,,7266,,60.94,,13795,,92051,,772.08,,8259,,85,,134,,3796,,7902,,1441,,20,,190,,2037,,434,,1918014175.8125,350958.536349109
159221,03154,Niedersachsen,,,2024,,03154,HELMSTEDT,6402,,69.23,,57307,,619.74,,138,,3043,,2473,,452,,6106,,66.03,,11665,,69815,,755,,6231,,69,,102,,2495,,6238,,1236,,33,,209,,1913,,351,,1800618190.11963,377674.521068477
159222,03155,Niedersachsen,,,2024,,03155,NORTHEIM,9700,,72.79,,89949,,675,,119,,5812,,6621,,797,,13349,,100.17,,18398,,112998,,847.96,,9355,,71,,274,,3659,,11204,,1543,,53,,377,,5090,,1154,,3306409503.4834,369418.159433528
159223,03157,Niedersachsen,,,2024,,03157,PEINE,9266,,66.69,,87413,,629.18,,132,,4813,,3327,,530,,8802,,63.36,,17925,,105481,,759.23,,8993,,139,,134,,4005,,9461,,1572,,32,,419,,2413,,495,,1431423147.18896,244457.373027173
159224,03158,Niedersachsen,,,2024,,03158,WOLFENBUETTEL,8584,,71.22,,76758,,636.83,,123,,4095,,2733,,472,,7423,,61.59,,14113,,92765,,769.64,,8380,,75,,129,,3724,,8167,,1552,,22,,236,,2074,,423,,1918014175.8125,350958.536349109
159225,03154,Niedersachsen,,,2025,,03154,HELMSTEDT,6453,,70.05,,57636,,625.64,,135,,3166,,2536,,449,,6286,,68.23,,11865,,70375,,763.92,,6275,,79,,99,,2452,,6427,,1333,,33,,255,,1929,,352,,1800618190.11963,377674.521068477
159226,03155,Niedersachsen,,,2025,,03155,NORTHEIM,9634,,72.47,,89770,,675.27,,141,,5953,,6681,,803,,13578,,102.14,,18721,,112982,,849.88,,9282,,82,,270,,3615,,11555,,1650,,56,,381,,5191,,1109,,3306409503.4834,369418.159433528
159227,03157,Niedersachsen,,,2025,,03157,PEINE,9411,,67.62,,88023,,632.49,,145,,5087,,3397,,554,,9183,,65.98,,18226,,106617,,766.09,,9142,,134,,135,,3919,,9886,,1710,,31,,418,,2490,,489,,1431423147.18896,244457.373027173
159228,03158,Niedersachsen,,,2025,,03158,WOLFENBUETTEL,8571,,70.98,,76948,,637.22,,124,,4212,,2769,,503,,7608,,63,,14386,,93127,,771.21,,8377,,76,,118,,3681,,8487,,1683,,21,,261,,2090,,418,,1918014175.8125,350958.536349109
159229,03241,Niedersachsen,,,2022,,03241,HANNOVER,52416,,45.37,,595333,,515.29,,923,,40448,,13015,,4498,,58884,,50.97,,87430,,706633,,611.63,,51197,,541,,678,,28842,,67676,,9371,,396,,2597,,8600,,1818,,6166658614.23438,621459.821516887
159230,03251,Niedersachsen,,,2022,,03251,DIEPHOLZ,13822,,63.38,,144341,,661.9,,210,,11018,,12332,,1183,,24743,,113.46,,38445,,182906,,838.74,,13388,,90,,344,,6324,,16494,,2470,,61,,2082,,8487,,1763,,5419396534.94922,509501.892042965
159231,03252,Niedersachsen,,,2022,,03252,HAMELN-PYRMONT,8947,,60.22,,93844,,631.61,,147,,5348,,3722,,588,,9805,,65.99,,17822,,112596,,757.81,,8664,,74,,209,,4601,,10521,,1479,,62,,222,,2725,,775,,2110233011.63135,341507.674750482
159232,03159,Niedersachsen,,,2023,,03159,GOETTINGEN,17710,,54.72,,186011,,574.71,,354,,12016,,9619,,1443,,23432,,72.4,,32999,,227153,,701.82,,17106,,162,,442,,8107,,22909,,3378,,129,,1083,,6887,,1649,,4534312345.11328,619618.056129667
159233,03241,Niedersachsen,,,2023,,03241,HANNOVER,53299,,46.05,,595382,,514.35,,998,,41225,,13229,,4656,,60108,,51.93,,89538,,708789,,612.32,,52081,,574,,644,,28449,,70235,,10196,,404,,2675,,8748,,1806,,6166658614.23438,621459.821516887
159234,03251,Niedersachsen,,,2023,,03251,DIEPHOLZ,14223,,64.99,,144969,,662.45,,217,,11304,,12648,,1257,,25426,,116.19,,39831,,184618,,843.62,,13783,,107,,333,,6241,,17114,,2682,,65,,2326,,8615,,1707,,5419396534.94922,509501.892042965
159235,03252,Niedersachsen,,,2023,,03252,HAMELN-PYRMONT,9044,,60.71,,93961,,630.77,,159,,5483,,3791,,596,,10029,,67.33,,18206,,113034,,758.81,,8771,,83,,190,,4553,,10827,,1599,,62,,212,,2798,,781,,2110233011.63135,341507.674750482
159236,03159,Niedersachsen,,,2024,,03159,GOETTINGEN,17744,,54.02,,186314,,567.24,,305,,12189,,9547,,1423,,23464,,71.44,,32051,,227522,,692.7,,17152,,170,,422,,8048,,23930,,3578,,136,,833,,7089,,1625,,4534312345.11328,619618.056129667
159237,03241,Niedersachsen,,,2024,,03241,HANNOVER,53931,,45.94,,598580,,509.91,,1030,,42709,,13531,,4990,,62260,,53.04,,91155,,714771,,608.89,,52715,,604,,612,,28121,,73645,,11055,,380,,2760,,8978,,1793,,6166658614.23438,621459.821516887
159238,03251,Niedersachsen,,,2024,,03251,DIEPHOLZ,14487,,65.02,,146202,,656.16,,206,,11576,,12817,,1291,,25890,,116.19,,40700,,186579,,837.37,,14061,,117,,309,,6243,,17942,,2896,,59,,2397,,8747,,1673,,5419396534.94922,509501.892042965
159239,03252,Niedersachsen,,,2024,,03252,HAMELN-PYRMONT,9224,,61.23,,94244,,625.62,,176,,5627,,3878,,608,,10289,,68.3,,18427,,113757,,755.16,,8955,,85,,184,,4444,,11287,,1718,,64,,222,,2866,,790,,2110233011.63135,341507.674750482
159240,03159,Niedersachsen,,,2025,,03159,GOETTINGEN,17861,,54.3,,186631,,567.35,,297,,12291,,9675,,1432,,23695,,72.03,,32499,,228187,,693.68,,17293,,178,,390,,7879,,24848,,3898,,135,,829,,7239,,1607,,4534312345.11328,619618.056129667
159241,03241,Niedersachsen,,,2025,,03241,HANNOVER,54366,,46.16,,601997,,511.17,,977,,43828,,13530,,5211,,63546,,53.96,,92216,,719909,,611.3,,53138,,624,,604,,27630,,77023,,11823,,388,,2664,,9097,,1769,,6166658614.23438,621459.821516887
159242,03251,Niedersachsen,,,2025,,03251,DIEPHOLZ,14620,,65.32,,147483,,658.9,,199,,11834,,12888,,1309,,26230,,117.19,,41433,,188333,,841.4,,14214,,116,,290,,6214,,18931,,3183,,63,,2376,,8870,,1642,,5419396534.94922,509501.892042965
159243,03252,Niedersachsen,,,2025,,03252,HAMELN-PYRMONT,9256,,61.55,,94665,,629.52,,192,,5756,,3910,,641,,10499,,69.82,,18756,,114420,,760.89,,8991,,88,,177,,4345,,11722,,1907,,65,,218,,2907,,785,,2110233011.63135,341507.674750482
159244,03254,Niedersachsen,,,2022,,03254,HILDESHEIM,15346,,55.71,,163474,,593.45,,277,,9413,,5885,,1067,,16642,,60.41,,25914,,195462,,709.57,,14950,,147,,249,,7296,,17010,,2413,,21,,536,,4288,,1061,,3194147082.61523,408553.042702441
159245,03255,Niedersachsen,,,2022,,03255,HOLZMINDEN,4445,,63.31,,45514,,648.28,,63,,2663,,2915,,411,,6052,,86.2,,10366,,56011,,797.8,,4260,,44,,141,,1998,,5605,,769,,26,,246,,1967,,702,,1819581852.99316,306097.334198576
159246,03256,Niedersachsen,,,2022,,03256,NIENBURG(WESER),7960,,65.44,,79099,,650.24,,270,,6168,,8027,,840,,15305,,125.82,,24393,,102364,,841.5,,7626,,77,,257,,2826,,9151,,1322,,48,,969,,5775,,1283,,3792488307.46533,522792.479850672
159247,03257,Niedersachsen,,,2022,,03257,SCHAUMBURG,9780,,61.74,,103722,,654.79,,142,,5731,,4235,,708,,10816,,68.28,,22034,,124318,,784.81,,9522,,84,,174,,5068,,11066,,1635,,45,,503,,2899,,833,,1804839037.50977,337020.148968731
159248,03254,Niedersachsen,,,2023,,03254,HILDESHEIM,15611,,56.81,,163581,,595.33,,265,,9652,,5966,,1421,,17304,,62.98,,26577,,196496,,715.12,,15205,,162,,244,,7177,,17502,,2593,,23,,525,,4375,,1066,,3194147082.61523,408553.042702441
159249,03255,Niedersachsen,,,2023,,03255,HOLZMINDEN,4554,,65.19,,45584,,652.49,,65,,2795,,2944,,430,,6234,,89.23,,10688,,56372,,806.91,,4371,,43,,140,,2008,,5781,,804,,26,,252,,2002,,690,,1819581852.99316,306097.334198576
159250,03256,Niedersachsen,,,2023,,03256,NIENBURG(WESER),8137,,66.82,,79539,,653.17,,260,,6360,,8143,,873,,15636,,128.4,,25018,,103312,,848.4,,7812,,85,,240,,2859,,9469,,1425,,51,,992,,5872,,1279,,3792488307.46533,522792.479850672
159251,03257,Niedersachsen,,,2023,,03257,SCHAUMBURG,10039,,63.49,,104081,,658.29,,145,,5913,,4341,,738,,11137,,70.44,,22509,,125257,,792.22,,9786,,90,,163,,5067,,11441,,1813,,47,,518,,2992,,831,,1804839037.50977,337020.148968731
159252,03254,Niedersachsen,,,2024,,03254,HILDESHEIM,15692,,56.37,,164325,,590.31,,268,,9921,,6009,,1096,,17294,,62.13,,27131,,197311,,708.81,,15292,,171,,229,,7078,,18264,,2819,,24,,525,,4410,,1074,,3194147082.61523,408553.042702441
159253,03255,Niedersachsen,,,2024,,03255,HOLZMINDEN,4615,,65.08,,45839,,646.43,,73,,2946,,3007,,450,,6476,,91.33,,10820,,56930,,802.84,,4441,,44,,130,,1975,,6004,,868,,24,,267,,2063,,677,,1819581852.99316,306097.334198576
159254,03256,Niedersachsen,,,2024,,03256,NIENBURG(WESER),8249,,66.81,,80057,,648.4,,273,,6490,,8262,,899,,15924,,128.97,,25484,,104230,,844.18,,7930,,80,,239,,2847,,9858,,1530,,52,,979,,6022,,1261,,3792488307.46533,522792.479850672
159255,03257,Niedersachsen,,,2024,,03257,SCHAUMBURG,10198,,63.75,,104603,,653.93,,135,,6217,,4444,,757,,11553,,72.22,,22917,,126354,,789.91,,9958,,94,,146,,5030,,11811,,1976,,46,,606,,3027,,811,,1804839037.50977,337020.148968731
159256,03254,Niedersachsen,,,2025,,03254,HILDESHEIM,15781,,56.65,,165021,,592.38,,274,,10268,,6100,,1141,,17783,,63.84,,27629,,198585,,712.87,,15391,,180,,210,,6982,,19191,,3046,,23,,549,,4489,,1062,,3194147082.61523,408553.042702441
159257,03255,Niedersachsen,,,2025,,03255,HOLZMINDEN,4677,,66.15,,46037,,651.1,,78,,3000,,3011,,446,,6535,,92.42,,10974,,57249,,809.68,,4499,,49,,129,,1957,,6191,,956,,24,,249,,2102,,660,,1819581852.99316,306097.334198576
159258,03256,Niedersachsen,,,2025,,03256,NIENBURG(WESER),8270,,66.75,,80490,,649.7,,275,,6740,,8290,,902,,16207,,130.82,,25816,,104967,,847.27,,7952,,89,,229,,2803,,10305,,1637,,55,,981,,6069,,1240,,3792488307.46533,522792.479850672
159259,03351,Niedersachsen,,,2022,,03351,CELLE,11371,,63.39,,111909,,623.84,,142,,7924,,5291,,993,,14350,,80,,27644,,137630,,767.23,,10977,,88,,306,,4606,,12879,,2114,,55,,386,,4274,,631,,4217859945.59473,405928.920088879
159260,03352,Niedersachsen,,,2022,,03352,CUXHAVEN,12866,,64.71,,128348,,645.53,,135,,8794,,10426,,1041,,20396,,102.58,,33606,,161610,,812.82,,12368,,86,,412,,5065,,13778,,2623,,60,,435,,8873,,1118,,5839410487.43018,519137.184237723
159261,03353,Niedersachsen,,,2022,,03353,HARBURG,17389,,67.92,,170339,,665.35,,102,,11432,,7901,,1064,,20499,,80.07,,37891,,208227,,813.34,,16890,,163,,336,,9671,,22044,,4482,,44,,1051,,5757,,1093,,3493318329.87793,429287.664741286
159262,03354,Niedersachsen,,,2022,,03354,LUECHOW-DANNENBERG,3641,,75.07,,31515,,649.75,,120,,2541,,4207,,345,,7213,,148.71,,11783,,42369,,873.53,,3458,,34,,149,,1147,,3763,,847,,15,,172,,3327,,708,,3383437374.73535,378206.999629786
159263,03351,Niedersachsen,,,2023,,03351,CELLE,11686,,64.95,,112327,,624.33,,141,,8071,,5391,,1024,,14627,,81.3,,28383,,138640,,770.59,,11262,,112,,312,,4640,,13305,,2311,,54,,401,,4370,,620,,4217859945.59473,405928.920088879
159264,03352,Niedersachsen,,,2023,,03352,CUXHAVEN,13025,,65.25,,128299,,642.77,,117,,9097,,10600,,1066,,20880,,104.61,,34470,,162204,,812.63,,12542,,92,,391,,5068,,14121,,2875,,60,,420,,9071,,1109,,5839410487.43018,519137.184237723
159265,03353,Niedersachsen,,,2023,,03353,HARBURG,17696,,68.71,,170824,,663.27,,100,,11777,,8036,,1108,,21021,,81.62,,39418,,209541,,813.6,,17190,,185,,321,,9641,,22743,,4873,,48,,1058,,5903,,1075,,3493318329.87793,429287.664741286
159266,03354,Niedersachsen,,,2023,,03354,LUECHOW-DANNENBERG,3719,,76.72,,31531,,650.5,,125,,2610,,4286,,349,,7370,,152.05,,12211,,42620,,879.27,,3548,,37,,134,,1110,,3837,,928,,14,,179,,3413,,694,,3383437374.73535,378206.999629786
159267,03351,Niedersachsen,,,2024,,03351,CELLE,11708,,64.33,,113078,,621.33,,150,,8358,,5431,,1049,,14988,,82.35,,28979,,139774,,768.01,,11301,,111,,296,,4639,,13806,,2478,,56,,410,,4411,,610,,4217859945.59473,405928.920088879
159268,03352,Niedersachsen,,,2024,,03352,CUXHAVEN,13257,,65.82,,128846,,639.71,,111,,9375,,10789,,1083,,21358,,106.04,,35366,,163461,,811.57,,12789,,101,,367,,5049,,14744,,3143,,60,,449,,9220,,1120,,5839410487.43018,519137.184237723
159269,03353,Niedersachsen,,,2024,,03353,HARBURG,17965,,68.6,,172406,,658.31,,110,,12131,,8112,,1127,,21480,,82.02,,40418,,211851,,808.93,,17484,,187,,294,,9636,,23570,,5187,,46,,1067,,6000,,1045,,3493318329.87793,429287.664741286
159270,03257,Niedersachsen,,,2025,,03257,SCHAUMBURG,10300,,64.28,,105110,,655.97,,135,,6419,,4446,,776,,11776,,73.49,,23223,,127186,,793.74,,10059,,102,,139,,4990,,12287,,2179,,44,,571,,3077,,798,,1804839037.50977,337020.148968731
159271,03351,Niedersachsen,,,2025,,03351,CELLE,11754,,64.46,,114035,,625.36,,141,,8534,,5579,,1021,,15275,,83.77,,29516,,141064,,773.58,,11378,,108,,268,,4620,,14314,,2697,,59,,435,,4539,,605,,4217859945.59473,405928.920088879
159272,03352,Niedersachsen,,,2025,,03352,CUXHAVEN,13443,,66.6,,129593,,642.06,,106,,9676,,10820,,1109,,21711,,107.57,,36078,,164747,,816.23,,12977,,106,,360,,5037,,15422,,3396,,70,,457,,9269,,1094,,5839410487.43018,519137.184237723
159273,03353,Niedersachsen,,,2025,,03353,HARBURG,18274,,69.32,,172996,,656.24,,110,,12319,,8192,,1165,,21786,,82.64,,40737,,213056,,808.21,,17820,,180,,274,,9564,,24329,,5540,,48,,1114,,6051,,1027,,3493318329.87793,429287.664741286
159274,03355,Niedersachsen,,,2022,,03355,LUENEBURG,10075,,54.69,,106793,,579.66,,206,,7081,,4476,,972,,12735,,69.12,,22859,,129603,,703.47,,9820,,79,,176,,4955,,11612,,2769,,34,,488,,3494,,494,,3697765080.12207,531421.421090609
159275,03356,Niedersachsen,,,2022,,03356,OSTERHOLZ,6935,,60.49,,74452,,649.44,,142,,4428,,4136,,567,,9273,,80.89,,16450,,90660,,790.82,,6714,,70,,151,,3532,,7721,,1585,,20,,148,,3536,,452,,1821475178.51855,300130.990211011
159276,03357,Niedersachsen,,,2022,,03357,ROTENBURG(WUEMME),11236,,68.31,,115795,,703.98,,145,,10850,,12011,,1185,,24191,,147.07,,35189,,151222,,919.36,,10816,,77,,343,,4142,,13116,,2273,,56,,1581,,9139,,1291,,5782200619.01465,590411.837588763
159277,03358,Niedersachsen,,,2022,,03358,HEIDEKREIS,9245,,65.62,,90186,,640.14,,145,,6915,,6721,,856,,14637,,103.89,,24007,,114068,,809.65,,8895,,82,,268,,3316,,10630,,1791,,53,,482,,5260,,979,,5169039028.27881,605248.824343015
159278,03355,Niedersachsen,,,2023,,03355,LUENEBURG,10360,,55.96,,107484,,580.59,,205,,7400,,4580,,1035,,13220,,71.41,,23404,,131064,,707.96,,10114,,84,,162,,4953,,12018,,2986,,38,,511,,3565,,504,,3697765080.12207,531421.421090609
159279,03356,Niedersachsen,,,2023,,03356,OSTERHOLZ,6991,,60.76,,74478,,647.33,,144,,4591,,4223,,610,,9568,,83.16,,16904,,91037,,791.25,,6776,,79,,136,,3522,,7996,,1700,,20,,155,,3617,,451,,1821475178.51855,300130.990211011
159280,03357,Niedersachsen,,,2023,,03357,ROTENBURG(WUEMME),11492,,69.65,,118963,,720.98,,148,,11478,,12074,,1209,,24909,,150.96,,35549,,155364,,941.59,,11078,,85,,329,,4155,,14052,,2417,,63,,1456,,9326,,1292,,5782200619.01465,590411.837588763
159281,03354,Niedersachsen,,,2024,,03354,LUECHOW-DANNENBERG,3756,,76.38,,31794,,646.51,,117,,2686,,4311,,354,,7468,,151.86,,12546,,43018,,874.74,,3591,,38,,127,,1079,,3951,,1010,,15,,171,,3464,,676,,3383437374.73535,378206.999629786
159282,03355,Niedersachsen,,,2024,,03355,LUENEBURG,11624,,61.98,,108062,,576.17,,207,,7692,,4654,,1100,,13653,,72.8,,23805,,133339,,710.94,,11373,,88,,163,,4940,,12582,,3271,,40,,515,,3643,,496,,3697765080.12207,531421.421090609
159283,03356,Niedersachsen,,,2024,,03356,OSTERHOLZ,7003,,60.09,,74994,,643.44,,170,,4696,,4259,,654,,9779,,83.9,,17253,,91776,,787.43,,6788,,84,,131,,3466,,8354,,1847,,20,,157,,3658,,444,,1821475178.51855,300130.990211011
159284,03357,Niedersachsen,,,2024,,03357,ROTENBURG(WUEMME),11634,,69.41,,120788,,720.67,,153,,12098,,11914,,1274,,25439,,151.78,,35837,,157861,,941.87,,11240,,81,,313,,4101,,14486,,2599,,65,,1096,,9549,,1269,,5782200619.01465,590411.837588763
159285,03354,Niedersachsen,,,2025,,03354,LUECHOW-DANNENBERG,3777,,76.75,,32135,,653.03,,131,,2739,,4308,,366,,7544,,153.31,,12649,,43456,,883.09,,3610,,38,,129,,1062,,4074,,1132,,17,,157,,3484,,667,,3383437374.73535,378206.999629786
159286,03355,Niedersachsen,,,2025,,03355,LUENEBURG,11620,,61.53,,108895,,576.59,,201,,7869,,4597,,1116,,13783,,72.98,,24084,,134298,,711.1,,11379,,88,,153,,4886,,12963,,3506,,45,,454,,3658,,485,,3697765080.12207,531421.421090609
159287,03356,Niedersachsen,,,2025,,03356,OSTERHOLZ,7084,,60.81,,75457,,647.77,,166,,4879,,4295,,720,,10060,,86.36,,17556,,92601,,794.95,,6866,,91,,127,,3411,,8809,,2011,,21,,154,,3701,,440,,1821475178.51855,300130.990211011
159288,03357,Niedersachsen,,,2025,,03357,ROTENBURG(WUEMME),11670,,69.28,,120916,,717.8,,158,,12488,,11868,,1304,,25818,,153.26,,36450,,158404,,940.34,,11292,,90,,288,,4080,,15119,,2790,,64,,1010,,9620,,1238,,5782200619.01465,590411.837588763
159289,03359,Niedersachsen,,,2022,,03359,STADE,11440,,55.71,,128133,,623.95,,342,,8900,,10222,,899,,20363,,99.16,,30979,,159936,,778.82,,11058,,80,,302,,5766,,14638,,2975,,44,,983,,8084,,1155,,3594287830.61719,446573.068820083
159290,03360,Niedersachsen,,,2022,,03360,UELZEN,6069,,65.56,,57962,,626.17,,50,,3973,,4290,,561,,8874,,95.87,,16153,,72905,,787.6,,5858,,38,,173,,2310,,6425,,1119,,31,,269,,3581,,440,,4026792940.13428,366172.862216853
159291,03361,Niedersachsen,,,2022,,03361,VERDEN,7984,,58.03,,88298,,641.82,,80,,6154,,5251,,596,,12081,,87.81,,21546,,108363,,787.67,,7731,,75,,178,,4101,,10262,,1629,,33,,665,,3787,,799,,2172014919.45752,372950.86273426
159292,03358,Niedersachsen,,,2023,,03358,HEIDEKREIS,9452,,66.14,,90463,,633,,136,,7127,,6814,,896,,14973,,104.77,,24592,,114888,,803.91,,9106,,91,,255,,3319,,11036,,1950,,50,,493,,5351,,970,,5169039028.27881,605248.824343015
159293,03359,Niedersachsen,,,2023,,03359,STADE,11692,,56.62,,128472,,622.15,,371,,9086,,10415,,913,,20785,,100.66,,31594,,160949,,779.43,,11309,,94,,289,,5676,,15148,,3203,,43,,1013,,8275,,1127,,3594287830.61719,446573.068820083
159294,03360,Niedersachsen,,,2023,,03360,UELZEN,6141,,66.11,,58345,,628.08,,46,,4075,,4353,,565,,9039,,97.3,,16540,,73525,,791.49,,5928,,46,,167,,2307,,6585,,1195,,31,,260,,3658,,435,,4026792940.13428,366172.862216853
159295,03361,Niedersachsen,,,2023,,03361,VERDEN,8184,,59.09,,88683,,640.28,,83,,6351,,5306,,640,,12380,,89.38,,22174,,109247,,788.75,,7933,,86,,165,,4114,,10577,,1807,,33,,672,,3844,,790,,2172014919.45752,372950.86273426
159296,03358,Niedersachsen,,,2024,,03358,HEIDEKREIS,9630,,66.23,,90978,,625.73,,132,,7365,,6926,,907,,15330,,105.44,,25168,,115938,,797.41,,9278,,103,,249,,3335,,11466,,2075,,50,,497,,5471,,958,,5169039028.27881,605248.824343015
159297,03359,Niedersachsen,,,2024,,03359,STADE,11964,,56.89,,129373,,615.17,,384,,9284,,10475,,936,,21079,,100.23,,32095,,162416,,772.28,,11598,,94,,272,,5626,,15888,,3410,,43,,1020,,8342,,1113,,3594287830.61719,446573.068820083
159298,03360,Niedersachsen,,,2024,,03360,UELZEN,6160,,65.28,,58570,,620.69,,45,,4188,,4446,,581,,9260,,98.13,,16898,,73990,,784.11,,5971,,42,,147,,2317,,6912,,1284,,35,,254,,3758,,434,,4026792940.13428,366172.862216853
159299,03361,Niedersachsen,,,2024,,03361,VERDEN,8210,,58.26,,89382,,634.31,,83,,6636,,5411,,657,,12787,,90.74,,22702,,110379,,783.31,,7962,,99,,149,,4080,,11163,,1976,,35,,703,,3924,,784,,2172014919.45752,372950.86273426
159300,03358,Niedersachsen,,,2025,,03358,HEIDEKREIS,9766,,68.19,,91825,,641.15,,114,,7548,,6977,,949,,15588,,108.84,,25637,,117179,,818.17,,9431,,112,,223,,3362,,11973,,2251,,60,,501,,5533,,943,,5169039028.27881,605248.824343015
159301,03359,Niedersachsen,,,2025,,03359,STADE,12061,,57.03,,130194,,615.67,,439,,9499,,10493,,948,,21379,,101.1,,32497,,163634,,773.8,,11704,,106,,251,,5509,,16687,,3655,,48,,1012,,8393,,1088,,3594287830.61719,446573.068820083
159302,03360,Niedersachsen,,,2025,,03360,UELZEN,6134,,64.51,,58925,,619.69,,46,,4288,,4484,,585,,9403,,98.89,,17149,,74462,,783.09,,5941,,49,,144,,2293,,7170,,1404,,37,,249,,3817,,418,,4026792940.13428,366172.862216853
159303,03361,Niedersachsen,,,2025,,03361,VERDEN,8249,,58.36,,90087,,637.34,,83,,6796,,5431,,667,,12977,,91.81,,23012,,111313,,787.5,,8009,,93,,147,,4049,,11698,,2131,,33,,661,,4000,,770,,2172014919.45752,372950.86273426
159304,03401,Niedersachsen,,,2022,,03401,"DELMENHORST,STADT",3126,,40.33,,43018,,555.05,,58,,2402,,607,,171,,3238,,41.78,,5939,,49382,,637.16,,3049,,29,,48,,1626,,3779,,605,,17,,253,,304,,50,,172552569.934082,76887.5862886534
159305,03402,Niedersachsen,,,2022,,03402,"EMDEN,STADT",2258,,45.27,,25402,,509.32,,79,,1578,,494,,118,,2269,,45.49,,4388,,29929,,600.09,,2189,,20,,49,,860,,1949,,587,,20,,162,,298,,34,,313311135.143066,112257.142484081
159306,03403,Niedersachsen,,,2022,,03403,"OLDENBURG(OLDENB),STADT",6417,,37.83,,90672,,534.61,,135,,5409,,773,,444,,6761,,39.86,,11937,,103850,,612.31,,6322,,42,,53,,3799,,7918,,2042,,48,,225,,460,,88,,287808401.477051,86521.7414648566
159307,03404,Niedersachsen,,,2022,,03404,"OSNABRUECK,STADT",5904,,35.95,,87279,,531.47,,169,,6400,,1444,,661,,8674,,52.82,,10332,,101857,,620.24,,5741,,62,,101,,4027,,8465,,1294,,72,,616,,720,,108,,320580038.942383,118386.277649404
159308,03401,Niedersachsen,,,2023,,03401,"DELMENHORST,STADT",3119,,40.23,,42955,,554.1,,58,,2521,,587,,184,,3350,,43.21,,6011,,49424,,637.55,,3046,,32,,41,,1602,,3986,,651,,15,,243,,298,,46,,172552569.934082,76887.5862886534
159309,03402,Niedersachsen,,,2023,,03402,"EMDEN,STADT",2293,,46.3,,25450,,513.9,,93,,1605,,500,,124,,2322,,46.89,,4492,,30065,,607.09,,2221,,21,,51,,866,,2027,,633,,19,,164,,305,,31,,313311135.143066,112257.142484081
159310,03403,Niedersachsen,,,2023,,03403,"OLDENBURG(OLDENB),STADT",6615,,38.82,,90544,,531.4,,136,,5472,,741,,461,,6810,,39.97,,12156,,103969,,610.19,,6515,,48,,52,,3686,,8377,,2179,,49,,188,,457,,96,,287808401.477051,86521.7414648566
159311,03404,Niedersachsen,,,2023,,03404,"OSNABRUECK,STADT",5935,,35.96,,87973,,533.06,,152,,6783,,1467,,714,,9116,,55.24,,10566,,103024,,624.26,,5788,,57,,90,,3978,,9060,,1383,,72,,624,,734,,109,,320580038.942383,118386.277649404
159312,03401,Niedersachsen,,,2024,,03401,"DELMENHORST,STADT",3170,,40.44,,43155,,550.55,,60,,2603,,556,,185,,3404,,43.43,,6068,,49729,,634.42,,3088,,36,,46,,1605,,4233,,680,,15,,195,,313,,48,,172552569.934082,76887.5862886534
159313,03402,Niedersachsen,,,2024,,03402,"EMDEN,STADT",2302,,45.55,,25562,,505.83,,97,,1633,,463,,132,,2325,,46.01,,4531,,30189,,597.39,,2231,,25,,46,,843,,2189,,677,,20,,132,,298,,33,,313311135.143066,112257.142484081
159314,03403,Niedersachsen,,,2024,,03403,"OLDENBURG(OLDENB),STADT",6650,,38.48,,91033,,526.72,,143,,5788,,765,,499,,7195,,41.63,,12212,,104878,,606.83,,6547,,52,,51,,3624,,8740,,2327,,50,,193,,478,,94,,287808401.477051,86521.7414648566
159315,03404,Niedersachsen,,,2024,,03404,"OSNABRUECK,STADT",6027,,36.01,,88940,,531.41,,150,,7166,,1476,,765,,9557,,57.1,,10777,,104524,,624.52,,5877,,62,,88,,3963,,9625,,1477,,79,,610,,760,,106,,320580038.942383,118386.277649404
159316,03401,Niedersachsen,,,2025,,03401,"DELMENHORST,STADT",3215,,40.71,,43450,,550.15,,61,,2667,,538,,199,,3465,,43.87,,6145,,50130,,634.73,,3133,,38,,44,,1583,,4571,,719,,17,,156,,333,,49,,172552569.934082,76887.5862886534
159317,03402,Niedersachsen,,,2025,,03402,"EMDEN,STADT",2289,,45.18,,25638,,506.09,,83,,1703,,468,,130,,2384,,47.06,,4598,,30311,,598.33,,2219,,28,,42,,807,,2253,,754,,22,,134,,304,,30,,313311135.143066,112257.142484081
159318,03403,Niedersachsen,,,2025,,03403,"OLDENBURG(OLDENB),STADT",6536,,37.43,,92548,,529.97,,151,,6029,,764,,528,,7472,,42.79,,12277,,106556,,610.19,,6433,,53,,50,,3556,,9087,,2482,,55,,180,,491,,93,,287808401.477051,86521.7414648566
159319,03405,Niedersachsen,,,2022,,03405,"WILHELMSHAVEN,STADT",3505,,46.62,,40541,,539.19,,60,,2771,,384,,218,,3433,,45.66,,5225,,47479,,631.46,,3444,,32,,29,,1601,,3197,,751,,14,,33,,313,,38,,306306366.15918,94626.3235717832
159320,03451,Niedersachsen,,,2022,,03451,AMMERLAND,7397,,58.87,,81947,,652.22,,148,,7685,,6329,,606,,14768,,117.54,,21032,,104112,,828.63,,7187,,56,,154,,3921,,8452,,1764,,35,,473,,5111,,745,,2032677451.23975,256770.099022775
159321,03452,Niedersachsen,,,2022,,03452,AURICH,12719,,66.88,,119751,,629.68,,221,,10265,,8713,,735,,19934,,104.82,,31105,,152404,,801.38,,12362,,120,,237,,4298,,10834,,3035,,54,,419,,6863,,1431,,3662900131.84375,604361.129010278
159322,03453,Niedersachsen,,,2022,,03453,CLOPPENBURG,8066,,46.72,,104725,,606.64,,169,,11272,,10385,,992,,22818,,132.18,,30140,,135609,,785.54,,7640,,72,,354,,3471,,13417,,1377,,43,,1290,,8324,,771,,3900414463.84326,378065.118412486
159323,03405,Niedersachsen,,,2023,,03405,"WILHELMSHAVEN,STADT",3628,,48.36,,40363,,537.98,,60,,2645,,393,,211,,3309,,44.1,,5390,,47300,,630.44,,3566,,34,,28,,1545,,3341,,764,,17,,38,,317,,38,,306306366.15918,94626.3235717832
159324,03451,Niedersachsen,,,2023,,03451,AMMERLAND,7460,,58.98,,82228,,650.15,,162,,7715,,6437,,619,,14933,,118.07,,21466,,104621,,827.21,,7254,,57,,149,,3903,,8772,,1855,,33,,497,,5205,,735,,2032677451.23975,256770.099022775
159325,03452,Niedersachsen,,,2023,,03452,AURICH,13058,,68.57,,120048,,630.42,,228,,10514,,8842,,755,,20339,,106.81,,31849,,153445,,805.8,,12691,,141,,226,,4314,,11254,,3297,,56,,409,,7018,,1415,,3662900131.84375,604361.129010278
159326,03453,Niedersachsen,,,2023,,03453,CLOPPENBURG,8338,,47.93,,106139,,610.06,,180,,11571,,10596,,1091,,23438,,134.72,,31113,,137915,,792.71,,7898,,91,,349,,3541,,14080,,1560,,45,,1348,,8477,,771,,3900414463.84326,378065.118412486
159327,03405,Niedersachsen,,,2024,,03405,"WILHELMSHAVEN,STADT",3682,,48.39,,40236,,528.8,,61,,2675,,388,,225,,3349,,44.01,,5472,,47267,,621.21,,3614,,43,,25,,1515,,3490,,840,,17,,41,,311,,36,,306306366.15918,94626.3235717832
159328,03451,Niedersachsen,,,2024,,03451,AMMERLAND,7546,,58.84,,82681,,644.67,,165,,7878,,6519,,621,,15183,,118.38,,21923,,105410,,821.89,,7338,,64,,144,,3880,,9162,,2021,,34,,536,,5254,,729,,2032677451.23975,256770.099022775
159329,03452,Niedersachsen,,,2024,,03452,AURICH,13237,,68.92,,121071,,630.34,,233,,10972,,8985,,774,,20964,,109.15,,32573,,155272,,808.41,,12873,,145,,219,,4257,,12013,,3525,,54,,393,,7167,,1425,,3662900131.84375,604361.129010278
159330,03404,Niedersachsen,,,2025,,03404,"OSNABRUECK,STADT",6080,,36.42,,89631,,536.84,,149,,7328,,1448,,769,,9694,,58.06,,10911,,105405,,631.32,,5935,,66,,79,,3878,,9967,,1601,,93,,588,,755,,105,,320580038.942383,118386.277649404
159331,03405,Niedersachsen,,,2025,,03405,"WILHELMSHAVEN,STADT",3727,,48.88,,40561,,531.97,,56,,2750,,374,,224,,3404,,44.64,,5558,,47692,,625.49,,3657,,42,,28,,1491,,3747,,875,,17,,33,,304,,37,,306306366.15918,94626.3235717832
159332,03451,Niedersachsen,,,2025,,03451,AMMERLAND,7600,,58.87,,83239,,644.72,,164,,8068,,6519,,640,,15391,,119.21,,22268,,106230,,822.8,,7397,,65,,138,,3856,,9631,,2160,,44,,557,,5296,,666,,2032677451.23975,256770.099022775
159333,03452,Niedersachsen,,,2025,,03452,AURICH,13302,,69.06,,121780,,632.27,,253,,11334,,9112,,797,,21496,,111.6,,33264,,156578,,812.94,,12962,,142,,198,,4210,,12550,,3784,,57,,418,,7284,,1410,,3662900131.84375,604361.129010278
159334,03454,Niedersachsen,,,2022,,03454,EMSLAND,17687,,53.77,,207753,,631.6,,336,,18692,,18649,,1719,,39396,,119.77,,64820,,264836,,805.14,,16917,,145,,625,,6712,,23342,,3511,,78,,2690,,14563,,1396,,7852932699.54346,495978.274189994
159335,03455,Niedersachsen,,,2022,,03455,FRIESLAND,6698,,67.68,,67519,,682.21,,36,,4155,,3464,,407,,8062,,81.46,,14861,,82279,,831.34,,6509,,70,,119,,3137,,6293,,1696,,38,,284,,2656,,524,,1746634048.1582,349416.652590045
159336,03456,Niedersachsen,,,2022,,03456,GRAFSCHAFT BENTHEIM,7121,,51.64,,87111,,631.74,,89,,7191,,6441,,646,,14367,,104.19,,22724,,108599,,787.57,,6860,,62,,199,,3047,,9940,,1719,,29,,720,,5104,,617,,2642679138.06396,318318.628619351
159337,03457,Niedersachsen,,,2022,,03457,LEER,10510,,61.29,,106268,,619.7,,142,,8221,,7055,,552,,15970,,93.13,,26203,,132748,,774.12,,10173,,111,,226,,3792,,9356,,2432,,32,,662,,5398,,995,,3037158303.25293,385335.565167408
159338,03454,Niedersachsen,,,2023,,03454,EMSLAND,18165,,54.81,,210022,,633.75,,375,,19558,,19044,,1710,,40687,,122.77,,66574,,268874,,811.34,,17417,,160,,588,,6710,,24294,,3803,,84,,2739,,14900,,1405,,7852932699.54346,495978.274189994
159339,03455,Niedersachsen,,,2023,,03455,FRIESLAND,6828,,68.99,,67562,,682.64,,42,,4272,,3516,,403,,8233,,83.19,,15277,,82623,,834.82,,6645,,68,,115,,3086,,6456,,1827,,38,,284,,2709,,523,,1746634048.1582,349416.652590045
159340,03456,Niedersachsen,,,2023,,03456,GRAFSCHAFT BENTHEIM,7386,,53.24,,87613,,631.57,,103,,7502,,6601,,653,,14859,,107.11,,23359,,109858,,791.93,,7139,,66,,181,,3079,,10412,,1835,,28,,765,,5211,,625,,2642679138.06396,318318.628619351
159341,03453,Niedersachsen,,,2024,,03453,CLOPPENBURG,8475,,47.69,,107599,,605.51,,183,,11869,,10785,,1128,,23965,,134.86,,31684,,140039,,788.06,,8034,,108,,333,,3604,,14760,,1723,,54,,1393,,8643,,749,,3900414463.84326,378065.118412486
159342,03454,Niedersachsen,,,2024,,03454,EMSLAND,18474,,54.65,,212442,,628.43,,368,,20398,,19506,,1794,,42066,,124.44,,68164,,272982,,807.51,,17742,,179,,553,,6670,,25504,,4192,,83,,2768,,15338,,1400,,7852932699.54346,495978.274189994
159343,03455,Niedersachsen,,,2024,,03455,FRIESLAND,6883,,68.64,,67916,,677.28,,47,,4430,,3511,,416,,8404,,83.81,,15447,,83203,,829.73,,6701,,69,,113,,3092,,6675,,1954,,36,,264,,2736,,511,,1746634048.1582,349416.652590045
159344,03456,Niedersachsen,,,2024,,03456,GRAFSCHAFT BENTHEIM,7455,,52.77,,88266,,624.81,,101,,7706,,6725,,666,,15198,,107.58,,23909,,110919,,785.16,,7215,,70,,170,,3065,,10917,,2004,,25,,788,,5323,,614,,2642679138.06396,318318.628619351
159345,03453,Niedersachsen,,,2025,,03453,CLOPPENBURG,8492,,47.56,,109012,,610.49,,192,,12088,,10832,,1115,,24227,,135.68,,32320,,141731,,793.73,,8084,,109,,299,,3569,,15523,,1849,,47,,1368,,8734,,730,,3900414463.84326,378065.118412486
159346,03454,Niedersachsen,,,2025,,03454,EMSLAND,18705,,54.97,,214915,,631.58,,405,,21006,,19712,,1852,,42975,,126.29,,69402,,276595,,812.85,,17990,,193,,522,,6605,,26863,,4558,,85,,2730,,15596,,1386,,7852932699.54346,495978.274189994
159347,03455,Niedersachsen,,,2025,,03455,FRIESLAND,6907,,68.64,,68163,,677.36,,37,,4532,,3500,,404,,8473,,84.2,,15667,,83543,,830.2,,6723,,70,,114,,3046,,7008,,2113,,32,,253,,2763,,484,,1746634048.1582,349416.652590045
159348,03456,Niedersachsen,,,2025,,03456,GRAFSCHAFT BENTHEIM,7506,,52.88,,89326,,629.3,,103,,7974,,6868,,698,,15643,,110.2,,24304,,112475,,792.38,,7267,,74,,165,,3044,,11455,,2193,,26,,897,,5364,,607,,2642679138.06396,318318.628619351
159349,03458,Niedersachsen,,,2022,,03458,OLDENBURG(OLDENBURG),8255,,62.79,,85831,,652.87,,65,,6345,,6663,,631,,13704,,104.24,,23264,,107790,,819.9,,8016,,54,,185,,3940,,9304,,1908,,33,,771,,4810,,1082,,2933580897.81445,328979.885916538
159350,03459,Niedersachsen,,,2022,,03459,OSNABRUECK,20934,,58.24,,235755,,655.84,,456,,17539,,16860,,1412,,36267,,100.89,,52461,,292956,,814.96,,20183,,180,,571,,9955,,25231,,3542,,67,,1729,,12860,,2271,,5683260366.08203,614420.513500094
159351,03460,Niedersachsen,,,2022,,03460,VECHTA,6944,,48.32,,90346,,628.72,,301,,8466,,7873,,837,,17477,,121.62,,23993,,114767,,798.67,,6655,,52,,237,,3255,,11389,,895,,36,,2085,,5079,,709,,2208232867.74512,288774.58451648
159352,03457,Niedersachsen,,,2023,,03457,LEER,10759,,62.4,,106570,,618.08,,144,,8468,,7184,,563,,16359,,94.88,,27049,,133688,,775.36,,10429,,115,,215,,3772,,9735,,2639,,33,,670,,5523,,991,,3037158303.25293,385335.565167408
159353,03458,Niedersachsen,,,2023,,03458,OLDENBURG(OLDENBURG),8395,,63.55,,86374,,653.9,,69,,6463,,6760,,632,,13924,,105.41,,23676,,108693,,822.86,,8147,,60,,188,,3978,,9647,,2116,,25,,797,,4890,,1073,,2933580897.81445,328979.885916538
159354,03459,Niedersachsen,,,2023,,03459,OSNABRUECK,21257,,58.79,,236397,,653.84,,467,,17975,,17133,,1455,,37030,,102.42,,54055,,294684,,815.06,,20526,,184,,547,,9912,,26204,,3877,,66,,1723,,13158,,2252,,5683260366.08203,614420.513500094
159355,03460,Niedersachsen,,,2023,,03460,VECHTA,7101,,49.04,,90929,,627.94,,318,,8696,,7974,,882,,17870,,123.41,,24702,,115900,,800.39,,6823,,58,,220,,3258,,11880,,971,,38,,2121,,5131,,722,,2208232867.74512,288774.58451648
159356,03457,Niedersachsen,,,2024,,03457,LEER,10972,,62.93,,107352,,615.73,,140,,8700,,7419,,598,,16857,,96.69,,27953,,135181,,775.35,,10658,,120,,194,,3746,,10317,,2849,,38,,738,,5696,,985,,3037158303.25293,385335.565167408
159357,03458,Niedersachsen,,,2024,,03458,OLDENBURG(OLDENBURG),8496,,63.44,,87011,,649.76,,67,,6573,,6862,,663,,14165,,105.78,,24190,,109672,,818.98,,8262,,70,,164,,3949,,10068,,2268,,26,,834,,4982,,1046,,2933580897.81445,328979.885916538
159358,03459,Niedersachsen,,,2024,,03459,OSNABRUECK,21395,,58.42,,237836,,649.43,,454,,18651,,17329,,1481,,37915,,103.53,,55179,,297146,,811.38,,20673,,202,,520,,9840,,27269,,4227,,67,,1768,,13328,,2233,,5683260366.08203,614420.513500094
159359,03460,Niedersachsen,,,2024,,03460,VECHTA,7076,,48.16,,92039,,626.44,,315,,8960,,8040,,947,,18262,,124.3,,25178,,117377,,798.9,,6820,,53,,203,,3284,,12489,,1075,,38,,2126,,5195,,719,,2208232867.74512,288774.58451648
159360,03457,Niedersachsen,,,2025,,03457,LEER,11033,,63.44,,108006,,621,,92,,8903,,7596,,607,,17198,,98.88,,28493,,136237,,783.31,,10725,,118,,190,,3637,,10770,,3021,,37,,794,,5841,,961,,3037158303.25293,385335.565167408
159361,03458,Niedersachsen,,,2025,,03458,OLDENBURG(OLDENBURG),8532,,63.38,,87520,,650.12,,63,,6737,,6849,,701,,14350,,106.6,,24537,,110402,,820.09,,8291,,73,,168,,3918,,10460,,2487,,25,,809,,5007,,1033,,2933580897.81445,328979.885916538
159362,03459,Niedersachsen,,,2025,,03459,OSNABRUECK,21610,,59.01,,239652,,654.38,,443,,19305,,17461,,1508,,38717,,105.72,,56387,,299979,,819.1,,20893,,206,,511,,9767,,28655,,4533,,58,,1731,,13531,,2199,,5683260366.08203,614420.513500094
159363,03460,Niedersachsen,,,2025,,03460,VECHTA,7160,,48.46,,93190,,630.72,,348,,9055,,8173,,918,,18494,,125.17,,25671,,118844,,804.35,,6912,,56,,192,,3285,,13163,,1189,,40,,2177,,5285,,711,,2208232867.74512,288774.58451648
159364,03461,Niedersachsen,,,2022,,03461,WESERMARSCH,4660,,52.64,,54440,,614.97,,129,,4195,,4333,,378,,9035,,102.06,,16605,,68135,,769.68,,4495,,56,,109,,2228,,5491,,1129,,28,,332,,3411,,590,,2319823706.70264,337938.34276784
159365,03462,Niedersachsen,,,2022,,03462,WITTMUND,3869,,67.42,,37278,,649.62,,76,,3181,,4088,,243,,7588,,132.23,,10560,,48735,,849.28,,3739,,32,,98,,1345,,3524,,802,,39,,108,,3318,,662,,1870731743.22949,399627.497362455
159366,04011,Bremen,,,2022,,04011,"BREMEN, STADT",17526,,30.93,,247291,,436.47,,370,,15992,,3043,,1877,,21282,,37.56,,30126,,286099,,504.96,,17164,,166,,196,,10134,,25568,,4362,,94,,1701,,1039,,303,,903963121.59082,254450.047655335
159367,04012,Bremen,,,2022,,04012,"BREMERHAVEN,STADT",3255,,28.66,,52039,,458.26,,100,,3696,,528,,292,,4616,,40.65,,6333,,59910,,527.58,,3175,,32,,48,,1758,,4517,,686,,44,,311,,194,,23,,266052451.265625,130589.134028122
159368,03461,Niedersachsen,,,2023,,03461,WESERMARSCH,4716,,53.33,,54494,,616.24,,130,,4510,,4445,,395,,9480,,107.2,,17133,,68690,,776.77,,4550,,59,,107,,2167,,5731,,1228,,26,,389,,3475,,581,,2319823706.70264,337938.34276784
159369,03462,Niedersachsen,,,2023,,03462,WITTMUND,3977,,69.22,,37301,,649.22,,76,,3237,,4162,,253,,7728,,134.51,,10828,,49006,,852.95,,3848,,38,,91,,1342,,3642,,872,,38,,98,,3404,,660,,1870731743.22949,399627.497362455
159370,04011,Bremen,,,2023,,04011,"BREMEN, STADT",17618,,31.28,,247326,,439.07,,406,,16498,,3205,,1954,,22063,,39.17,,30638,,287007,,509.52,,17259,,182,,177,,10077,,26957,,4714,,89,,1827,,1079,,299,,903963121.59082,254450.047655335
159371,04012,Bremen,,,2023,,04012,"BREMERHAVEN,STADT",3319,,29.33,,51997,,459.45,,97,,3760,,548,,294,,4699,,41.52,,6494,,60015,,530.29,,3242,,29,,48,,1724,,4781,,740,,45,,333,,191,,24,,266052451.265625,130589.134028122
159372,03461,Niedersachsen,,,2024,,03461,WESERMARSCH,4745,,52.98,,54644,,610.08,,134,,4694,,4586,,407,,9821,,109.65,,17777,,69210,,772.71,,4575,,65,,105,,2151,,5989,,1349,,26,,486,,3533,,567,,2319823706.70264,337938.34276784
159373,03462,Niedersachsen,,,2024,,03462,WITTMUND,4042,,69.26,,37613,,644.51,,79,,3339,,4255,,265,,7938,,136.02,,11121,,49593,,849.79,,3907,,41,,94,,1357,,3837,,940,,33,,110,,3478,,667,,1870731743.22949,399627.497362455
159374,04011,Bremen,,,2024,,04011,"BREMEN, STADT",17682,,31.05,,248315,,436.1,,397,,16942,,3274,,1953,,22566,,39.63,,30847,,288563,,506.79,,17304,,196,,182,,10013,,28808,,5021,,99,,1863,,1110,,301,,903963121.59082,254450.047655335
159375,04012,Bremen,,,2024,,04012,"BREMERHAVEN,STADT",3364,,29.13,,52362,,453.48,,105,,3801,,553,,303,,4762,,41.24,,6508,,60488,,523.85,,3280,,34,,50,,1709,,5124,,807,,41,,329,,200,,24,,266052451.265625,130589.134028122
159376,03461,Niedersachsen,,,2025,,03461,WESERMARSCH,4802,,53.5,,55206,,615.03,,137,,4852,,4645,,420,,10054,,112.01,,18238,,70062,,780.54,,4648,,62,,92,,2095,,6418,,1436,,25,,543,,3564,,538,,2319823706.70264,337938.34276784
159377,03462,Niedersachsen,,,2025,,03462,WITTMUND,4113,,70.43,,37944,,649.77,,88,,3455,,4304,,266,,8113,,138.93,,11373,,50170,,859.13,,3989,,46,,78,,1373,,4031,,1027,,29,,108,,3541,,655,,1870731743.22949,399627.497362455
159378,04011,Bremen,,,2025,,04011,"BREMEN, STADT",17708,,30.69,,248228,,430.19,,391,,17162,,3209,,1968,,22730,,39.39,,30704,,288666,,500.27,,17343,,199,,166,,9758,,29813,,5308,,108,,1803,,1115,,291,,903963121.59082,254450.047655335
159379,05111,Nordrhein-Westfalen,,,2022,,05111,"DUESSELDORF, STADT",24318,,39.19,,318807,,513.77,,674,,20854,,1638,,4878,,28044,,45.19,,17534,,371169,,598.16,,23684,,387,,247,,18077,,45743,,3261,,248,,495,,1015,,128,,554127504.226563,179219.200942007
159380,05112,Nordrhein-Westfalen,,,2022,,05112,"DUISBURG,STADT",19019,,38.35,,235888,,475.69,,237,,13943,,2528,,1068,,17776,,35.85,,22338,,272683,,549.89,,18614,,231,,174,,9918,,19882,,2460,,103,,1789,,621,,118,,599268769.693848,153569.846439511
159381,05113,Nordrhein-Westfalen,,,2022,,05113,"ESSEN,STADT",22833,,39.2,,295646,,507.62,,472,,18662,,2062,,1491,,22687,,38.95,,21775,,341166,,585.78,,22294,,273,,266,,15331,,31298,,3023,,166,,861,,1021,,180,,540705720.75,130529.193846197
159382,05114,Nordrhein-Westfalen,,,2022,,05114,"KREFELD,STADT",9335,,41.15,,121480,,535.52,,150,,6774,,1211,,433,,8568,,37.77,,17254,,139383,,614.44,,9063,,158,,114,,6745,,12582,,1684,,43,,434,,666,,111,,349573782.425781,101762.959313993
159383,05111,Nordrhein-Westfalen,,,2023,,05111,"DUESSELDORF, STADT",24893,,40.18,,321540,,519.05,,709,,21867,,1720,,5249,,29545,,47.69,,17830,,375978,,606.93,,24229,,412,,252,,17902,,48456,,3457,,280,,555,,1033,,132,,554127504.226563,179219.200942007
159384,05112,Nordrhein-Westfalen,,,2023,,05112,"DUISBURG,STADT",19360,,39.1,,237099,,478.84,,254,,14573,,2711,,1186,,18724,,37.81,,22644,,275183,,555.75,,18937,,247,,176,,9821,,21022,,2654,,107,,1942,,654,,115,,599268769.693848,153569.846439511
159385,05113,Nordrhein-Westfalen,,,2023,,05113,"ESSEN,STADT",23166,,39.98,,295308,,509.65,,489,,19225,,2058,,1571,,23343,,40.29,,22144,,341817,,589.92,,22606,,295,,265,,15093,,32582,,3338,,171,,840,,1040,,178,,540705720.75,130529.193846197
159386,05114,Nordrhein-Westfalen,,,2023,,05114,"KREFELD,STADT",9586,,42.22,,121798,,536.44,,147,,6978,,1661,,458,,9244,,40.71,,17970,,140628,,619.37,,9302,,171,,113,,6725,,13311,,1823,,42,,885,,664,,112,,349573782.425781,101762.959313993
159387,05111,Nordrhein-Westfalen,,,2024,,05111,"DUESSELDORF, STADT",25255,,40.15,,324497,,515.85,,750,,23036,,1783,,5342,,30911,,49.14,,17991,,380663,,605.14,,24597,,429,,229,,17761,,51313,,3729,,283,,572,,1079,,132,,554127504.226563,179219.200942007
159388,05112,Nordrhein-Westfalen,,,2024,,05112,"DUISBURG,STADT",19668,,39.16,,240058,,478,,279,,15090,,2695,,1235,,19299,,38.43,,23031,,279025,,555.59,,19229,,272,,167,,9700,,22650,,2833,,104,,1901,,675,,119,,599268769.693848,153569.846439511
159389,05113,Nordrhein-Westfalen,,,2024,,05113,"ESSEN,STADT",23468,,40.15,,298115,,509.96,,476,,19884,,2098,,1583,,24041,,41.13,,22385,,345624,,591.23,,22917,,308,,243,,14928,,34356,,3645,,166,,867,,1064,,167,,540705720.75,130529.193846197
159390,04012,Bremen,,,2025,,04012,"BREMERHAVEN,STADT",3438,,29.98,,52757,,460.05,,101,,3901,,569,,332,,4903,,42.75,,6661,,61098,,532.78,,3343,,50,,45,,1699,,5412,,850,,52,,345,,201,,23,,266052451.265625,130589.134028122
159391,05111,Nordrhein-Westfalen,,,2025,,05111,"DUESSELDORF, STADT",25623,,40.59,,326938,,517.95,,758,,24104,,1759,,5642,,32263,,51.11,,18129,,384824,,609.65,,24985,,422,,216,,17486,,53732,,3954,,283,,560,,1074,,125,,554127504.226563,179219.200942007
159392,05112,Nordrhein-Westfalen,,,2025,,05112,"DUISBURG,STADT",19927,,39.56,,242151,,480.74,,290,,15398,,2676,,1250,,19614,,38.94,,23218,,281692,,559.24,,19476,,289,,162,,9527,,24207,,3025,,102,,1867,,692,,117,,599268769.693848,153569.846439511
159393,05113,Nordrhein-Westfalen,,,2025,,05113,"ESSEN,STADT",23576,,40.19,,299984,,511.39,,494,,20169,,2110,,1604,,24377,,41.56,,22703,,347937,,593.13,,23015,,330,,231,,14753,,36134,,4254,,174,,848,,1100,,162,,540705720.75,130529.193846197
159394,05116,Nordrhein-Westfalen,,,2022,,05116,"MOENCHENGLADBACH,STADT",10902,,41.98,,142463,,548.64,,310,,9569,,1650,,496,,12025,,46.31,,13469,,165390,,636.94,,10601,,168,,133,,8491,,13770,,2030,,55,,506,,984,,160,,433333836.924316,134130.034239367
159395,05117,Nordrhein-Westfalen,,,2022,,05117,"MUELHEIM A.D.RUHR,STADT",7943,,46.47,,95340,,557.8,,32,,5274,,662,,367,,6335,,37.06,,7689,,109618,,641.34,,7787,,78,,78,,6468,,10839,,1258,,45,,224,,380,,58,,234333169.482422,76546.8905302743
159396,05119,Nordrhein-Westfalen,,,2022,,05119,"OBERHAUSEN,STADT",9465,,45.16,,113433,,541.28,,175,,6131,,645,,473,,7424,,35.43,,9315,,130322,,621.87,,9253,,108,,104,,5695,,9662,,1259,,41,,313,,278,,54,,199654086.868164,75729.5734714082
159397,05120,Nordrhein-Westfalen,,,2022,,05120,"REMSCHEID,STADT",5739,,51.46,,63640,,570.68,,103,,4087,,791,,240,,5221,,46.82,,6023,,74600,,668.96,,5549,,80,,110,,3489,,9252,,766,,29,,277,,432,,82,,188275007.42041,74227.9890912915
159398,05116,Nordrhein-Westfalen,,,2023,,05116,"MOENCHENGLADBACH,STADT",11242,,43.07,,143152,,548.47,,325,,9746,,1701,,511,,12283,,47.06,,13642,,166677,,638.61,,10935,,189,,118,,8435,,14419,,2047,,63,,529,,1003,,169,,433333836.924316,134130.034239367
159399,05117,Nordrhein-Westfalen,,,2023,,05117,"MUELHEIM A.D.RUHR,STADT",7983,,46.76,,95070,,556.81,,35,,5434,,658,,382,,6509,,38.12,,7760,,109562,,641.69,,7817,,86,,80,,6347,,11406,,1335,,47,,215,,383,,60,,234333169.482422,76546.8905302743
159400,05119,Nordrhein-Westfalen,,,2023,,05119,"OBERHAUSEN,STADT",9625,,46.11,,113678,,544.56,,190,,6531,,729,,482,,7932,,38,,9596,,131235,,628.66,,9391,,119,,115,,5647,,10260,,1359,,44,,379,,296,,54,,199654086.868164,75729.5734714082
159401,05114,Nordrhein-Westfalen,,,2024,,05114,"KREFELD,STADT",9896,,43.32,,123105,,538.93,,153,,7577,,1702,,477,,9909,,43.38,,18156,,142910,,625.63,,9589,,199,,108,,6654,,14115,,1973,,53,,910,,680,,112,,349573782.425781,101762.959313993
159402,05116,Nordrhein-Westfalen,,,2024,,05116,"MOENCHENGLADBACH,STADT",11529,,42.94,,144388,,537.83,,317,,10164,,1706,,538,,12725,,47.4,,13900,,168642,,628.17,,11224,,185,,120,,8389,,15387,,2083,,57,,523,,1010,,173,,433333836.924316,134130.034239367
159403,05117,Nordrhein-Westfalen,,,2024,,05117,"MUELHEIM A.D.RUHR,STADT",8077,,46.85,,95520,,554.05,,36,,5531,,668,,379,,6614,,38.36,,7885,,110211,,639.26,,7900,,96,,81,,6307,,11765,,1518,,48,,226,,385,,57,,234333169.482422,76546.8905302743
159404,05119,Nordrhein-Westfalen,,,2024,,05119,"OBERHAUSEN,STADT",9824,,46.6,,114152,,541.46,,214,,6852,,722,,492,,8280,,39.27,,9800,,132256,,627.33,,9600,,127,,97,,5608,,10808,,1461,,42,,353,,316,,53,,199654086.868164,75729.5734714082
159405,05114,Nordrhein-Westfalen,,,2025,,05114,"KREFELD,STADT",10125,,44.3,,123581,,540.72,,153,,8149,,1766,,472,,10540,,46.12,,18273,,144246,,631.14,,9810,,213,,102,,6535,,14554,,2098,,54,,954,,703,,109,,349573782.425781,101762.959313993
159406,05116,Nordrhein-Westfalen,,,2025,,05116,"MOENCHENGLADBACH,STADT",11652,,43.33,,145427,,540.74,,321,,10381,,1663,,552,,12917,,48.03,,13942,,169996,,632.09,,11341,,196,,115,,8233,,16228,,2416,,67,,491,,1004,,168,,433333836.924316,134130.034239367
159407,05117,Nordrhein-Westfalen,,,2025,,05117,"MUELHEIM A.D.RUHR,STADT",8207,,47.37,,96465,,556.78,,32,,5758,,666,,392,,6848,,39.53,,7962,,111520,,643.68,,8024,,100,,83,,6176,,12294,,1638,,46,,221,,388,,57,,234333169.482422,76546.8905302743
159408,05119,Nordrhein-Westfalen,,,2025,,05119,"OBERHAUSEN,STADT",9888,,46.84,,115011,,544.82,,239,,7090,,720,,493,,8542,,40.46,,9916,,133441,,632.13,,9666,,131,,91,,5541,,11448,,1598,,51,,345,,321,,54,,199654086.868164,75729.5734714082
159409,05122,Nordrhein-Westfalen,,,2022,,05122,"SOLINGEN,STADT",9211,,57.86,,97868,,614.78,,129,,5354,,685,,299,,6467,,40.62,,8142,,113546,,713.26,,8993,,100,,118,,6053,,12734,,1357,,31,,127,,453,,105,,225974169.580566,96712.3537455718
159410,05124,Nordrhein-Westfalen,,,2022,,05124,"WUPPERTAL,STADT",17371,,48.93,,178105,,501.7,,408,,10348,,1454,,696,,12906,,36.35,,13630,,208382,,586.98,,16933,,218,,220,,9863,,22067,,2304,,95,,448,,843,,163,,429327320.38623,139101.577427489
159411,05154,Nordrhein-Westfalen,,,2022,,05154,KLEVE,15494,,49.41,,199762,,637.02,,213,,13652,,9192,,1135,,24192,,77.15,,37147,,239448,,763.58,,14961,,224,,309,,9390,,20978,,4090,,59,,1547,,6852,,793,,3199521556.50488,441010.438589125
159412,05120,Nordrhein-Westfalen,,,2023,,05120,"REMSCHEID,STADT",5893,,52.72,,63907,,571.77,,102,,4180,,795,,241,,5318,,47.58,,6114,,75118,,672.08,,5694,,90,,109,,3487,,9361,,853,,31,,264,,448,,83,,188275007.42041,74227.9890912915
159413,05122,Nordrhein-Westfalen,,,2023,,05122,"SOLINGEN,STADT",9434,,59.35,,98745,,621.21,,129,,5731,,730,,296,,6886,,43.32,,8305,,115065,,723.88,,9200,,119,,115,,5820,,13276,,1499,,36,,140,,483,,107,,225974169.580566,96712.3537455718
159414,05124,Nordrhein-Westfalen,,,2023,,05124,"WUPPERTAL,STADT",17616,,49.68,,178584,,503.66,,380,,10557,,1506,,697,,13140,,37.06,,13907,,209340,,590.4,,17157,,242,,217,,9771,,22734,,2574,,94,,487,,857,,162,,429327320.38623,139101.577427489
159415,05154,Nordrhein-Westfalen,,,2023,,05154,KLEVE,15928,,50.62,,201523,,640.41,,207,,13985,,9346,,1158,,24696,,78.48,,37981,,242147,,769.51,,15380,,250,,298,,9284,,21910,,4432,,58,,1566,,6985,,795,,3199521556.50488,441010.438589125
159416,05120,Nordrhein-Westfalen,,,2024,,05120,"REMSCHEID,STADT",6028,,53.53,,64384,,571.73,,102,,4319,,796,,252,,5469,,48.56,,6203,,75881,,673.82,,5820,,103,,105,,3486,,9640,,915,,31,,268,,448,,80,,188275007.42041,74227.9890912915
159417,05122,Nordrhein-Westfalen,,,2024,,05122,"SOLINGEN,STADT",9749,,60.69,,93921,,584.66,,123,,5511,,718,,298,,6650,,41.4,,8429,,110320,,686.74,,9519,,118,,112,,5718,,12189,,1652,,30,,115,,497,,106,,225974169.580566,96712.3537455718
159418,05124,Nordrhein-Westfalen,,,2024,,05124,"WUPPERTAL,STADT",17911,,49.91,,180171,,502.04,,378,,10908,,1484,,694,,13464,,37.52,,14149,,211546,,589.47,,17457,,249,,205,,9696,,23474,,2738,,88,,479,,853,,152,,429327320.38623,139101.577427489
159419,05154,Nordrhein-Westfalen,,,2024,,05154,KLEVE,16184,,50.69,,202477,,634.15,,205,,14357,,9373,,1219,,25154,,78.78,,38650,,243815,,763.62,,15645,,258,,281,,9197,,23054,,4784,,61,,1519,,7073,,781,,3199521556.50488,441010.438589125
159420,05120,Nordrhein-Westfalen,,,2025,,05120,"REMSCHEID,STADT",6059,,53.63,,64878,,574.29,,104,,4462,,764,,254,,5584,,49.43,,6226,,76521,,677.36,,5852,,105,,102,,3407,,9956,,998,,32,,252,,440,,72,,188275007.42041,74227.9890912915
159421,05122,Nordrhein-Westfalen,,,2025,,05122,"SOLINGEN,STADT",9832,,60.86,,93294,,577.51,,120,,5584,,727,,297,,6728,,41.65,,8527,,109854,,680.02,,9602,,125,,105,,5646,,12341,,1780,,30,,111,,512,,104,,225974169.580566,96712.3537455718
159422,05124,Nordrhein-Westfalen,,,2025,,05124,"WUPPERTAL,STADT",18161,,50.6,,179960,,501.37,,394,,11078,,1448,,709,,13629,,37.97,,14326,,211750,,589.93,,17688,,269,,204,,9535,,24086,,2922,,80,,422,,882,,144,,429327320.38623,139101.577427489
159423,05154,Nordrhein-Westfalen,,,2025,,05154,KLEVE,16370,,50.92,,204792,,637.01,,202,,14675,,9499,,1233,,25609,,79.66,,39302,,246771,,767.58,,15825,,283,,262,,8951,,24430,,5221,,54,,1505,,7206,,788,,3199521556.50488,441010.438589125
159424,05158,Nordrhein-Westfalen,,,2022,,05158,METTMANN,27120,,56,,300284,,620.01,,180,,19675,,3344,,1449,,24648,,50.89,,26126,,352052,,726.9,,26500,,324,,296,,17929,,36421,,4455,,98,,1000,,2034,,310,,1040099684.68604,285309.414017585
159425,05162,Nordrhein-Westfalen,,,2022,,05162,NEUSS,24426,,54.04,,277848,,614.71,,345,,19336,,5224,,1126,,26031,,57.59,,27014,,328305,,726.34,,23830,,338,,258,,16757,,31653,,3667,,109,,1515,,3187,,522,,1462597081.81689,273026.202530975
159426,05166,Nordrhein-Westfalen,,,2022,,05166,VIERSEN,16714,,55.99,,192423,,644.56,,256,,14139,,6032,,1382,,21809,,73.05,,32437,,230946,,773.6,,16233,,206,,275,,11629,,19496,,3652,,90,,1232,,4264,,536,,1438553419.87451,238058.26800812
159427,05170,Nordrhein-Westfalen,,,2022,,05170,WESEL,25868,,56.22,,292694,,636.14,,606,,16731,,7506,,1601,,26444,,57.47,,42876,,345006,,749.83,,25232,,304,,332,,15641,,28913,,4978,,103,,1588,,5118,,800,,2700475902.31104,381248.281669174
159428,05158,Nordrhein-Westfalen,,,2023,,05158,METTMANN,27841,,57.47,,301305,,622,,175,,20633,,3431,,1479,,25718,,53.09,,26717,,354864,,732.57,,27187,,369,,285,,17708,,37494,,4821,,104,,1058,,2070,,303,,1040099684.68604,285309.414017585
159429,05162,Nordrhein-Westfalen,,,2023,,05162,NEUSS,25169,,55.62,,279152,,616.92,,340,,19765,,5240,,1164,,26509,,58.58,,27773,,330830,,731.12,,24579,,364,,226,,16561,,33352,,4004,,105,,1496,,3229,,515,,1462597081.81689,273026.202530975
159430,05166,Nordrhein-Westfalen,,,2023,,05166,VIERSEN,17089,,57.2,,192881,,645.6,,260,,14566,,6169,,1422,,22417,,75.03,,33385,,232387,,777.84,,16586,,242,,261,,11513,,20264,,3998,,81,,1289,,4355,,525,,1438553419.87451,238058.26800812
159431,05170,Nordrhein-Westfalen,,,2023,,05170,WESEL,26374,,57.28,,293795,,638.08,,603,,17114,,7584,,1685,,26986,,58.61,,43658,,347155,,753.98,,25690,,361,,323,,15405,,30385,,5405,,99,,1575,,5215,,794,,2700475902.31104,381248.281669174
159432,05158,Nordrhein-Westfalen,,,2024,,05158,METTMANN,28326,,57.83,,302902,,618.43,,171,,21105,,3412,,1475,,26163,,53.42,,27109,,357391,,729.68,,27644,,409,,273,,17611,,39385,,5185,,111,,1003,,2110,,299,,1040099684.68604,285309.414017585
159433,05162,Nordrhein-Westfalen,,,2024,,05162,NEUSS,25710,,56.23,,280984,,614.49,,346,,20389,,5372,,1169,,27276,,59.65,,28284,,333970,,730.37,,25092,,398,,220,,16461,,34908,,4323,,96,,1532,,3329,,511,,1462597081.81689,273026.202530975
159434,05166,Nordrhein-Westfalen,,,2024,,05166,VIERSEN,17452,,58,,193869,,644.34,,272,,15015,,6278,,1476,,23041,,76.58,,34068,,234362,,778.92,,16927,,259,,266,,11376,,21125,,4338,,79,,1348,,4418,,512,,1438553419.87451,238058.26800812
159435,05170,Nordrhein-Westfalen,,,2024,,05170,WESEL,26835,,57.61,,295713,,634.8,,597,,17991,,7695,,1732,,28015,,60.14,,44191,,350563,,752.54,,26155,,368,,312,,15266,,31753,,5879,,97,,1615,,5290,,790,,2700475902.31104,381248.281669174
159436,05158,Nordrhein-Westfalen,,,2025,,05158,METTMANN,28828,,58.8,,304474,,621.06,,177,,21756,,3429,,1442,,26804,,54.67,,27348,,360106,,734.53,,28162,,410,,256,,17304,,41343,,5522,,124,,987,,2153,,289,,1040099684.68604,285309.414017585
159437,05162,Nordrhein-Westfalen,,,2025,,05162,NEUSS,26195,,57.1,,281848,,614.42,,349,,20621,,5513,,1182,,27665,,60.31,,28804,,335708,,731.83,,25557,,418,,220,,16394,,36129,,4576,,99,,1627,,3383,,503,,1462597081.81689,273026.202530975
159438,05166,Nordrhein-Westfalen,,,2025,,05166,VIERSEN,17787,,58.73,,195355,,644.98,,289,,15481,,6384,,1489,,23643,,78.06,,34452,,236785,,781.77,,17266,,274,,247,,11129,,22215,,4628,,74,,1316,,4558,,510,,1438553419.87451,238058.26800812
159439,05314,Nordrhein-Westfalen,,,2022,,05314,"BONN,STADT",11795,,35.68,,174763,,528.66,,292,,88525,,845,,1331,,90993,,275.25,,11777,,277551,,839.59,,11548,,141,,106,,9254,,18573,,2115,,95,,157,,562,,126,,352615565.098145,103558.151613007
159440,05315,Nordrhein-Westfalen,,,2022,,05315,"KOELN,STADT",41765,,38.55,,492827,,454.85,,1019,,34330,,3324,,2481,,41154,,37.98,,32284,,575746,,531.38,,40834,,574,,357,,27984,,56430,,7704,,250,,1744,,1303,,277,,1023272257.33496,194745.873567124
159441,05316,Nordrhein-Westfalen,,,2022,,05316,"LEVERKUSEN,STADT",7761,,47.35,,91204,,556.44,,240,,4927,,846,,431,,6444,,39.32,,7574,,105409,,643.11,,7581,,99,,81,,4475,,10514,,1157,,60,,208,,506,,132,,199097247.194824,83178.4976544769
159442,05334,Nordrhein-Westfalen,,,2022,,05334,"AACHEN, STAEDTEREGION",26596,,47.78,,299478,,538.02,,617,,17364,,5851,,1290,,25122,,45.13,,37353,,351196,,630.93,,25938,,266,,392,,18267,,31405,,4768,,134,,1599,,3612,,640,,1755771520.88452,426475.280615684
159443,05314,Nordrhein-Westfalen,,,2023,,05314,"BONN,STADT",12117,,36.51,,174650,,526.24,,306,,88720,,852,,1470,,91348,,275.24,,12206,,278115,,837.99,,11861,,149,,107,,9063,,19291,,2265,,97,,159,,563,,130,,352615565.098145,103558.151613007
159444,05315,Nordrhein-Westfalen,,,2023,,05315,"KOELN,STADT",42899,,39.98,,493614,,459.99,,1040,,36168,,3448,,2526,,43182,,40.24,,32756,,579695,,540.21,,41912,,639,,348,,27759,,59201,,8356,,255,,1795,,1380,,273,,1023272257.33496,194745.873567124
159445,05316,Nordrhein-Westfalen,,,2023,,05316,"LEVERKUSEN,STADT",7956,,48.56,,91542,,558.69,,277,,5289,,863,,443,,6872,,41.94,,7772,,106370,,649.19,,7780,,112,,64,,4406,,11122,,1219,,63,,209,,525,,129,,199097247.194824,83178.4976544769
159446,05334,Nordrhein-Westfalen,,,2023,,05334,"AACHEN, STAEDTEREGION",27039,,48.57,,300636,,540.06,,612,,18052,,6054,,1352,,26070,,46.83,,38098,,353745,,635.46,,26377,,283,,379,,18070,,32563,,5128,,140,,1710,,3706,,638,,1755771520.88452,426475.280615684
159447,05314,Nordrhein-Westfalen,,,2024,,05314,"BONN,STADT",12175,,36.19,,175674,,522.12,,315,,88571,,842,,1633,,91361,,271.53,,12432,,279210,,829.83,,11905,,159,,111,,8891,,19996,,2385,,91,,162,,546,,134,,352615565.098145,103558.151613007
159448,05315,Nordrhein-Westfalen,,,2024,,05315,"KOELN,STADT",43830,,40.4,,497572,,458.66,,1045,,38482,,3453,,2607,,45587,,42.02,,33022,,586989,,541.09,,42807,,647,,376,,27441,,62464,,8941,,266,,1775,,1399,,279,,1023272257.33496,194745.873567124
159449,05316,Nordrhein-Westfalen,,,2024,,05316,"LEVERKUSEN,STADT",8070,,48.69,,92468,,557.88,,262,,5616,,887,,458,,7223,,43.58,,7876,,107761,,650.15,,7892,,115,,63,,4396,,11607,,1373,,64,,212,,544,,131,,199097247.194824,83178.4976544769
159450,05170,Nordrhein-Westfalen,,,2025,,05170,WESEL,27161,,58.1,,298448,,638.38,,580,,18582,,7803,,1751,,28716,,61.42,,44869,,354325,,757.9,,26474,,395,,292,,15122,,33190,,6396,,104,,1673,,5374,,756,,2700475902.31104,381248.281669174
159451,05314,Nordrhein-Westfalen,,,2025,,05314,"BONN,STADT",12372,,36.84,,175623,,523.02,,321,,88393,,836,,1700,,91250,,271.75,,12646,,279245,,831.61,,12099,,166,,107,,8774,,20410,,2526,,90,,161,,540,,135,,352615565.098145,103558.151613007
159452,05315,Nordrhein-Westfalen,,,2025,,05315,"KOELN,STADT",44672,,41.08,,502072,,461.74,,1113,,38658,,3376,,2939,,46086,,42.38,,32980,,592830,,545.2,,43538,,691,,443,,27156,,66684,,9487,,257,,1702,,1407,,267,,1023272257.33496,194745.873567124
159453,05316,Nordrhein-Westfalen,,,2025,,05316,"LEVERKUSEN,STADT",8222,,49.41,,93663,,562.83,,247,,5742,,878,,463,,7330,,44.05,,7957,,109215,,656.28,,8032,,124,,66,,4328,,12089,,1465,,66,,204,,549,,125,,199097247.194824,83178.4976544769
159454,05358,Nordrhein-Westfalen,,,2022,,05358,DUEREN,16836,,63.5,,166690,,628.69,,452,,10585,,6037,,955,,18029,,68,,27627,,201555,,760.18,,16380,,173,,283,,10127,,17028,,2729,,84,,899,,4277,,861,,2352766393.99072,378669.564021585
159455,05362,Nordrhein-Westfalen,,,2022,,05362,RHEIN-ERFT-KREIS,26362,,56.14,,287108,,611.37,,451,,20874,,4921,,1360,,27606,,58.78,,30863,,341076,,726.29,,25660,,361,,341,,17705,,29462,,4390,,109,,1539,,2906,,476,,1765457304.58789,308731.771899293
159456,05366,Nordrhein-Westfalen,,,2022,,05366,EUSKIRCHEN,12586,,64.76,,135806,,698.74,,263,,10358,,8267,,708,,19596,,100.82,,26698,,167988,,864.32,,12071,,142,,373,,7141,,17333,,2344,,48,,608,,6113,,1546,,3091048409.16699,456595.323883778
159457,05370,Nordrhein-Westfalen,,,2022,,05370,HEINSBERG,15296,,59.64,,165831,,646.62,,342,,10577,,5571,,776,,17266,,67.32,,30953,,198393,,773.59,,14810,,205,,281,,9619,,17570,,2879,,53,,699,,4181,,691,,1585314107.51025,264205.199718524
159458,05358,Nordrhein-Westfalen,,,2023,,05358,DUEREN,17476,,65.51,,168041,,629.91,,474,,11054,,6017,,951,,18496,,69.33,,28324,,204013,,764.75,,17000,,197,,279,,10087,,17721,,2962,,85,,862,,4283,,872,,2352766393.99072,378669.564021585
159459,05362,Nordrhein-Westfalen,,,2023,,05362,RHEIN-ERFT-KREIS,27627,,58.55,,288878,,612.17,,449,,21097,,4993,,1369,,27908,,59.14,,31477,,344413,,729.86,,26904,,403,,320,,17484,,30727,,4777,,99,,1553,,2959,,481,,1765457304.58789,308731.771899293
159460,05366,Nordrhein-Westfalen,,,2023,,05366,EUSKIRCHEN,13038,,66.96,,151535,,778.3,,289,,11734,,8624,,746,,21393,,109.88,,27835,,185966,,955.14,,12511,,165,,362,,7140,,22211,,2563,,54,,784,,6295,,1545,,3091048409.16699,456595.323883778
159461,05334,Nordrhein-Westfalen,,,2024,,05334,"AACHEN, STAEDTEREGION",27431,,48.76,,303123,,538.83,,580,,18523,,6181,,1387,,26671,,47.41,,38693,,357225,,635,,26757,,304,,370,,17855,,34079,,5567,,155,,1771,,3758,,652,,1755771520.88452,426475.280615684
159462,05358,Nordrhein-Westfalen,,,2024,,05358,DUEREN,17870,,65.98,,169370,,625.37,,494,,11351,,6136,,990,,18971,,70.05,,28999,,206211,,761.4,,17407,,202,,261,,9942,,18756,,3200,,84,,920,,4358,,858,,2352766393.99072,378669.564021585
159463,05362,Nordrhein-Westfalen,,,2024,,05362,RHEIN-ERFT-KREIS,27980,,58.52,,290833,,608.28,,460,,21364,,5087,,1384,,28295,,59.18,,31943,,347108,,725.98,,27241,,443,,296,,17270,,32118,,5134,,93,,1607,,3006,,474,,1765457304.58789,308731.771899293
159464,05366,Nordrhein-Westfalen,,,2024,,05366,EUSKIRCHEN,13468,,68.28,,159209,,807.16,,279,,12514,,8738,,770,,22301,,113.06,,28548,,194978,,988.5,,12947,,178,,343,,7616,,25430,,2818,,53,,764,,6446,,1528,,3091048409.16699,456595.323883778
159465,05334,Nordrhein-Westfalen,,,2025,,05334,"AACHEN, STAEDTEREGION",27807,,49.26,,304319,,539.15,,581,,18884,,6222,,1484,,27171,,48.14,,39112,,359297,,636.55,,27110,,340,,357,,17600,,35329,,5966,,166,,1737,,3840,,645,,1755771520.88452,426475.280615684
159466,05358,Nordrhein-Westfalen,,,2025,,05358,DUEREN,18035,,66.14,,171228,,627.98,,491,,11619,,6184,,974,,19268,,70.67,,29449,,208531,,764.79,,17567,,211,,257,,9722,,19738,,3459,,86,,920,,4415,,849,,2352766393.99072,378669.564021585
159467,05362,Nordrhein-Westfalen,,,2025,,05362,RHEIN-ERFT-KREIS,28387,,59.02,,292781,,608.71,,467,,21673,,5171,,1400,,28711,,59.69,,32191,,349879,,727.42,,27652,,451,,284,,16902,,33559,,5540,,109,,1654,,3036,,481,,1765457304.58789,308731.771899293
159468,05366,Nordrhein-Westfalen,,,2025,,05366,EUSKIRCHEN,13631,,68.21,,162692,,814.16,,267,,13409,,8736,,776,,23188,,116.04,,28725,,199511,,998.41,,13121,,186,,324,,7309,,24677,,3050,,59,,678,,6549,,1509,,3091048409.16699,456595.323883778
159469,05374,Nordrhein-Westfalen,,,2022,,05374,OBERBERGISCHER KREIS,16914,,62.25,,180966,,666.05,,378,,11168,,8674,,796,,21016,,77.35,,28664,,218896,,805.66,,16221,,190,,503,,9412,,25982,,3027,,81,,469,,6400,,1805,,2316572483.57373,355529.222495602
159470,05378,Nordrhein-Westfalen,,,2022,,05378,RHEIN.-BERGISCHER KREIS,18953,,66.91,,184071,,649.8,,205,,10344,,3863,,676,,15088,,53.26,,21633,,218112,,769.97,,18454,,190,,309,,12413,,23377,,3361,,73,,250,,2852,,761,,1105757407.02734,264046.856177278
159471,05382,Nordrhein-Westfalen,,,2022,,05382,RHEIN-SIEG-KREIS,37104,,61.8,,374504,,623.78,,506,,22860,,10781,,1637,,35784,,59.6,,48259,,447392,,745.19,,36055,,447,,602,,23659,,42195,,6134,,160,,1203,,7676,,1902,,2876094865.6792,498846.628888703
159472,05370,Nordrhein-Westfalen,,,2023,,05370,HEINSBERG,15642,,60.56,,166958,,646.36,,365,,10860,,5751,,796,,17772,,68.8,,31743,,200372,,775.72,,15163,,232,,247,,9576,,18176,,3186,,53,,749,,4307,,695,,1585314107.51025,264205.199718524
159473,05374,Nordrhein-Westfalen,,,2023,,05374,OBERBERGISCHER KREIS,17263,,63.56,,182092,,670.39,,430,,11615,,8885,,811,,21741,,80.04,,29429,,221096,,813.99,,16581,,207,,475,,9415,,26284,,3312,,88,,511,,6588,,1786,,2316572483.57373,355529.222495602
159474,05378,Nordrhein-Westfalen,,,2023,,05378,RHEIN.-BERGISCHER KREIS,19307,,68.12,,184798,,652.01,,193,,10607,,3997,,717,,15514,,54.74,,22235,,219619,,774.86,,18833,,197,,277,,12211,,23965,,3678,,76,,276,,2963,,758,,1105757407.02734,264046.856177278
159475,05382,Nordrhein-Westfalen,,,2023,,05382,RHEIN-SIEG-KREIS,37935,,63.15,,375141,,624.47,,508,,23518,,10856,,1682,,36564,,60.87,,49554,,449640,,748.49,,36861,,504,,570,,23463,,43539,,6671,,174,,1105,,7869,,1882,,2876094865.6792,498846.628888703
159476,05370,Nordrhein-Westfalen,,,2024,,05370,HEINSBERG,15979,,61.03,,168682,,644.24,,356,,11136,,5879,,815,,18186,,69.46,,32406,,202847,,774.72,,15488,,258,,233,,9481,,19258,,3429,,50,,795,,4391,,693,,1585314107.51025,264205.199718524
159477,05374,Nordrhein-Westfalen,,,2024,,05374,OBERBERGISCHER KREIS,17656,,64.11,,184007,,668.13,,418,,12003,,8942,,840,,22203,,80.62,,29960,,223866,,812.86,,16992,,213,,451,,9386,,27216,,3584,,77,,486,,6677,,1779,,2316572483.57373,355529.222495602
159478,05378,Nordrhein-Westfalen,,,2024,,05378,RHEIN.-BERGISCHER KREIS,19705,,68.85,,185153,,646.91,,188,,10540,,4088,,735,,15551,,54.33,,22497,,220409,,770.09,,19233,,215,,257,,12178,,24737,,3964,,83,,286,,3041,,761,,1105757407.02734,264046.856177278
159479,05382,Nordrhein-Westfalen,,,2024,,05382,RHEIN-SIEG-KREIS,38635,,63.51,,376565,,619.01,,526,,24343,,10955,,1709,,37533,,61.7,,50485,,452733,,744.22,,37562,,525,,548,,23280,,45408,,7180,,180,,1101,,7976,,1878,,2876094865.6792,498846.628888703
159480,05370,Nordrhein-Westfalen,,,2025,,05370,HEINSBERG,16167,,61.55,,170758,,650.12,,351,,11435,,5993,,825,,18604,,70.83,,32982,,205529,,782.5,,15690,,260,,217,,9348,,20305,,3770,,56,,853,,4446,,694,,1585314107.51025,264205.199718524
159481,05374,Nordrhein-Westfalen,,,2025,,05374,OBERBERGISCHER KREIS,17872,,64.82,,185451,,672.57,,417,,12400,,9090,,829,,22736,,82.46,,30478,,226059,,819.84,,17201,,235,,436,,9240,,28129,,3877,,88,,507,,6845,,1738,,2316572483.57373,355529.222495602
159482,05378,Nordrhein-Westfalen,,,2025,,05378,RHEIN.-BERGISCHER KREIS,20054,,69.93,,186204,,649.3,,185,,10615,,4186,,736,,15722,,54.82,,22858,,221980,,774.05,,19597,,214,,243,,11975,,25513,,4323,,80,,338,,3108,,740,,1105757407.02734,264046.856177278
159483,05382,Nordrhein-Westfalen,,,2025,,05382,RHEIN-SIEG-KREIS,39020,,63.91,,379397,,621.42,,551,,25024,,10996,,1737,,38308,,62.74,,51175,,456725,,748.07,,37948,,541,,531,,22978,,47327,,7726,,196,,1079,,8094,,1823,,2876094865.6792,498846.628888703
159484,05512,Nordrhein-Westfalen,,,2022,,05512,"BOTTROP,STADT",6540,,55.71,,69922,,595.65,,63,,3676,,835,,269,,4843,,41.26,,6121,,81305,,692.62,,6398,,65,,77,,3679,,6383,,785,,21,,284,,459,,92,,259112067.910156,92715.4958814463
159485,05513,Nordrhein-Westfalen,,,2022,,05513,"GELSENKIRCHEN,STADT",9564,,36.91,,124908,,482.07,,351,,8090,,1130,,497,,10068,,38.86,,9538,,144540,,557.84,,9265,,154,,145,,5180,,10746,,1005,,82,,652,,418,,60,,272012262.404785,91967.5905692264
159486,05515,Nordrhein-Westfalen,,,2022,,05515,"MUENSTER,STADT",11038,,34.89,,151531,,478.92,,247,,10419,,2504,,742,,13912,,43.97,,17575,,176481,,557.77,,10802,,136,,100,,7853,,16082,,3312,,77,,558,,1662,,284,,797895135.835938,168833.657459452
159487,05554,Nordrhein-Westfalen,,,2022,,05554,BORKEN,17873,,48.06,,231725,,623.09,,351,,18848,,14152,,1839,,35190,,94.62,,50775,,284788,,765.77,,17282,,207,,384,,9331,,24611,,4309,,78,,2568,,10095,,1489,,3737484873.40234,439341.651856024
159488,05512,Nordrhein-Westfalen,,,2023,,05512,"BOTTROP,STADT",6656,,56.74,,70110,,597.64,,122,,3806,,872,,276,,5076,,43.27,,6341,,81842,,697.65,,6522,,69,,65,,3677,,6688,,848,,21,,296,,486,,90,,259112067.910156,92715.4958814463
159489,05513,Nordrhein-Westfalen,,,2023,,05513,"GELSENKIRCHEN,STADT",9641,,37.06,,124445,,478.4,,369,,8108,,1146,,545,,10168,,39.09,,9539,,144254,,554.55,,9358,,153,,130,,5109,,11375,,1118,,89,,670,,420,,56,,272012262.404785,91967.5905692264
159490,05515,Nordrhein-Westfalen,,,2023,,05515,"MUENSTER,STADT",11128,,35.03,,151318,,476.27,,250,,11714,,2528,,758,,15250,,48,,17777,,177696,,559.3,,10902,,135,,91,,7666,,16609,,3599,,91,,519,,1723,,286,,797895135.835938,168833.657459452
159491,05554,Nordrhein-Westfalen,,,2023,,05554,BORKEN,18313,,49.02,,232866,,623.33,,396,,19349,,14447,,1910,,36102,,96.64,,52579,,287281,,768.99,,17734,,213,,366,,9291,,25592,,4637,,82,,2639,,10323,,1485,,3737484873.40234,439341.651856024
159492,05512,Nordrhein-Westfalen,,,2024,,05512,"BOTTROP,STADT",6777,,57.38,,70305,,595.24,,118,,3868,,868,,285,,5139,,43.51,,6419,,82221,,696.12,,6641,,72,,64,,3650,,7046,,954,,21,,286,,494,,88,,259112067.910156,92715.4958814463
159493,05513,Nordrhein-Westfalen,,,2024,,05513,"GELSENKIRCHEN,STADT",9860,,37.49,,125879,,478.63,,404,,8465,,1171,,553,,10593,,40.28,,9778,,146332,,556.4,,9564,,169,,127,,5027,,12139,,1229,,93,,683,,435,,53,,272012262.404785,91967.5905692264
159494,05515,Nordrhein-Westfalen,,,2024,,05515,"MUENSTER,STADT",11204,,34.91,,151904,,473.3,,262,,12461,,2459,,776,,15958,,49.72,,17890,,179066,,557.93,,10974,,140,,90,,7536,,17360,,3791,,91,,443,,1739,,277,,797895135.835938,168833.657459452
159495,05554,Nordrhein-Westfalen,,,2024,,05554,BORKEN,18696,,49.32,,236064,,622.75,,402,,20215,,14725,,1993,,37335,,98.49,,54030,,292095,,770.56,,18124,,234,,338,,9213,,26949,,5068,,88,,2648,,10607,,1470,,3737484873.40234,439341.651856024
159496,05512,Nordrhein-Westfalen,,,2025,,05512,"BOTTROP,STADT",6842,,57.64,,70680,,595.43,,118,,3999,,872,,297,,5286,,44.53,,6474,,82808,,697.59,,6703,,75,,64,,3599,,7355,,1054,,23,,285,,502,,85,,259112067.910156,92715.4958814463
159497,05513,Nordrhein-Westfalen,,,2025,,05513,"GELSENKIRCHEN,STADT",9854,,37.06,,127513,,479.58,,418,,8905,,1166,,519,,11008,,41.4,,10059,,148375,,558.04,,9543,,187,,124,,5000,,13093,,1345,,93,,676,,442,,48,,272012262.404785,91967.5905692264
159498,05515,Nordrhein-Westfalen,,,2025,,05515,"MUENSTER,STADT",11247,,34.83,,152457,,472.14,,250,,12467,,2472,,784,,15973,,49.47,,18114,,179677,,556.44,,11011,,139,,97,,7344,,18278,,4035,,87,,445,,1751,,276,,797895135.835938,168833.657459452
159499,05558,Nordrhein-Westfalen,,,2022,,05558,COESFELD,13223,,59.91,,143139,,648.53,,285,,9361,,8884,,1075,,19605,,88.83,,29596,,175967,,797.27,,12815,,140,,268,,6594,,14886,,3204,,60,,896,,6677,,1311,,2912613838.7168,353530.64971137
159500,05562,Nordrhein-Westfalen,,,2022,,05562,RECKLINGHAUSEN,34032,,55.46,,361126,,588.54,,612,,17998,,5908,,1478,,25996,,42.37,,41487,,421154,,686.37,,33314,,332,,386,,18226,,33491,,5030,,140,,1660,,3633,,615,,1976728068.09277,314882.756796726
159501,05566,Nordrhein-Westfalen,,,2022,,05566,STEINFURT,23773,,53.04,,281036,,627.04,,488,,18932,,15736,,1692,,36848,,82.21,,60733,,341657,,762.29,,23019,,200,,554,,11348,,28509,,5566,,109,,2534,,11166,,2036,,4774007207.90039,413314.069630737
159502,05570,Nordrhein-Westfalen,,,2022,,05570,WARENDORF,15056,,54.27,,176360,,635.72,,223,,10173,,10218,,1040,,21654,,78.06,,33726,,213070,,768.05,,14667,,134,,255,,7837,,18477,,2997,,76,,1476,,7507,,1235,,3453228538.81348,386742.885606074
159503,05558,Nordrhein-Westfalen,,,2023,,05558,COESFELD,13342,,60.28,,143727,,649.31,,286,,9797,,9002,,1114,,20199,,91.25,,30316,,177268,,800.84,,12951,,143,,248,,6510,,15377,,3514,,59,,930,,6778,,1294,,2912613838.7168,353530.64971137
159504,05562,Nordrhein-Westfalen,,,2023,,05562,RECKLINGHAUSEN,34512,,56.32,,361273,,589.54,,575,,18762,,6082,,1493,,26912,,43.92,,42385,,422697,,689.78,,33782,,367,,363,,17929,,34977,,5425,,136,,1720,,3744,,618,,1976728068.09277,314882.756796726
159505,05566,Nordrhein-Westfalen,,,2023,,05566,STEINFURT,24179,,53.71,,282484,,627.5,,474,,19737,,16006,,1743,,37960,,84.32,,62203,,344623,,765.53,,23392,,242,,545,,11301,,29714,,6036,,105,,2533,,11451,,2022,,4774007207.90039,413314.069630737
159506,05570,Nordrhein-Westfalen,,,2023,,05570,WARENDORF,15534,,55.84,,178018,,639.95,,218,,10371,,10359,,1057,,22005,,79.1,,34358,,215557,,774.89,,15129,,157,,248,,7816,,19224,,3307,,73,,1503,,7618,,1238,,3453228538.81348,386742.885606074
159507,05558,Nordrhein-Westfalen,,,2024,,05558,COESFELD,13551,,60.31,,144619,,643.63,,283,,9982,,9072,,1119,,20456,,91.04,,30789,,178626,,794.98,,13153,,154,,244,,6510,,16108,,3804,,63,,919,,6886,,1267,,2912613838.7168,353530.64971137
159508,05562,Nordrhein-Westfalen,,,2024,,05562,RECKLINGHAUSEN,34783,,56.13,,363312,,586.24,,595,,19359,,6235,,1523,,27712,,44.72,,43096,,425807,,687.08,,34074,,377,,332,,17697,,36825,,5892,,138,,1825,,3803,,607,,1976728068.09277,314882.756796726
159509,05566,Nordrhein-Westfalen,,,2024,,05566,STEINFURT,24481,,53.63,,284045,,622.27,,484,,20481,,16243,,1777,,38985,,85.41,,63454,,347511,,761.31,,23714,,254,,513,,11155,,31213,,6485,,111,,2600,,11636,,2007,,4774007207.90039,413314.069630737
159510,05554,Nordrhein-Westfalen,,,2025,,05554,BORKEN,18915,,49.56,,238187,,624.14,,427,,20946,,14830,,2027,,38230,,100.18,,55209,,295332,,773.88,,18352,,246,,317,,9060,,28219,,5494,,94,,2695,,10714,,1421,,3737484873.40234,439341.651856024
159511,05558,Nordrhein-Westfalen,,,2025,,05558,COESFELD,13694,,60.55,,146071,,645.87,,268,,10284,,9098,,1212,,20862,,92.24,,31332,,180627,,798.67,,13302,,161,,231,,6418,,16875,,4149,,65,,874,,6977,,1247,,2912613838.7168,353530.64971137
159512,05562,Nordrhein-Westfalen,,,2025,,05562,RECKLINGHAUSEN,34869,,56.18,,365895,,589.54,,633,,19781,,6185,,1554,,28153,,45.36,,43750,,428917,,691.08,,34149,,398,,322,,17371,,38902,,6375,,140,,1793,,3799,,593,,1976728068.09277,314882.756796726
159513,05566,Nordrhein-Westfalen,,,2025,,05566,STEINFURT,24748,,53.89,,286019,,622.87,,483,,21358,,16324,,1845,,40010,,87.13,,64465,,350777,,763.9,,24004,,263,,481,,10949,,32606,,7074,,115,,2550,,11781,,1993,,4774007207.90039,413314.069630737
159514,05711,Nordrhein-Westfalen,,,2022,,05711,"BIELEFELD,STADT",12685,,38.03,,176926,,530.5,,251,,11044,,1990,,769,,14054,,42.14,,17051,,203665,,610.67,,12395,,120,,170,,7958,,18114,,2771,,74,,596,,1175,,219,,683024742.382324,159438.93548317
159515,05754,Nordrhein-Westfalen,,,2022,,05754,GUETERSLOH,19306,,52.92,,234701,,643.34,,413,,17629,,10732,,1253,,30027,,82.31,,44755,,284034,,778.56,,18737,,188,,381,,11182,,25423,,3592,,69,,2611,,6690,,1431,,2546242191.7876,342489.016045207
159516,05758,Nordrhein-Westfalen,,,2022,,05758,HERFORD,13734,,54.82,,164914,,658.22,,217,,10446,,4855,,703,,16221,,64.74,,26969,,194869,,777.77,,13442,,88,,204,,7987,,17129,,2419,,47,,1004,,3111,,740,,1196118174.01367,247655.209304132
159517,05762,Nordrhein-Westfalen,,,2022,,05762,HOEXTER,8523,,61,,91326,,653.59,,150,,5834,,7678,,610,,14272,,102.14,,20152,,114121,,816.73,,8140,,86,,297,,3850,,10779,,1306,,49,,523,,5823,,1332,,3118953838.69092,348603.624175401
159518,05711,Nordrhein-Westfalen,,,2023,,05711,"BIELEFELD,STADT",13009,,38.95,,178189,,533.5,,256,,11413,,2069,,809,,14547,,43.55,,17539,,205745,,616,,12727,,118,,164,,7824,,19197,,2970,,71,,623,,1230,,216,,683024742.382324,159438.93548317
159519,05754,Nordrhein-Westfalen,,,2023,,05754,GUETERSLOH,19861,,54.25,,236894,,647.07,,441,,18320,,10957,,1300,,31018,,84.72,,45501,,287773,,786.04,,19311,,199,,351,,11109,,26548,,3876,,74,,2690,,6846,,1421,,2546242191.7876,342489.016045207
159520,05758,Nordrhein-Westfalen,,,2023,,05758,HERFORD,14189,,56.61,,165929,,662.03,,220,,10680,,4976,,723,,16599,,66.23,,27723,,196717,,784.87,,13893,,96,,200,,7910,,17960,,2637,,53,,1061,,3178,,737,,1196118174.01367,247655.209304132
159521,05570,Nordrhein-Westfalen,,,2024,,05570,WARENDORF,15461,,54.78,,178891,,633.77,,200,,10677,,10493,,1104,,22474,,79.62,,34900,,216826,,768.17,,15060,,164,,237,,7761,,20216,,3577,,73,,1531,,7746,,1216,,3453228538.81348,386742.885606074
159522,05711,Nordrhein-Westfalen,,,2024,,05711,"BIELEFELD,STADT",13351,,39.46,,180639,,533.91,,274,,11779,,2070,,839,,14962,,44.22,,17786,,208952,,617.59,,13059,,124,,168,,7792,,19986,,3185,,76,,606,,1249,,215,,683024742.382324,159438.93548317
159523,05754,Nordrhein-Westfalen,,,2024,,05754,GUETERSLOH,20313,,54.71,,239412,,644.78,,444,,18957,,11020,,1335,,31756,,85.52,,46308,,291481,,785.01,,19785,,209,,319,,11142,,28082,,4221,,75,,2674,,6936,,1410,,2546242191.7876,342489.016045207
159524,05758,Nordrhein-Westfalen,,,2024,,05758,HERFORD,14487,,57.14,,166878,,658.16,,230,,10835,,4944,,724,,16733,,65.99,,28120,,198098,,781.29,,14190,,115,,182,,7913,,18641,,2840,,52,,1027,,3196,,721,,1196118174.01367,247655.209304132
159525,05570,Nordrhein-Westfalen,,,2025,,05570,WARENDORF,15639,,55.2,,180918,,638.62,,202,,10990,,10491,,1124,,22807,,80.51,,35438,,219364,,774.33,,15214,,181,,244,,7634,,21302,,3854,,75,,1499,,7802,,1190,,3453228538.81348,386742.885606074
159526,05711,Nordrhein-Westfalen,,,2025,,05711,"BIELEFELD,STADT",13540,,40.01,,182357,,538.86,,289,,12037,,2063,,813,,15202,,44.92,,17929,,211099,,623.8,,13251,,134,,155,,7786,,20973,,3417,,74,,598,,1253,,212,,683024742.382324,159438.93548317
159527,05754,Nordrhein-Westfalen,,,2025,,05754,GUETERSLOH,20401,,54.7,,241689,,648.07,,432,,19316,,11074,,1395,,32217,,86.39,,47190,,294307,,789.16,,19900,,211,,290,,11114,,29534,,4520,,77,,2628,,7049,,1397,,2546242191.7876,342489.016045207
159528,05758,Nordrhein-Westfalen,,,2025,,05758,HERFORD,14742,,58.24,,168046,,663.86,,215,,11137,,4955,,762,,17069,,67.43,,28518,,199857,,789.52,,14437,,128,,177,,7820,,19532,,3069,,53,,1004,,3250,,701,,1196118174.01367,247655.209304132
159529,05766,Nordrhein-Westfalen,,,2022,,05766,LIPPE,19432,,56,,219811,,633.52,,485,,13050,,7297,,1089,,21921,,63.18,,38688,,261164,,752.7,,18902,,140,,390,,10765,,23873,,3868,,85,,1015,,5076,,1206,,3278950223.31299,381572.311092208
159530,05770,Nordrhein-Westfalen,,,2022,,05770,MINDEN-LUEBBECKE,16604,,53.51,,206251,,664.75,,206,,14894,,10379,,1355,,26834,,86.49,,40246,,249689,,804.75,,16130,,112,,362,,9056,,21889,,2907,,82,,1283,,7318,,1778,,3082579481.56055,427022.460808716
159531,05774,Nordrhein-Westfalen,,,2022,,05774,PADERBORN,15641,,50.73,,187201,,607.14,,316,,12363,,9460,,1017,,23156,,75.1,,31585,,225998,,732.96,,15136,,146,,359,,8197,,20464,,2961,,78,,1560,,6478,,1422,,3235664135.7583,329518.828324641
159532,05762,Nordrhein-Westfalen,,,2023,,05762,HOEXTER,8727,,62.34,,91601,,654.32,,143,,5977,,7750,,629,,14499,,103.57,,20717,,114827,,820.23,,8360,,88,,279,,3886,,11093,,1396,,47,,544,,5894,,1312,,3118953838.69092,348603.624175401
159533,05766,Nordrhein-Westfalen,,,2023,,05766,LIPPE,19873,,57.41,,220417,,636.77,,471,,13460,,7381,,1113,,22425,,64.78,,39395,,262715,,758.96,,19320,,161,,392,,10761,,24577,,4229,,80,,996,,5188,,1197,,3278950223.31299,381572.311092208
159534,05770,Nordrhein-Westfalen,,,2023,,05770,MINDEN-LUEBBECKE,17117,,55,,206941,,664.95,,215,,15245,,10575,,1443,,27478,,88.29,,41256,,251536,,808.24,,16641,,127,,349,,9004,,22886,,3139,,77,,1383,,7450,,1742,,3082579481.56055,427022.460808716
159535,05774,Nordrhein-Westfalen,,,2023,,05774,PADERBORN,16480,,53.27,,188943,,610.71,,318,,12622,,9666,,1034,,23640,,76.41,,32252,,229063,,740.39,,15597,,164,,719,,8216,,21483,,3237,,80,,1617,,6612,,1437,,3235664135.7583,329518.828324641
159536,05762,Nordrhein-Westfalen,,,2024,,05762,HOEXTER,8887,,62.66,,92198,,650.11,,147,,6154,,7802,,648,,14751,,104.01,,21080,,115836,,816.79,,8540,,88,,259,,3855,,11550,,1550,,46,,528,,5977,,1297,,3118953838.69092,348603.624175401
159537,05766,Nordrhein-Westfalen,,,2024,,05766,LIPPE,20196,,57.61,,221464,,631.69,,465,,13750,,7457,,1126,,22798,,65.03,,40075,,264458,,754.33,,19656,,180,,360,,10691,,25765,,4548,,78,,980,,5289,,1188,,3278950223.31299,381572.311092208
159538,05770,Nordrhein-Westfalen,,,2024,,05770,MINDEN-LUEBBECKE,17557,,55.56,,209191,,662.05,,221,,16314,,10660,,1785,,28980,,91.72,,42182,,255728,,809.33,,17056,,157,,344,,8959,,24329,,3407,,74,,1437,,7501,,1722,,3082579481.56055,427022.460808716
159539,05774,Nordrhein-Westfalen,,,2024,,05774,PADERBORN,16252,,51.8,,190624,,607.55,,313,,13174,,9745,,1070,,24302,,77.45,,32790,,231178,,736.8,,15762,,168,,322,,8091,,22553,,3479,,78,,1559,,6761,,1425,,3235664135.7583,329518.828324641
159540,05762,Nordrhein-Westfalen,,,2025,,05762,HOEXTER,8952,,63.09,,92931,,654.98,,147,,6272,,7821,,674,,14914,,105.11,,21446,,116797,,823.19,,8611,,94,,247,,3802,,11979,,1685,,49,,534,,6011,,1276,,3118953838.69092,348603.624175401
159541,05766,Nordrhein-Westfalen,,,2025,,05766,LIPPE,20474,,58.53,,222558,,636.28,,453,,14084,,7442,,1093,,23072,,65.96,,40714,,266104,,760.77,,19936,,197,,341,,10526,,26909,,4893,,82,,933,,5352,,1157,,3278950223.31299,381572.311092208
159542,05770,Nordrhein-Westfalen,,,2025,,05770,MINDEN-LUEBBECKE,17923,,56.68,,210694,,666.34,,218,,16547,,10530,,1845,,29140,,92.16,,42943,,257757,,815.18,,17453,,156,,314,,8832,,25328,,3656,,73,,1348,,7527,,1655,,3082579481.56055,427022.460808716
159543,05774,Nordrhein-Westfalen,,,2025,,05774,PADERBORN,16352,,51.85,,192490,,610.3,,319,,13515,,9905,,1107,,24846,,78.78,,33286,,233688,,740.93,,15865,,165,,322,,8016,,23792,,3787,,80,,1703,,6815,,1387,,3235664135.7583,329518.828324641
159544,05911,Nordrhein-Westfalen,,,2022,,05911,"BOCHUM,STADT",16425,,45.07,,211173,,579.42,,202,,16683,,1219,,798,,18902,,51.86,,15223,,246500,,676.35,,16096,,162,,167,,9734,,19917,,2281,,87,,441,,696,,82,,372613969.869629,102710.368382851
159545,05913,Nordrhein-Westfalen,,,2022,,05913,"DORTMUND,STADT",23887,,40.65,,297919,,506.93,,439,,16631,,2462,,1097,,20629,,35.1,,26951,,342435,,582.67,,23330,,249,,308,,14115,,29378,,3363,,168,,1331,,974,,157,,721089966.552246,157846.839277375
159546,05914,Nordrhein-Westfalen,,,2022,,05914,"HAGEN,STADT",9078,,48.11,,99899,,529.44,,242,,5806,,1272,,498,,7818,,41.43,,8723,,116795,,618.99,,8830,,94,,154,,4880,,10812,,1117,,60,,587,,559,,126,,410351002.375977,136137.410864904
159547,05915,Nordrhein-Westfalen,,,2022,,05915,"HAMM,STADT",7570,,42.3,,99702,,557.1,,236,,5612,,1933,,373,,8154,,45.56,,13671,,115426,,644.96,,7356,,86,,128,,4435,,9451,,1289,,39,,482,,1202,,249,,591009697.627441,150565.578347887
159548,05911,Nordrhein-Westfalen,,,2023,,05911,"BOCHUM,STADT",16604,,45.69,,214175,,589.3,,179,,16494,,1283,,806,,18762,,51.62,,15461,,249541,,686.61,,16278,,167,,159,,9608,,21355,,2537,,85,,468,,727,,88,,372613969.869629,102710.368382851
159549,05913,Nordrhein-Westfalen,,,2023,,05913,"DORTMUND,STADT",24277,,41.37,,297945,,507.7,,441,,16999,,2582,,1140,,21162,,36.06,,27587,,343384,,585.13,,23731,,266,,280,,13976,,30756,,3713,,160,,1417,,1011,,154,,721089966.552246,157846.839277375
159550,05914,Nordrhein-Westfalen,,,2023,,05914,"HAGEN,STADT",9238,,48.95,,99840,,529.06,,248,,5850,,1305,,504,,7907,,41.9,,8804,,116985,,619.91,,9004,,109,,125,,4857,,11410,,1241,,61,,581,,598,,126,,410351002.375977,136137.410864904
159551,05915,Nordrhein-Westfalen,,,2023,,05915,"HAMM,STADT",7726,,43.1,,99677,,556.12,,200,,5751,,1982,,383,,8316,,46.4,,14005,,115719,,645.62,,7526,,87,,113,,4438,,9836,,1372,,39,,501,,1234,,247,,591009697.627441,150565.578347887
159552,05911,Nordrhein-Westfalen,,,2024,,05911,"BOCHUM,STADT",16740,,45.77,,216772,,592.69,,176,,15761,,1300,,826,,18063,,49.39,,15497,,251575,,687.85,,16388,,181,,171,,9523,,22103,,2733,,84,,457,,757,,86,,372613969.869629,102710.368382851
159553,05913,Nordrhein-Westfalen,,,2024,,05913,"DORTMUND,STADT",24601,,41.46,,300029,,505.68,,450,,17454,,2587,,1157,,21648,,36.49,,27801,,346278,,583.63,,24053,,277,,271,,13783,,32808,,3966,,167,,1413,,1021,,153,,721089966.552246,157846.839277375
159554,05914,Nordrhein-Westfalen,,,2024,,05914,"HAGEN,STADT",9391,,49.48,,100433,,529.2,,269,,5979,,1321,,523,,8092,,42.64,,8910,,117916,,621.32,,9148,,117,,126,,4799,,11842,,1315,,67,,590,,613,,118,,410351002.375977,136137.410864904
159555,05915,Nordrhein-Westfalen,,,2024,,05915,"HAMM,STADT",7831,,43.3,,100690,,556.76,,225,,5857,,2012,,396,,8490,,46.95,,14180,,117011,,647.01,,7635,,90,,106,,4425,,10527,,1530,,42,,501,,1270,,241,,591009697.627441,150565.578347887
159556,05911,Nordrhein-Westfalen,,,2025,,05911,"BOCHUM,STADT",16865,,46.03,,214715,,586.04,,165,,16133,,1307,,838,,18443,,50.34,,15596,,250023,,682.41,,16529,,187,,149,,9320,,22589,,2947,,78,,449,,780,,78,,372613969.869629,102710.368382851
159557,05913,Nordrhein-Westfalen,,,2025,,05913,"DORTMUND,STADT",24722,,41.52,,302691,,508.32,,434,,17871,,2683,,1182,,22170,,37.23,,28260,,349583,,587.07,,24180,,282,,260,,13551,,34870,,4247,,144,,1490,,1047,,146,,721089966.552246,157846.839277375
159558,05914,Nordrhein-Westfalen,,,2025,,05914,"HAGEN,STADT",9470,,49.71,,100713,,528.7,,253,,6202,,1329,,545,,8329,,43.72,,9004,,118512,,622.14,,9227,,118,,125,,4697,,12360,,1366,,63,,577,,631,,121,,410351002.375977,136137.410864904
159559,05916,Nordrhein-Westfalen,,,2022,,05916,"HERNE,STADT",6621,,42.19,,78821,,502.24,,175,,4574,,375,,356,,5480,,34.92,,6149,,90922,,579.34,,6474,,69,,78,,3623,,6257,,705,,36,,167,,187,,21,,132938220.158691,63678.4856171936
159560,05954,Nordrhein-Westfalen,,,2022,,05954,ENNEPE-RUHR-KREIS,21569,,66.75,,201765,,624.41,,397,,11011,,3617,,821,,15846,,49.04,,21958,,239180,,740.2,,21101,,199,,269,,12595,,24979,,3158,,107,,670,,2454,,493,,1051715924.23242,268444.077405244
159561,05958,Nordrhein-Westfalen,,,2022,,05958,HOCHSAUERLANDKREIS,14724,,56.84,,170729,,659.11,,433,,11520,,10109,,1026,,23088,,89.13,,32805,,208541,,805.08,,14144,,146,,434,,7030,,26370,,2742,,72,,981,,7678,,1450,,5008161735.30273,554673.514650492
159562,05962,Nordrhein-Westfalen,,,2022,,05962,MAERKISCHER KREIS,22667,,55.47,,256494,,627.64,,504,,14044,,6615,,1205,,22368,,54.73,,31625,,301529,,737.84,,21962,,240,,465,,13253,,34315,,3817,,98,,1084,,4602,,929,,2704893347.6167,326519.188589164
159563,05916,Nordrhein-Westfalen,,,2023,,05916,"HERNE,STADT",6674,,42.61,,78784,,503.02,,179,,4930,,418,,369,,5896,,37.65,,6383,,91354,,583.28,,6531,,61,,82,,3583,,6593,,773,,34,,183,,214,,21,,132938220.158691,63678.4856171936
159564,05954,Nordrhein-Westfalen,,,2023,,05954,ENNEPE-RUHR-KREIS,22136,,68.71,,202134,,627.47,,412,,11330,,3714,,837,,16293,,50.58,,22479,,240563,,746.76,,21655,,221,,260,,12459,,25382,,3471,,111,,698,,2531,,485,,1051715924.23242,268444.077405244
159565,05958,Nordrhein-Westfalen,,,2023,,05958,HOCHSAUERLANDKREIS,14968,,57.88,,171631,,663.65,,439,,11916,,10357,,1074,,23786,,91.97,,33678,,210385,,813.51,,14409,,149,,410,,7098,,26880,,2944,,81,,1004,,7893,,1460,,5008161735.30273,554673.514650492
159566,05962,Nordrhein-Westfalen,,,2023,,05962,MAERKISCHER KREIS,23248,,57.15,,256655,,630.92,,514,,14370,,6803,,1237,,22924,,56.35,,32423,,302827,,744.43,,22529,,273,,446,,13251,,34995,,4136,,98,,1109,,4760,,934,,2704893347.6167,326519.188589164
159567,05916,Nordrhein-Westfalen,,,2024,,05916,"HERNE,STADT",6799,,43.2,,79465,,504.96,,183,,5250,,398,,391,,6222,,39.54,,6495,,92486,,587.71,,6642,,77,,80,,3535,,7055,,852,,43,,167,,210,,21,,132938220.158691,63678.4856171936
159568,05954,Nordrhein-Westfalen,,,2024,,05954,ENNEPE-RUHR-KREIS,22476,,69.12,,202989,,624.21,,376,,11635,,3786,,866,,16663,,51.24,,22883,,242128,,744.57,,21987,,232,,257,,12303,,26216,,3736,,128,,720,,2586,,480,,1051715924.23242,268444.077405244
159569,05958,Nordrhein-Westfalen,,,2024,,05958,HOCHSAUERLANDKREIS,15184,,58.03,,172894,,660.79,,433,,12341,,10557,,1106,,24437,,93.4,,34343,,212515,,812.22,,14615,,174,,395,,7136,,27729,,3176,,83,,1065,,8023,,1469,,5008161735.30273,554673.514650492
159570,05915,Nordrhein-Westfalen,,,2025,,05915,"HAMM,STADT",8016,,44.35,,101506,,561.55,,222,,6061,,1974,,395,,8652,,47.86,,14365,,118174,,653.76,,7802,,104,,110,,4310,,11156,,1663,,43,,473,,1274,,227,,591009697.627441,150565.578347887
159571,05916,Nordrhein-Westfalen,,,2025,,05916,"HERNE,STADT",6875,,43.54,,80378,,509.06,,185,,5504,,414,,385,,6488,,41.09,,6651,,93741,,593.69,,6718,,80,,77,,3468,,7573,,928,,45,,170,,223,,21,,132938220.158691,63678.4856171936
159572,05954,Nordrhein-Westfalen,,,2025,,05954,ENNEPE-RUHR-KREIS,22644,,69.69,,204281,,628.66,,383,,11928,,3819,,881,,17011,,52.35,,23151,,243936,,750.7,,22135,,242,,267,,12157,,27184,,4154,,117,,732,,2619,,468,,1051715924.23242,268444.077405244
159573,05958,Nordrhein-Westfalen,,,2025,,05958,HOCHSAUERLANDKREIS,15384,,58.77,,173935,,664.45,,419,,12490,,10682,,1053,,24644,,94.14,,34880,,213963,,817.36,,14808,,187,,389,,7148,,28623,,3444,,93,,1042,,8186,,1454,,5008161735.30273,554673.514650492
159574,05966,Nordrhein-Westfalen,,,2022,,05966,OLPE,8067,,60.49,,91117,,683.23,,93,,6821,,5182,,488,,12584,,94.36,,15605,,111768,,838.08,,7819,,66,,182,,4044,,14856,,1127,,36,,518,,3778,,886,,1801814148.271,305336.142543591
159575,05970,Nordrhein-Westfalen,,,2022,,05970,SIEGEN-WITTGENSTEIN,15478,,56.18,,178233,,646.96,,231,,10441,,9623,,898,,21193,,76.93,,28311,,214904,,780.08,,15028,,130,,320,,8158,,26704,,2445,,86,,1081,,6250,,2292,,2851858363.63184,351806.052774653
159576,05974,Nordrhein-Westfalen,,,2022,,05974,SOEST,17300,,57.47,,194461,,646.02,,204,,11403,,9295,,1237,,22139,,73.55,,36737,,233900,,777.04,,16852,,133,,315,,9109,,21297,,3388,,67,,1556,,6652,,1087,,3435003965.92627,353964.986928418
159577,05978,Nordrhein-Westfalen,,,2022,,05978,UNNA,22128,,56.22,,242552,,616.21,,282,,12726,,4097,,1095,,18200,,46.24,,30676,,282880,,718.67,,21599,,254,,275,,12063,,23393,,3745,,98,,1040,,2608,,449,,1403467151.74072,320852.813679234
159578,05966,Nordrhein-Westfalen,,,2023,,05966,OLPE,8270,,62.12,,91308,,685.91,,99,,7066,,5292,,508,,12965,,97.39,,16033,,112543,,845.43,,8021,,68,,181,,4018,,15096,,1246,,35,,512,,3905,,875,,1801814148.271,305336.142543591
159579,05970,Nordrhein-Westfalen,,,2023,,05970,SIEGEN-WITTGENSTEIN,15554,,56.7,,179021,,652.55,,236,,10722,,9717,,919,,21594,,78.71,,28919,,216169,,787.95,,15100,,153,,301,,8113,,27345,,2674,,83,,1083,,6360,,2274,,2851858363.63184,351806.052774653
159580,05974,Nordrhein-Westfalen,,,2023,,05974,SOEST,17687,,58.51,,195380,,646.32,,224,,11678,,9399,,1268,,22569,,74.66,,37545,,235636,,779.48,,17239,,149,,299,,9077,,22124,,3692,,63,,1546,,6773,,1080,,3435003965.92627,353964.986928418
159581,05962,Nordrhein-Westfalen,,,2024,,05962,MAERKISCHER KREIS,23607,,57.53,,257669,,627.93,,517,,14798,,6813,,1274,,23402,,57.03,,32792,,304678,,742.49,,22892,,288,,427,,13194,,36310,,4458,,104,,1063,,4827,,923,,2704893347.6167,326519.188589164
159582,05966,Nordrhein-Westfalen,,,2024,,05966,OLPE,8444,,62.81,,92332,,686.79,,102,,7466,,5447,,520,,13535,,100.68,,16351,,114311,,850.28,,8197,,73,,174,,3990,,15625,,1366,,37,,557,,4004,,886,,1801814148.271,305336.142543591
159583,05970,Nordrhein-Westfalen,,,2024,,05970,SIEGEN-WITTGENSTEIN,15778,,56.93,,179773,,648.68,,246,,11119,,9803,,923,,22091,,79.71,,29385,,217642,,785.33,,15334,,159,,285,,8094,,28091,,2881,,82,,1107,,6457,,2239,,2851858363.63184,351806.052774653
159584,05974,Nordrhein-Westfalen,,,2024,,05974,SOEST,18063,,59.02,,196858,,643.18,,252,,11984,,9500,,1295,,23031,,75.25,,38095,,237952,,777.45,,17610,,165,,288,,9077,,23036,,3953,,71,,1577,,6865,,1058,,3435003965.92627,353964.986928418
159585,05962,Nordrhein-Westfalen,,,2025,,05962,MAERKISCHER KREIS,23730,,58.08,,258977,,633.85,,533,,15329,,6862,,1346,,24070,,58.91,,33296,,306777,,750.84,,23018,,305,,407,,12919,,37665,,4821,,103,,1031,,4917,,914,,2704893347.6167,326519.188589164
159586,05966,Nordrhein-Westfalen,,,2025,,05966,OLPE,8562,,63.74,,92829,,691.04,,105,,7964,,5504,,534,,14107,,105.02,,16611,,115498,,859.8,,8325,,77,,160,,3933,,15997,,1521,,36,,539,,4077,,888,,1801814148.271,305336.142543591
159587,05970,Nordrhein-Westfalen,,,2025,,05970,SIEGEN-WITTGENSTEIN,15912,,57.52,,180326,,651.88,,249,,11344,,9832,,901,,22326,,80.71,,29795,,218564,,790.11,,15463,,165,,284,,7934,,29006,,3079,,80,,1000,,6651,,2181,,2851858363.63184,351806.052774653
159588,05974,Nordrhein-Westfalen,,,2025,,05974,SOEST,18232,,59.45,,198231,,646.39,,288,,12358,,9464,,1328,,23438,,76.43,,38675,,239901,,782.27,,17778,,186,,268,,8945,,24128,,4273,,75,,1503,,6912,,1049,,3435003965.92627,353964.986928418
159589,06411,Hessen,,,2022,,06411,"DARMSTADT,STADT",5607,,35.23,,73192,,459.82,,127,,4355,,644,,346,,5472,,34.38,,4710,,84271,,529.43,,5485,,74,,48,,3637,,8508,,1042,,41,,109,,462,,73,,295271031.33252,96943.4241433985
159590,06412,Hessen,,,2022,,06412,"FRANKFURT AM MAIN,STADT",23185,,30.34,,343598,,449.67,,716,,25056,,1974,,2290,,30036,,39.31,,16165,,396819,,519.33,,22603,,369,,213,,16685,,55989,,2408,,265,,522,,1208,,244,,602768992.793457,167920.417533983
159591,06413,Hessen,,,2022,,06413,"OFFENBACH AM MAIN,STADT",4126,,31.52,,58326,,445.6,,88,,3991,,455,,204,,4738,,36.2,,3424,,67190,,513.32,,4014,,80,,32,,2481,,7057,,408,,39,,327,,108,,20,,109973141.927734,63393.794400531
159592,05978,Nordrhein-Westfalen,,,2023,,05978,UNNA,22636,,57.59,,242913,,618,,286,,13063,,4158,,1091,,18598,,47.32,,31311,,284147,,722.9,,22130,,255,,251,,11925,,24412,,4072,,102,,1044,,2660,,454,,1403467151.74072,320852.813679234
159593,06411,Hessen,,,2023,,06411,"DARMSTADT,STADT",7137,,44.71,,73020,,457.43,,142,,4530,,664,,397,,5733,,35.91,,4838,,85890,,538.05,,7009,,80,,48,,3574,,8739,,1136,,43,,129,,463,,72,,295271031.33252,96943.4241433985
159594,06412,Hessen,,,2023,,06412,"FRANKFURT AM MAIN,STADT",23937,,31.53,,347638,,457.89,,720,,25570,,1962,,2464,,30716,,40.46,,16190,,402291,,529.87,,23302,,424,,211,,16410,,57977,,2649,,269,,460,,1263,,239,,602768992.793457,167920.417533983
159595,06413,Hessen,,,2023,,06413,"OFFENBACH AM MAIN,STADT",4260,,32.45,,59192,,450.83,,84,,4059,,489,,210,,4842,,36.88,,3475,,68294,,520.16,,4135,,91,,34,,2427,,7819,,444,,41,,345,,123,,21,,109973141.927734,63393.794400531
159596,05978,Nordrhein-Westfalen,,,2024,,05978,UNNA,22866,,57.33,,244986,,614.21,,283,,13414,,4178,,1112,,18987,,47.6,,31793,,286839,,719.14,,22360,,261,,245,,11855,,25691,,4437,,110,,1040,,2695,,443,,1403467151.74072,320852.813679234
159597,06411,Hessen,,,2024,,06411,"DARMSTADT,STADT",5722,,35.27,,73615,,453.73,,148,,4615,,678,,383,,5824,,35.9,,4922,,85161,,524.9,,5584,,86,,52,,3513,,9193,,1258,,40,,138,,473,,67,,295271031.33252,96943.4241433985
159598,06412,Hessen,,,2024,,06412,"FRANKFURT AM MAIN,STADT",24605,,31.83,,342708,,443.31,,734,,26625,,1988,,2568,,31915,,41.28,,16280,,399228,,516.42,,23943,,458,,204,,16154,,59562,,2813,,299,,469,,1282,,237,,602768992.793457,167920.417533983
159599,06413,Hessen,,,2024,,06413,"OFFENBACH AM MAIN,STADT",4383,,32.67,,59721,,445.11,,81,,4166,,478,,203,,4928,,36.73,,3534,,69032,,514.51,,4254,,90,,39,,2410,,8341,,464,,44,,320,,137,,21,,109973141.927734,63393.794400531
159600,05978,Nordrhein-Westfalen,,,2025,,05978,UNNA,23057,,57.72,,246727,,617.67,,293,,13951,,4131,,1142,,19517,,48.86,,32233,,289301,,724.25,,22551,,269,,237,,11638,,27068,,4841,,118,,1031,,2682,,418,,1403467151.74072,320852.813679234
159601,06411,Hessen,,,2025,,06411,"DARMSTADT,STADT",5707,,34.63,,73790,,447.78,,154,,4693,,675,,390,,5912,,35.88,,4936,,85409,,518.28,,5570,,85,,52,,3537,,9520,,1337,,42,,133,,479,,63,,295271031.33252,96943.4241433985
159602,06412,Hessen,,,2025,,06412,"FRANKFURT AM MAIN,STADT",25095,,32.35,,346011,,446.01,,742,,27945,,2012,,2654,,33353,,42.99,,16437,,404459,,521.35,,24402,,473,,220,,15866,,61892,,2978,,323,,461,,1311,,240,,602768992.793457,167920.417533983
159603,06413,Hessen,,,2025,,06413,"OFFENBACH AM MAIN,STADT",4439,,32.76,,60950,,449.85,,83,,4285,,460,,201,,5029,,37.12,,3733,,70418,,519.73,,4301,,99,,39,,2398,,9149,,500,,40,,306,,133,,21,,109973141.927734,63393.794400531
159604,06414,Hessen,,,2022,,06414,"WIESBADEN,STADT",11613,,41.68,,191628,,687.8,,376,,18341,,1857,,3002,,23576,,84.62,,11165,,226817,,814.11,,11316,,162,,135,,8983,,23735,,1365,,131,,324,,1171,,362,,494335980.980469,119047.025682551
159605,06431,Hessen,,,2022,,06431,BERGSTRASSE,18749,,69.18,,176649,,651.81,,257,,11811,,6371,,1072,,19511,,71.99,,23925,,214909,,792.98,,18202,,238,,309,,10613,,24249,,2694,,74,,480,,4645,,1246,,1710790289.23535,355646.207550815
159606,06432,Hessen,,,2022,,06432,DARMSTADT-DIEBURG,19828,,66.6,,190619,,640.3,,141,,11791,,6172,,802,,18906,,63.51,,24818,,229353,,770.41,,19293,,258,,277,,10529,,22821,,3022,,51,,1152,,3990,,1030,,1581619194.06055,331699.889455553
159607,06433,Hessen,,,2022,,06433,GROSS-GERAU,15172,,55.01,,156731,,568.26,,220,,10960,,3140,,896,,15216,,55.17,,16681,,187119,,678.44,,14759,,224,,189,,7612,,17036,,1754,,40,,767,,1970,,403,,1091595325.1582,216581.27454684
159608,06414,Hessen,,,2023,,06414,"WIESBADEN,STADT",11871,,42.56,,213111,,763.98,,348,,20651,,2470,,3203,,26672,,95.62,,14648,,251654,,902.15,,11556,,173,,142,,8895,,30960,,3470,,125,,925,,1191,,354,,494335980.980469,119047.025682551
159609,06431,Hessen,,,2023,,06431,BERGSTRASSE,19129,,70.54,,176662,,651.49,,262,,12007,,6485,,1069,,19823,,73.1,,24363,,215614,,795.14,,18583,,258,,288,,10467,,25031,,2888,,76,,495,,4764,,1226,,1710790289.23535,355646.207550815
159610,06432,Hessen,,,2023,,06432,DARMSTADT-DIEBURG,20354,,68.56,,189974,,639.86,,139,,12115,,6084,,804,,19142,,64.47,,25251,,229470,,772.89,,19733,,283,,338,,10332,,23676,,3107,,48,,1028,,4023,,1033,,1581619194.06055,331699.889455553
159611,06433,Hessen,,,2023,,06433,GROSS-GERAU,18400,,66.59,,157450,,569.84,,254,,11278,,3222,,769,,15523,,56.18,,17168,,191373,,692.61,,17981,,238,,181,,7468,,18203,,1916,,43,,845,,1979,,398,,1091595325.1582,216581.27454684
159612,06414,Hessen,,,2024,,06414,"WIESBADEN,STADT",12172,,43,,243431,,859.93,,363,,23280,,2575,,3386,,29604,,104.58,,15952,,285207,,1007.5,,11850,,192,,130,,9298,,36914,,6336,,137,,1021,,1214,,340,,494335980.980469,119047.025682551
159613,06431,Hessen,,,2024,,06431,BERGSTRASSE,19499,,70.85,,177569,,645.22,,274,,12287,,6578,,1083,,20222,,73.48,,24737,,217290,,789.56,,18951,,276,,272,,10449,,26022,,3150,,76,,514,,4841,,1223,,1710790289.23535,355646.207550815
159614,06432,Hessen,,,2024,,06432,DARMSTADT-DIEBURG,20517,,68.24,,190695,,634.26,,137,,12504,,6043,,828,,19512,,64.9,,25397,,230724,,767.4,,19975,,295,,247,,10230,,24741,,3324,,43,,935,,4071,,1037,,1581619194.06055,331699.889455553
159615,06433,Hessen,,,2024,,06433,GROSS-GERAU,16910,,60.33,,159377,,568.58,,288,,11843,,3348,,773,,16252,,57.98,,17565,,192539,,686.88,,16459,,255,,196,,7423,,19700,,2083,,45,,912,,2035,,401,,1091595325.1582,216581.27454684
159616,06414,Hessen,,,2025,,06414,"WIESBADEN,STADT",12463,,43.65,,224004,,784.54,,302,,22907,,2819,,3452,,29480,,103.25,,16355,,265947,,931.44,,12120,,208,,135,,9131,,33288,,9608,,131,,1250,,1240,,329,,494335980.980469,119047.025682551
159617,06431,Hessen,,,2025,,06431,BERGSTRASSE,19680,,71.23,,178843,,647.29,,280,,12483,,6675,,1119,,20557,,74.4,,25164,,219080,,792.92,,19130,,301,,249,,10353,,27118,,3436,,78,,601,,4876,,1198,,1710790289.23535,355646.207550815
159618,06432,Hessen,,,2025,,06432,DARMSTADT-DIEBURG,20591,,68.22,,191514,,634.52,,139,,12808,,6032,,832,,19811,,65.64,,25654,,231916,,768.37,,20038,,310,,243,,10085,,25866,,3603,,48,,932,,4092,,1008,,1581619194.06055,331699.889455553
159619,06434,Hessen,,,2022,,06434,HOCHTAUNUSKREIS,12876,,54.26,,163192,,687.76,,63,,9151,,3521,,676,,13411,,56.52,,13410,,189479,,798.54,,12544,,152,,180,,12023,,28691,,1687,,47,,435,,2213,,873,,1176282357.19824,233818.426597224
159620,06435,Hessen,,,2022,,06435,MAIN-KINZIG-KREIS,24685,,58.54,,263068,,623.84,,287,,17214,,10286,,1516,,29303,,69.49,,34302,,317056,,751.87,,23674,,418,,593,,13185,,33996,,3265,,106,,915,,7484,,1887,,3411344296.19727,470869.603895506
159621,06436,Hessen,,,2022,,06436,MAIN-TAUNUS-KREIS,12771,,53.38,,180465,,754.25,,162,,14083,,2090,,716,,17051,,71.26,,10570,,210287,,878.89,,12480,,167,,124,,10046,,23414,,1885,,31,,228,,1424,,438,,537931033.452148,183074.779554967
159622,06437,Hessen,,,2022,,06437,ODENWALDKREIS,6459,,66.76,,63374,,655,,195,,3834,,4449,,494,,8972,,92.73,,11848,,78805,,814.49,,6170,,65,,224,,3136,,9820,,1075,,37,,80,,3191,,1178,,1490123250.30762,270289.628412884
159623,06434,Hessen,,,2023,,06434,HOCHTAUNUSKREIS,13180,,55.6,,164009,,691.9,,63,,9765,,3526,,683,,14037,,59.22,,13662,,191226,,806.72,,12841,,168,,171,,11896,,30369,,1818,,53,,434,,2232,,860,,1176282357.19824,233818.426597224
159624,06435,Hessen,,,2023,,06435,MAIN-KINZIG-KREIS,25283,,59.71,,263855,,623.09,,309,,17786,,10539,,1651,,30285,,71.52,,35249,,319423,,754.31,,24280,,436,,567,,13111,,35175,,3602,,109,,1012,,7651,,1876,,3411344296.19727,470869.603895506
159625,06436,Hessen,,,2023,,06436,MAIN-TAUNUS-KREIS,12942,,54.09,,186323,,778.69,,162,,15442,,2123,,738,,18465,,77.17,,10757,,217730,,909.95,,12658,,170,,114,,9907,,24766,,2425,,30,,234,,1458,,431,,537931033.452148,183074.779554967
159626,06437,Hessen,,,2023,,06437,ODENWALDKREIS,6595,,68.02,,63454,,654.48,,211,,3940,,4475,,510,,9136,,94.23,,12102,,79185,,816.74,,6304,,79,,212,,3166,,10123,,1160,,35,,82,,3257,,1136,,1490123250.30762,270289.628412884
159627,06434,Hessen,,,2024,,06434,HOCHTAUNUSKREIS,13292,,55.5,,166027,,693.26,,59,,9603,,3538,,711,,13911,,58.09,,13843,,193230,,806.85,,12950,,176,,166,,11993,,30410,,1953,,60,,432,,2251,,855,,1176282357.19824,233818.426597224
159628,06435,Hessen,,,2024,,06435,MAIN-KINZIG-KREIS,25797,,59.88,,266094,,617.62,,314,,18319,,10669,,1629,,30931,,71.79,,36018,,322822,,749.29,,24795,,459,,543,,13067,,36946,,3949,,106,,1034,,7794,,1841,,3411344296.19727,470869.603895506
159629,06436,Hessen,,,2024,,06436,MAIN-TAUNUS-KREIS,13155,,54.27,,188186,,776.28,,171,,14938,,2169,,759,,18037,,74.4,,10900,,219378,,904.95,,12859,,182,,114,,9787,,26074,,2948,,29,,268,,1489,,412,,537931033.452148,183074.779554967
159630,06433,Hessen,,,2025,,06433,GROSS-GERAU,15857,,56.29,,167720,,595.36,,363,,13814,,3335,,797,,18309,,64.99,,17856,,201886,,716.64,,15385,,276,,196,,7311,,21214,,2261,,46,,861,,2082,,392,,1091595325.1582,216581.27454684
159631,06434,Hessen,,,2025,,06434,HOCHTAUNUSKREIS,13457,,55.73,,165836,,686.84,,57,,10517,,3534,,701,,14809,,61.33,,13952,,194102,,803.9,,13112,,176,,169,,11606,,31868,,2094,,59,,415,,2276,,843,,1176282357.19824,233818.426597224
159632,06435,Hessen,,,2025,,06435,MAIN-KINZIG-KREIS,26346,,60.7,,268759,,619.26,,312,,18959,,10725,,1654,,31650,,72.93,,36494,,326755,,752.89,,25364,,475,,507,,12865,,38696,,4255,,107,,985,,7954,,1786,,3411344296.19727,470869.603895506
159633,06436,Hessen,,,2025,,06436,MAIN-TAUNUS-KREIS,13430,,55.2,,184781,,759.46,,181,,12719,,2146,,739,,15785,,64.88,,10962,,213996,,879.53,,13132,,192,,106,,9643,,27212,,2868,,27,,214,,1519,,413,,537931033.452148,183074.779554967
159634,06438,Hessen,,,2022,,06438,OFFENBACH,18977,,53.23,,218684,,613.35,,260,,13320,,2313,,833,,16726,,46.91,,17526,,254387,,713.48,,18493,,302,,182,,12430,,26953,,2231,,51,,540,,1398,,375,,862184819.368164,181802.920815934
159635,06439,Hessen,,,2022,,06439,RHEINGAU-TAUNUS-KREIS,13602,,72.57,,123638,,659.64,,83,,6650,,5455,,717,,12905,,68.85,,16451,,150145,,801.06,,13138,,158,,306,,8279,,19004,,1720,,35,,108,,4137,,1210,,1974403215.5835,316286.311373139
159636,06440,Hessen,,,2022,,06440,WETTERAUKREIS,18429,,59.38,,195942,,631.35,,228,,12922,,9247,,1057,,23454,,75.57,,28105,,237825,,766.3,,17764,,234,,431,,10185,,26330,,2485,,56,,495,,6491,,2261,,2700559922.90088,413227.16274375
159637,06531,Hessen,,,2022,,06531,GIESSEN,14173,,52.17,,156502,,576.08,,238,,10774,,6537,,979,,18528,,68.2,,22574,,189203,,696.45,,13638,,165,,370,,7543,,19016,,2292,,59,,775,,4302,,1460,,2118012922.03564,342180.776865948
159638,06438,Hessen,,,2023,,06438,OFFENBACH,19435,,54.37,,219548,,614.18,,186,,13566,,2350,,826,,16928,,47.36,,17793,,255911,,715.9,,18934,,338,,163,,12325,,28599,,2456,,53,,523,,1457,,370,,862184819.368164,181802.920815934
159639,06439,Hessen,,,2023,,06439,RHEINGAU-TAUNUS-KREIS,13855,,74,,123491,,659.57,,85,,6704,,5484,,751,,13024,,69.56,,16838,,150370,,803.13,,13387,,169,,299,,8155,,19418,,1938,,44,,112,,4189,,1183,,1974403215.5835,316286.311373139
159640,06440,Hessen,,,2023,,06440,WETTERAUKREIS,18844,,60.46,,196850,,631.62,,233,,12692,,9264,,1092,,23281,,74.7,,28671,,238975,,766.78,,18187,,258,,399,,10064,,27412,,2785,,57,,484,,6552,,2228,,2700559922.90088,413227.16274375
159641,06437,Hessen,,,2024,,06437,ODENWALDKREIS,6652,,68.17,,63776,,653.6,,227,,4058,,4523,,517,,9325,,95.57,,12358,,79753,,817.33,,6363,,81,,208,,3131,,10520,,1266,,37,,85,,3320,,1118,,1490123250.30762,270289.628412884
159642,06438,Hessen,,,2024,,06438,OFFENBACH,19835,,54.77,,222172,,613.5,,183,,13933,,2333,,833,,17282,,47.72,,17917,,259289,,716,,19315,,358,,162,,12294,,30920,,2645,,55,,525,,1450,,358,,862184819.368164,181802.920815934
159643,06439,Hessen,,,2024,,06439,RHEINGAU-TAUNUS-KREIS,14011,,73.89,,123849,,653.16,,87,,6872,,5500,,796,,13255,,69.91,,17116,,151115,,796.96,,13545,,173,,293,,8060,,19929,,2116,,47,,102,,4233,,1165,,1974403215.5835,316286.311373139
159644,06440,Hessen,,,2024,,06440,WETTERAUKREIS,19108,,60.22,,198272,,624.88,,235,,12969,,9343,,1099,,23646,,74.52,,29167,,241026,,759.62,,18471,,274,,363,,9988,,28624,,2978,,56,,499,,6645,,2199,,2700559922.90088,413227.16274375
159645,06437,Hessen,,,2025,,06437,ODENWALDKREIS,6691,,68.85,,64185,,660.46,,223,,4186,,4549,,504,,9462,,97.36,,12552,,80338,,826.68,,6408,,92,,191,,3123,,10889,,1360,,35,,80,,3361,,1108,,1490123250.30762,270289.628412884
159646,06438,Hessen,,,2025,,06438,OFFENBACH,20064,,55.05,,220835,,605.93,,167,,14398,,2322,,845,,17732,,48.65,,17981,,258631,,709.63,,19540,,376,,148,,12140,,31195,,2861,,57,,529,,1447,,346,,862184819.368164,181802.920815934
159647,06439,Hessen,,,2025,,06439,RHEINGAU-TAUNUS-KREIS,14040,,73.93,,124045,,653.15,,87,,7072,,5521,,798,,13478,,70.97,,17393,,151563,,798.04,,13597,,168,,275,,8022,,20626,,2253,,49,,112,,4283,,1126,,1974403215.5835,316286.311373139
159648,06440,Hessen,,,2025,,06440,WETTERAUKREIS,19221,,60.34,,199295,,625.61,,244,,13406,,9388,,1137,,24175,,75.89,,29628,,242691,,761.84,,18595,,286,,340,,9912,,29792,,3241,,46,,489,,6741,,2158,,2700559922.90088,413227.16274375
159649,06532,Hessen,,,2022,,06532,LAHN-DILL-KREIS,16152,,63.75,,165738,,654.13,,209,,10473,,7536,,1188,,19406,,76.59,,27332,,201296,,794.47,,15577,,189,,386,,8162,,24574,,2315,,51,,631,,4774,,2131,,2647193281.38135,345476.62324476
159650,06533,Hessen,,,2022,,06533,LIMBURG-WEILBURG,11760,,68.26,,113974,,661.52,,217,,7950,,5236,,722,,14125,,81.98,,18269,,139859,,811.76,,11270,,152,,338,,6321,,15730,,1558,,59,,439,,3864,,933,,1818149985.01563,270065.436015559
159651,06534,Hessen,,,2022,,06534,MARBURG-BIEDENKOPF,14482,,58.89,,145037,,589.81,,384,,7941,,9891,,837,,19053,,77.48,,22757,,178572,,726.19,,13970,,136,,376,,6877,,18931,,1947,,113,,408,,7234,,2249,,3160339848.18018,347449.054877576
159652,06531,Hessen,,,2023,,06531,GIESSEN,14417,,52.83,,157470,,577.08,,243,,11048,,6652,,1016,,18959,,69.48,,23220,,190846,,699.39,,13893,,177,,347,,7550,,19926,,2491,,67,,798,,4436,,1418,,2118012922.03564,342180.776865948
159653,06532,Hessen,,,2023,,06532,LAHN-DILL-KREIS,16336,,64.48,,166111,,655.62,,205,,10752,,7642,,1157,,19756,,77.97,,27880,,202203,,798.07,,15784,,203,,349,,8192,,25257,,2531,,44,,643,,4880,,2119,,2647193281.38135,345476.62324476
159654,06533,Hessen,,,2023,,06533,LIMBURG-WEILBURG,12049,,69.74,,114462,,662.55,,219,,8137,,5271,,735,,14362,,83.13,,18766,,140873,,815.43,,11554,,163,,332,,6236,,16251,,1716,,59,,420,,3930,,921,,1818149985.01563,270065.436015559
159655,06534,Hessen,,,2023,,06534,MARBURG-BIEDENKOPF,14740,,59.9,,145515,,591.29,,406,,8157,,9949,,852,,19364,,78.68,,23305,,179619,,729.87,,14205,,162,,373,,6848,,19348,,2146,,131,,406,,7388,,2155,,3160339848.18018,347449.054877576
159656,06531,Hessen,,,2024,,06531,GIESSEN,14639,,52.53,,158338,,568.2,,294,,11443,,6597,,1046,,19380,,69.55,,23596,,192357,,690.28,,14126,,186,,327,,7417,,20826,,2695,,67,,752,,4531,,1314,,2118012922.03564,342180.776865948
159657,06532,Hessen,,,2024,,06532,LAHN-DILL-KREIS,16543,,64.3,,167002,,649.08,,200,,10769,,7624,,939,,19532,,75.91,,28132,,203077,,789.3,,15978,,212,,353,,8157,,26092,,2724,,49,,631,,4942,,2051,,2647193281.38135,345476.62324476
159658,06533,Hessen,,,2024,,06533,LIMBURG-WEILBURG,12175,,69.62,,115510,,660.49,,232,,8299,,5287,,754,,14572,,83.32,,19146,,142257,,813.44,,11682,,175,,318,,6202,,16870,,1818,,62,,411,,3961,,915,,1818149985.01563,270065.436015559
159659,06534,Hessen,,,2024,,06534,MARBURG-BIEDENKOPF,15033,,60.21,,146736,,587.69,,395,,8456,,10005,,857,,19713,,78.95,,23746,,181482,,726.85,,14504,,178,,351,,6784,,20162,,2307,,127,,432,,7510,,2063,,3160339848.18018,347449.054877576
159660,06531,Hessen,,,2025,,06531,GIESSEN,14675,,52.36,,159847,,570.34,,325,,11809,,6619,,1042,,19795,,70.63,,23897,,194317,,693.33,,14180,,184,,311,,7286,,21834,,2912,,68,,784,,4576,,1259,,2118012922.03564,342180.776865948
159661,06532,Hessen,,,2025,,06532,LAHN-DILL-KREIS,16827,,65.1,,168208,,650.74,,214,,11150,,7645,,950,,19959,,77.21,,28467,,204994,,793.05,,16279,,225,,323,,8060,,27103,,2951,,44,,611,,5038,,1996,,2647193281.38135,345476.62324476
159662,06533,Hessen,,,2025,,06533,LIMBURG-WEILBURG,12239,,69.66,,116204,,661.41,,267,,8582,,5332,,764,,14945,,85.06,,19469,,143388,,816.14,,11774,,175,,290,,6150,,17655,,1989,,65,,398,,4021,,913,,1818149985.01563,270065.436015559
159663,06534,Hessen,,,2025,,06534,MARBURG-BIEDENKOPF,15307,,61.12,,148103,,591.37,,389,,8923,,10076,,901,,20289,,81.01,,24165,,183699,,733.5,,14805,,176,,326,,6777,,21038,,2534,,131,,426,,7640,,2010,,3160339848.18018,347449.054877576
159664,06535,Hessen,,,2022,,06535,VOGELSBERGKREIS,8309,,78.75,,72957,,691.5,,135,,4694,,9910,,676,,15415,,146.11,,16890,,96681,,916.36,,7757,,96,,456,,2982,,10445,,1081,,16,,222,,7988,,1700,,3620819228.31152,443173.282160177
159665,06611,Hessen,,,2022,,06611,"KASSEL,STADT",6286,,31.27,,91588,,455.55,,104,,7148,,1050,,575,,8877,,44.15,,9439,,106751,,530.97,,6072,,91,,123,,4425,,10863,,1626,,48,,322,,644,,84,,268133419.538574,101163.031168665
159666,06631,Hessen,,,2022,,06631,FULDA,17470,,78.33,,145154,,650.85,,268,,10169,,13258,,932,,24627,,110.42,,27580,,187251,,839.6,,16643,,187,,640,,6636,,20032,,2254,,79,,687,,9539,,3032,,3419112473.10254,392868.512066578
159667,06632,Hessen,,,2022,,06632,HERSFELD-ROTENBURG,9163,,76.17,,80151,,666.24,,56,,5487,,7771,,718,,14032,,116.64,,16833,,103346,,859.04,,8664,,64,,435,,3414,,10792,,1042,,35,,552,,5458,,1761,,2757470007.42529,379655.284576043
159668,06535,Hessen,,,2023,,06535,VOGELSBERGKREIS,8520,,80.63,,73113,,691.89,,145,,4881,,10023,,692,,15741,,148.96,,17434,,97374,,921.48,,7987,,103,,430,,3017,,10749,,1190,,9,,231,,8150,,1642,,3620819228.31152,443173.282160177
159669,06611,Hessen,,,2023,,06611,"KASSEL,STADT",6408,,31.98,,91211,,455.13,,107,,7342,,1004,,605,,9058,,45.2,,9490,,106677,,532.3,,6194,,98,,116,,4369,,11319,,1720,,51,,282,,640,,82,,268133419.538574,101163.031168665
159670,06631,Hessen,,,2023,,06631,FULDA,17834,,79.77,,146398,,654.81,,279,,10629,,13415,,937,,25260,,112.98,,28276,,189492,,847.57,,17033,,196,,605,,6639,,20714,,2492,,102,,700,,9726,,2989,,3419112473.10254,392868.512066578
159671,06632,Hessen,,,2023,,06632,HERSFELD-ROTENBURG,9243,,76.92,,80464,,669.62,,59,,5581,,7804,,741,,14185,,118.05,,17255,,103892,,864.59,,8760,,75,,408,,3418,,11157,,1150,,36,,530,,5553,,1721,,2757470007.42529,379655.284576043
159672,06535,Hessen,,,2024,,06535,VOGELSBERGKREIS,8639,,80.86,,73441,,687.44,,147,,5004,,10112,,709,,15972,,149.5,,17834,,98052,,917.81,,8128,,100,,411,,3039,,11142,,1287,,11,,248,,8295,,1569,,3620819228.31152,443173.282160177
159673,06611,Hessen,,,2024,,06611,"KASSEL,STADT",6358,,31.14,,91870,,449.9,,121,,7670,,1105,,622,,9518,,46.61,,9632,,107746,,527.64,,6146,,99,,113,,4326,,11985,,1832,,49,,340,,686,,79,,268133419.538574,101163.031168665
159674,06631,Hessen,,,2024,,06631,FULDA,18040,,79.31,,147651,,649.14,,289,,10843,,13424,,974,,25530,,112.24,,28678,,191221,,840.69,,17248,,198,,594,,6652,,21631,,2698,,117,,691,,9892,,2841,,3419112473.10254,392868.512066578
159675,06632,Hessen,,,2024,,06632,HERSFELD-ROTENBURG,9303,,76.53,,80667,,663.57,,57,,5837,,7819,,751,,14464,,118.98,,17417,,104434,,859.07,,8828,,79,,396,,3405,,11634,,1245,,38,,506,,5635,,1678,,2757470007.42529,379655.284576043
159676,06535,Hessen,,,2025,,06535,VOGELSBERGKREIS,8673,,81.21,,74014,,693.07,,142,,5210,,10108,,719,,16179,,151.5,,18138,,98866,,925.78,,8174,,101,,398,,3050,,11630,,1410,,11,,248,,8394,,1466,,3620819228.31152,443173.282160177
159677,06611,Hessen,,,2025,,06611,"KASSEL,STADT",6402,,31.28,,91958,,449.26,,115,,7918,,1101,,643,,9777,,47.77,,9885,,108137,,528.3,,6182,,108,,112,,4244,,12509,,1956,,48,,331,,693,,77,,268133419.538574,101163.031168665
159678,06631,Hessen,,,2025,,06631,FULDA,18159,,79.4,,148456,,649.09,,282,,11135,,13448,,983,,25848,,113.02,,29152,,192463,,841.5,,17391,,197,,571,,6655,,22512,,2870,,125,,664,,9995,,2789,,3419112473.10254,392868.512066578
159679,06633,Hessen,,,2022,,06633,"KASSEL, LAND",15820,,66.75,,152902,,645.14,,154,,9038,,8199,,789,,18180,,76.71,,28457,,186902,,788.59,,15134,,197,,489,,8163,,18673,,3182,,21,,1043,,5414,,1742,,3322212768.93701,595780.146679654
159680,06634,Hessen,,,2022,,06634,SCHWALM-EDER-KREIS,14136,,78.6,,120761,,671.49,,262,,6627,,10833,,864,,18586,,103.35,,27293,,153483,,853.44,,13387,,157,,592,,5674,,15583,,2086,,58,,896,,7561,,2376,,3885957578.05811,421513.050018205
159681,06635,Hessen,,,2022,,06635,WALDECK-FRANKENBERG,11831,,75.58,,106295,,679.08,,205,,6842,,11048,,731,,18826,,120.27,,22635,,136952,,874.94,,11273,,99,,459,,4278,,15113,,1449,,63,,412,,8180,,2456,,4697908053.40576,503088.579325451
159682,06636,Hessen,,,2022,,06636,WERRA-MEISSNER-KREIS,7383,,73.8,,63488,,634.59,,118,,3809,,6124,,467,,10518,,105.13,,13436,,81389,,813.52,,6830,,67,,486,,2753,,8275,,1116,,31,,230,,4766,,1128,,2604279758.29102,442827.342474763
159683,06633,Hessen,,,2023,,06633,"KASSEL, LAND",16026,,67.54,,152947,,644.62,,151,,9227,,8311,,813,,18502,,77.98,,29215,,187475,,790.14,,15368,,202,,456,,8078,,19199,,3426,,20,,1084,,5519,,1708,,3322212768.93701,595780.146679654
159684,06634,Hessen,,,2023,,06634,SCHWALM-EDER-KREIS,14421,,80.09,,121179,,673.02,,268,,6855,,10960,,880,,18963,,105.32,,27972,,154563,,858.44,,13701,,155,,565,,5617,,15959,,2284,,54,,912,,7683,,2365,,3885957578.05811,421513.050018205
159685,06635,Hessen,,,2023,,06635,WALDECK-FRANKENBERG,11917,,76.14,,106784,,682.27,,256,,7039,,11166,,742,,19203,,122.69,,23122,,137904,,881.1,,11376,,108,,433,,4291,,15491,,1593,,62,,420,,8342,,2404,,4697908053.40576,503088.579325451
159686,06636,Hessen,,,2023,,06636,WERRA-MEISSNER-KREIS,7447,,74.68,,63485,,636.67,,123,,3870,,6202,,482,,10677,,107.08,,13899,,81609,,818.43,,6899,,78,,470,,2716,,8503,,1196,,35,,234,,4853,,1115,,2604279758.29102,442827.342474763
159687,06633,Hessen,,,2024,,06633,"KASSEL, LAND",16069,,66.75,,153772,,638.81,,146,,9554,,8312,,826,,18838,,78.26,,29703,,188679,,783.82,,15413,,219,,437,,8110,,20161,,3680,,21,,1078,,5555,,1679,,3322212768.93701,595780.146679654
159688,06634,Hessen,,,2024,,06634,SCHWALM-EDER-KREIS,14519,,79.51,,121864,,667.4,,243,,7037,,10944,,900,,19124,,104.73,,28352,,155507,,851.65,,13812,,165,,542,,5666,,16686,,2464,,67,,884,,7752,,2308,,3885957578.05811,421513.050018205
159689,06635,Hessen,,,2024,,06635,WALDECK-FRANKENBERG,12097,,76.01,,107365,,674.6,,246,,7248,,11237,,753,,19484,,122.42,,23487,,138946,,873.03,,11553,,119,,425,,4280,,16066,,1704,,61,,428,,8456,,2353,,4697908053.40576,503088.579325451
159690,06632,Hessen,,,2025,,06632,HERSFELD-ROTENBURG,9298,,76.62,,81059,,667.99,,58,,6157,,7827,,750,,14792,,121.9,,17608,,105149,,866.51,,8834,,86,,378,,3364,,12178,,1341,,37,,504,,5725,,1598,,2757470007.42529,379655.284576043
159691,06633,Hessen,,,2025,,06633,"KASSEL, LAND",16063,,66.63,,154325,,640.1,,144,,9754,,8238,,837,,18973,,78.7,,30091,,189361,,785.42,,15435,,223,,405,,8021,,21087,,3952,,18,,1023,,5559,,1656,,3322212768.93701,595780.146679654
159692,06634,Hessen,,,2025,,06634,SCHWALM-EDER-KREIS,14521,,79.13,,122910,,669.81,,243,,7271,,10975,,909,,19398,,105.71,,28809,,156829,,854.65,,13828,,174,,519,,5686,,17499,,2676,,71,,871,,7839,,2265,,3885957578.05811,421513.050018205
159693,06635,Hessen,,,2025,,06635,WALDECK-FRANKENBERG,12107,,76.05,,107940,,678.06,,226,,7491,,11298,,763,,19778,,124.24,,23796,,139825,,878.36,,11578,,131,,398,,4313,,16694,,1829,,61,,420,,8553,,2325,,4697908053.40576,503088.579325451
159694,07111,Rheinland-Pfalz,,,2022,,07111,"KOBLENZ,STADT",4929,,43.47,,64409,,568.04,,295,,4824,,1017,,416,,6552,,57.78,,6375,,75890,,669.29,,4781,,73,,75,,3463,,7330,,824,,26,,369,,511,,137,,259762951.26416,94412.6943203554
159695,07131,Rheinland-Pfalz,,,2022,,07131,AHRWEILER,8925,,68.4,,85929,,658.57,,225,,6205,,5960,,537,,12927,,99.07,,15343,,107781,,826.04,,8526,,83,,316,,5109,,10898,,1279,,45,,444,,3906,,1610,,1940153491.47021,311676.138120357
159696,07132,Rheinland-Pfalz,,,2022,,07132,ALTENKIRCHEN(WESTWLD.),9320,,72.2,,85341,,661.11,,378,,5621,,5352,,513,,11864,,91.91,,16630,,106525,,825.22,,8943,,85,,292,,4105,,12391,,1258,,34,,299,,3688,,1365,,1599646892.75439,357915.898179223
159697,07133,Rheinland-Pfalz,,,2022,,07133,BAD KREUZNACH,10448,,65.82,,102107,,643.21,,130,,7857,,7341,,706,,16034,,101,,19623,,128589,,810.03,,9957,,121,,370,,6111,,12393,,1378,,29,,567,,5377,,1397,,2074031877.63135,295072.704098076
159698,07111,Rheinland-Pfalz,,,2023,,07111,"KOBLENZ,STADT",5055,,44.48,,64459,,567.23,,283,,4836,,1032,,451,,6602,,58.1,,6460,,76116,,669.81,,4904,,85,,66,,3436,,7645,,956,,27,,369,,529,,134,,259762951.26416,94412.6943203554
159699,07131,Rheinland-Pfalz,,,2023,,07131,AHRWEILER,9174,,71.59,,86516,,675.14,,229,,6572,,6072,,573,,13446,,104.93,,16000,,109136,,851.65,,8782,,96,,296,,5146,,11394,,1431,,48,,442,,4064,,1566,,1940153491.47021,311676.138120357
159700,07132,Rheinland-Pfalz,,,2023,,07132,ALTENKIRCHEN(WESTWLD.),9576,,74.08,,85867,,664.29,,370,,5752,,5462,,522,,12106,,93.66,,17164,,107549,,832.03,,9207,,87,,282,,4137,,12706,,1336,,34,,308,,3803,,1351,,1599646892.75439,357915.898179223
159701,06636,Hessen,,,2024,,06636,WERRA-MEISSNER-KREIS,7529,,75.13,,63690,,635.58,,120,,4000,,6270,,494,,10884,,108.61,,14122,,82103,,819.33,,7000,,78,,451,,2698,,8739,,1300,,38,,230,,4950,,1090,,2604279758.29102,442827.342474763
159702,07111,Rheinland-Pfalz,,,2024,,07111,"KOBLENZ,STADT",5143,,44.62,,64618,,560.59,,285,,5009,,1287,,462,,7043,,61.1,,6545,,76804,,666.31,,4984,,91,,68,,3398,,8036,,998,,27,,614,,536,,137,,259762951.26416,94412.6943203554
159703,07131,Rheinland-Pfalz,,,2024,,07131,AHRWEILER,9331,,72.81,,87236,,680.68,,225,,6786,,6246,,613,,13870,,108.22,,16581,,110437,,861.71,,8938,,102,,291,,5131,,11944,,1572,,51,,504,,4195,,1547,,1940153491.47021,311676.138120357
159704,07132,Rheinland-Pfalz,,,2024,,07132,ALTENKIRCHEN(WESTWLD.),9706,,73.83,,86849,,660.61,,389,,5933,,5497,,527,,12346,,93.91,,17572,,108901,,828.35,,9319,,93,,294,,4104,,13207,,1449,,33,,302,,3844,,1351,,1599646892.75439,357915.898179223
159705,06636,Hessen,,,2025,,06636,WERRA-MEISSNER-KREIS,7507,,74.91,,63843,,637.06,,114,,4113,,6304,,496,,11027,,110.03,,14320,,82377,,822,,7025,,72,,410,,2681,,9082,,1438,,39,,217,,5036,,1051,,2604279758.29102,442827.342474763
159706,07111,Rheinland-Pfalz,,,2025,,07111,"KOBLENZ,STADT",5205,,45.14,,65079,,564.44,,285,,5238,,1536,,488,,7547,,65.46,,6671,,77831,,675.04,,5037,,104,,64,,3363,,8370,,1098,,26,,855,,550,,131,,259762951.26416,94412.6943203554
159707,07131,Rheinland-Pfalz,,,2025,,07131,AHRWEILER,9431,,73.26,,87963,,683.26,,260,,7009,,6282,,634,,14185,,110.18,,16903,,111579,,866.69,,9047,,107,,277,,5107,,12556,,1700,,45,,484,,4269,,1529,,1940153491.47021,311676.138120357
159708,07132,Rheinland-Pfalz,,,2025,,07132,ALTENKIRCHEN(WESTWLD.),9873,,74.85,,87440,,662.89,,373,,6118,,5609,,544,,12644,,95.86,,17837,,109957,,833.59,,9495,,103,,275,,4055,,13808,,1577,,32,,285,,3999,,1325,,1599646892.75439,357915.898179223
159709,07134,Rheinland-Pfalz,,,2022,,07134,BIRKENFELD,5090,,62.97,,52870,,654.09,,122,,3201,,3275,,350,,6948,,85.96,,12107,,64908,,803.02,,4769,,54,,267,,2626,,7734,,647,,14,,94,,2532,,649,,1855408503.16016,269504.610921354
159710,07135,Rheinland-Pfalz,,,2022,,07135,COCHEM-ZELL,5062,,82.2,,42187,,685.1,,92,,2985,,5778,,321,,9176,,149.01,,10425,,56425,,916.32,,4757,,35,,270,,2372,,6138,,537,,33,,163,,3952,,1663,,1684752705.52002,289592.872312694
159711,07137,Rheinland-Pfalz,,,2022,,07137,MAYEN-KOBLENZ,14138,,65.82,,141583,,659.18,,131,,9627,,6698,,715,,17171,,79.94,,24845,,172892,,804.95,,13521,,196,,421,,8691,,18014,,1869,,41,,813,,4616,,1269,,2001327313.3457,439400.630267876
159712,07133,Rheinland-Pfalz,,,2023,,07133,BAD KREUZNACH,10740,,67.38,,102538,,643.27,,278,,8143,,7500,,720,,16641,,104.4,,20068,,129919,,815.04,,10249,,135,,356,,6136,,12881,,1495,,33,,653,,5497,,1350,,2074031877.63135,295072.704098076
159713,07134,Rheinland-Pfalz,,,2023,,07134,BIRKENFELD,5235,,64.75,,52980,,655.3,,141,,3301,,3360,,359,,7161,,88.57,,12316,,65376,,808.62,,4918,,62,,255,,2602,,7855,,714,,14,,90,,2626,,644,,1855408503.16016,269504.610921354
159714,07135,Rheinland-Pfalz,,,2023,,07135,COCHEM-ZELL,5168,,83.71,,42448,,687.58,,83,,3058,,5866,,330,,9337,,151.24,,10748,,56953,,922.54,,4874,,41,,253,,2376,,6314,,592,,32,,163,,4060,,1643,,1684752705.52002,289592.872312694
159715,07137,Rheinland-Pfalz,,,2023,,07137,MAYEN-KOBLENZ,14551,,67.54,,142443,,661.15,,142,,9898,,6879,,738,,17657,,81.96,,25560,,174651,,810.65,,13957,,207,,387,,8701,,18637,,2040,,43,,855,,4750,,1274,,2001327313.3457,439400.630267876
159716,07133,Rheinland-Pfalz,,,2024,,07133,BAD KREUZNACH,10893,,67.53,,102952,,638.24,,252,,8448,,7486,,734,,16920,,104.89,,20314,,130765,,810.66,,10406,,145,,342,,6144,,13416,,1599,,35,,645,,5537,,1304,,2074031877.63135,295072.704098076
159717,07134,Rheinland-Pfalz,,,2024,,07134,BIRKENFELD,5328,,65.17,,53330,,652.27,,141,,3477,,3409,,366,,7393,,90.42,,12471,,66051,,807.86,,5011,,66,,251,,2584,,8123,,762,,15,,93,,2654,,662,,1855408503.16016,269504.610921354
159718,07135,Rheinland-Pfalz,,,2024,,07135,COCHEM-ZELL,5194,,82.88,,42724,,681.77,,70,,3129,,5923,,351,,9473,,151.17,,10982,,57391,,915.82,,4907,,50,,237,,2327,,6512,,643,,33,,162,,4140,,1621,,1684752705.52002,289592.872312694
159719,07137,Rheinland-Pfalz,,,2024,,07137,MAYEN-KOBLENZ,14762,,67.65,,143227,,656.37,,134,,10240,,7013,,760,,18147,,83.16,,25997,,176136,,807.19,,14158,,234,,370,,8601,,19424,,2177,,41,,889,,4843,,1281,,2001327313.3457,439400.630267876
159720,07133,Rheinland-Pfalz,,,2025,,07133,BAD KREUZNACH,11023,,68.11,,103826,,641.49,,264,,8626,,7482,,743,,17115,,105.74,,20631,,131964,,815.34,,10547,,155,,321,,6105,,14000,,1724,,28,,651,,5565,,1266,,2074031877.63135,295072.704098076
159721,07134,Rheinland-Pfalz,,,2025,,07134,BIRKENFELD,5385,,65.74,,53360,,651.38,,143,,3560,,3474,,365,,7542,,92.07,,12631,,66287,,809.19,,5092,,71,,222,,2553,,8396,,807,,14,,98,,2725,,651,,1855408503.16016,269504.610921354
159722,07135,Rheinland-Pfalz,,,2025,,07135,COCHEM-ZELL,5178,,82.62,,42917,,684.82,,87,,3186,,5922,,350,,9545,,152.31,,11108,,57640,,919.75,,4893,,57,,228,,2319,,6780,,724,,25,,142,,4174,,1606,,1684752705.52002,289592.872312694
159723,07137,Rheinland-Pfalz,,,2025,,07137,MAYEN-KOBLENZ,14949,,68.26,,143967,,657.38,,145,,10419,,7055,,801,,18420,,84.11,,26539,,177336,,809.75,,14367,,231,,351,,8461,,20178,,2365,,47,,903,,4886,,1266,,2001327313.3457,439400.630267876
159724,07138,Rheinland-Pfalz,,,2022,,07138,NEUWIED,12307,,67.2,,122552,,669.2,,146,,8410,,5629,,711,,14896,,81.34,,20961,,149755,,817.75,,11848,,139,,320,,7298,,16324,,1851,,14,,671,,3679,,1279,,1553117709.33643,282576.071802379
159725,07140,Rheinland-Pfalz,,,2022,,07140,RHEIN-HUNSRUECK-KREIS,7555,,73.07,,71825,,694.63,,391,,5257,,7279,,490,,13417,,129.76,,17974,,92797,,897.45,,7097,,75,,383,,3555,,10018,,1056,,33,,483,,5054,,1742,,2400662708.19385,346928.946992029
159726,07141,Rheinland-Pfalz,,,2022,,07141,RHEIN-LAHN-KREIS,9244,,75.42,,81272,,663.04,,113,,4928,,5001,,555,,10597,,86.45,,15008,,101113,,824.91,,8774,,112,,358,,4392,,10719,,1311,,17,,129,,3538,,1334,,1910100835.17432,332529.635114879
159727,07143,Rheinland-Pfalz,,,2022,,07143,WESTERWALDKREIS,14474,,71.36,,139566,,688.09,,223,,10220,,8752,,867,,20062,,98.91,,27565,,174102,,858.36,,13848,,212,,414,,7117,,21869,,1983,,74,,830,,5898,,2024,,2449642207.47363,406993.822109264
159728,07138,Rheinland-Pfalz,,,2023,,07138,NEUWIED,12590,,68.28,,123202,,668.16,,137,,8715,,5740,,720,,15312,,83.04,,21589,,151104,,819.48,,12132,,157,,301,,7229,,16814,,2040,,14,,714,,3768,,1258,,1553117709.33643,282576.071802379
159729,07140,Rheinland-Pfalz,,,2023,,07140,RHEIN-HUNSRUECK-KREIS,7676,,73.97,,72465,,698.34,,485,,5465,,7404,,509,,13863,,133.6,,18495,,94004,,905.91,,7236,,81,,359,,3567,,10297,,1153,,31,,510,,5200,,1694,,2400662708.19385,346928.946992029
159730,07141,Rheinland-Pfalz,,,2023,,07141,RHEIN-LAHN-KREIS,9457,,77.06,,81598,,664.89,,114,,5053,,5098,,569,,10834,,88.28,,15380,,101889,,830.23,,9010,,109,,338,,4416,,10925,,1429,,16,,121,,3654,,1323,,1910100835.17432,332529.635114879
159731,07143,Rheinland-Pfalz,,,2023,,07143,WESTERWALDKREIS,14760,,72.41,,140922,,691.37,,240,,10560,,8935,,894,,20629,,101.21,,28440,,176311,,864.99,,14124,,228,,408,,7145,,22562,,2171,,78,,838,,6062,,2035,,2449642207.47363,406993.822109264
159732,07138,Rheinland-Pfalz,,,2024,,07138,NEUWIED,12813,,68.36,,124067,,661.9,,131,,8945,,5888,,738,,15702,,83.77,,21962,,152582,,814.03,,12363,,168,,282,,7171,,17428,,2190,,13,,724,,3921,,1243,,1553117709.33643,282576.071802379
159733,07140,Rheinland-Pfalz,,,2024,,07140,RHEIN-HUNSRUECK-KREIS,7744,,73.36,,73065,,692.13,,491,,5472,,7441,,521,,13925,,131.91,,18829,,94734,,897.39,,7321,,92,,331,,3568,,10715,,1243,,29,,485,,5291,,1665,,2400662708.19385,346928.946992029
159734,07141,Rheinland-Pfalz,,,2024,,07141,RHEIN-LAHN-KREIS,9569,,76.93,,81914,,658.57,,104,,5330,,5146,,574,,11154,,89.68,,15682,,102637,,825.18,,9136,,118,,315,,4382,,11262,,1557,,14,,120,,3715,,1311,,1910100835.17432,332529.635114879
159735,07143,Rheinland-Pfalz,,,2024,,07143,WESTERWALDKREIS,14997,,72.7,,142227,,689.48,,234,,10900,,9015,,911,,21060,,102.09,,29064,,178284,,864.27,,14368,,252,,377,,7190,,23461,,2365,,81,,813,,6187,,2015,,2449642207.47363,406993.822109264
159736,07138,Rheinland-Pfalz,,,2025,,07138,NEUWIED,12939,,68.77,,125160,,665.25,,129,,9230,,5933,,758,,16050,,85.31,,22292,,154149,,819.34,,12522,,168,,249,,7122,,18202,,2353,,13,,709,,3989,,1235,,1553117709.33643,282576.071802379
159737,07140,Rheinland-Pfalz,,,2025,,07140,RHEIN-HUNSRUECK-KREIS,7824,,73.65,,73703,,693.83,,528,,5738,,7511,,534,,14311,,134.72,,19199,,95838,,902.2,,7395,,103,,326,,3598,,11132,,1386,,34,,468,,5397,,1646,,2400662708.19385,346928.946992029
159738,07141,Rheinland-Pfalz,,,2025,,07141,RHEIN-LAHN-KREIS,9686,,77.61,,82637,,662.18,,107,,5499,,5209,,569,,11384,,91.22,,16031,,103707,,831.01,,9272,,114,,300,,4340,,11781,,1674,,16,,126,,3790,,1293,,1910100835.17432,332529.635114879
159739,07211,Rheinland-Pfalz,,,2022,,07211,TRIER-SAARBURG,17228,,65.96,,156505,,599.16,,332,,10185,,10374,,906,,21797,,83.45,,25714,,195530,,748.56,,16502,,204,,522,,8914,,21745,,1992,,83,,399,,7206,,2769,,2915762773.75488,369641.963766274
159740,07231,Rheinland-Pfalz,,,2022,,07231,BERNKASTEL-WITTLICH,7827,,69.46,,76409,,678.08,,180,,5814,,9613,,608,,16215,,143.9,,18181,,100451,,891.43,,7332,,118,,377,,3859,,9896,,994,,24,,373,,6574,,2666,,2816508373.65527,329886.876687613
159741,07232,Rheinland-Pfalz,,,2022,,07232,EIFELKREIS BITBURG-PRUEM,8149,,81.45,,68210,,681.73,,198,,5447,,10593,,716,,16954,,169.45,,17560,,93313,,932.62,,7558,,85,,506,,3116,,11525,,835,,29,,242,,8595,,1756,,3945659299.39136,405756.885544016
159742,07233,Rheinland-Pfalz,,,2022,,07233,VULKANEIFEL,5122,,84.67,,42378,,700.57,,134,,3356,,5934,,351,,9775,,161.59,,11273,,57275,,946.84,,4747,,50,,325,,1913,,6622,,629,,30,,207,,4414,,1313,,2225898597.78223,402418.123459294
159743,07211,Rheinland-Pfalz,,,2023,,07211,TRIER-SAARBURG,17622,,67.33,,157496,,601.73,,312,,10448,,10477,,911,,22148,,84.62,,26341,,197266,,753.68,,16880,,238,,504,,8829,,22359,,2197,,83,,391,,7351,,2735,,2915762773.75488,369641.963766274
159744,07231,Rheinland-Pfalz,,,2023,,07231,BERNKASTEL-WITTLICH,8013,,70.79,,76994,,680.2,,195,,5965,,9734,,627,,16521,,145.95,,18728,,101528,,896.94,,7523,,122,,368,,3863,,10305,,1095,,24,,400,,6712,,2622,,2816508373.65527,329886.876687613
159745,07232,Rheinland-Pfalz,,,2023,,07232,EIFELKREIS BITBURG-PRUEM,8330,,82.51,,69112,,684.56,,204,,5702,,10833,,716,,17455,,172.89,,18096,,94897,,939.96,,7752,,99,,479,,3154,,11923,,935,,29,,257,,8840,,1736,,3945659299.39136,405756.885544016
159746,07233,Rheinland-Pfalz,,,2023,,07233,VULKANEIFEL,5272,,86.59,,42787,,702.79,,131,,3527,,6044,,369,,10071,,165.42,,11718,,58130,,954.8,,4905,,59,,308,,1908,,6732,,706,,30,,203,,4549,,1292,,2225898597.78223,402418.123459294
159747,07211,Rheinland-Pfalz,,,2024,,07211,TRIER-SAARBURG,17918,,67.35,,158089,,594.2,,301,,10660,,10559,,944,,22464,,84.43,,26912,,198471,,745.98,,17193,,248,,477,,8846,,23033,,2354,,83,,371,,7510,,2678,,2915762773.75488,369641.963766274
159748,07231,Rheinland-Pfalz,,,2024,,07231,BERNKASTEL-WITTLICH,8139,,70.71,,77485,,673.2,,189,,6153,,9781,,639,,16762,,145.63,,19180,,102386,,889.55,,7663,,123,,353,,3889,,10622,,1195,,25,,392,,6819,,2570,,2816508373.65527,329886.876687613
159749,07232,Rheinland-Pfalz,,,2024,,07232,EIFELKREIS BITBURG-PRUEM,8500,,82.01,,69962,,675.04,,201,,5861,,11023,,714,,17799,,171.74,,18520,,96261,,928.78,,7916,,113,,471,,3195,,12312,,1018,,30,,273,,9029,,1721,,3945659299.39136,405756.885544016
159750,07143,Rheinland-Pfalz,,,2025,,07143,WESTERWALDKREIS,15145,,73.27,,143233,,692.92,,287,,11186,,9110,,922,,21505,,104.04,,29440,,179883,,870.22,,14514,,261,,370,,7100,,24365,,2552,,83,,808,,6312,,1990,,2449642207.47363,406993.822109264
159751,07211,Rheinland-Pfalz,,,2025,,07211,TRIER-SAARBURG,18062,,67.76,,158702,,595.39,,327,,10921,,10535,,980,,22763,,85.4,,27380,,199527,,748.55,,17361,,260,,441,,8744,,23856,,2512,,84,,351,,7592,,2592,,2915762773.75488,369641.963766274
159752,07231,Rheinland-Pfalz,,,2025,,07231,BERNKASTEL-WITTLICH,8146,,70.78,,77992,,677.7,,228,,6276,,9758,,650,,16912,,146.95,,19558,,103050,,895.44,,7677,,131,,338,,3845,,10957,,1304,,24,,364,,6899,,2495,,2816508373.65527,329886.876687613
159753,07232,Rheinland-Pfalz,,,2025,,07232,EIFELKREIS BITBURG-PRUEM,8580,,82.16,,70699,,676.97,,209,,5958,,11094,,718,,17979,,172.15,,18874,,97258,,931.28,,8002,,131,,447,,3137,,12667,,1103,,30,,263,,9138,,1693,,3945659299.39136,405756.885544016
159754,07311,Rheinland-Pfalz,,,2022,,07311,"FRANKENTHAL(PFALZ),STADT",2288,,46.93,,26965,,553.13,,26,,1625,,561,,126,,2338,,47.96,,2635,,31591,,648.02,,2230,,33,,25,,1381,,2755,,233,,3,,232,,286,,43,,103833643.946777,63378.2294772653
159755,07312,Rheinland-Pfalz,,,2022,,07312,"KAISERSLAUTERN,STADT",3712,,37.25,,49648,,498.16,,117,,2962,,539,,295,,3913,,39.26,,4850,,57273,,574.67,,3596,,53,,63,,2670,,5593,,525,,51,,84,,368,,87,,331476320.366211,117010.608757232
159756,07313,Rheinland-Pfalz,,,2022,,07313,"LANDAU I.D.PFALZ,STADT",2492,,53.38,,27970,,599.12,,,-,1778,,895,,192,,2865,,61.37,,3266,,33327,,713.87,,2451,,22,,19,,1615,,2888,,464,,7,,60,,682,,153,,194366870.21875,134526.792199487
159757,07314,Rheinland-Pfalz,,,2022,,07314,"LUDWIGSHAFEN A.RH.,STADT",7035,,40.77,,84669,,490.67,,284,,5440,,830,,580,,7134,,41.34,,6325,,98838,,572.78,,6773,,172,,90,,3821,,9157,,695,,85,,363,,416,,51,,184606485.214844,79761.2924562011
159758,07311,Rheinland-Pfalz,,,2023,,07311,"FRANKENTHAL(PFALZ),STADT",2381,,48.82,,26973,,553.03,,27,,1663,,587,,127,,2404,,49.29,,2685,,31758,,651.14,,2320,,36,,25,,1354,,2922,,256,,3,,254,,288,,45,,103833643.946777,63378.2294772653
159759,07312,Rheinland-Pfalz,,,2023,,07312,"KAISERSLAUTERN,STADT",3758,,37.85,,49731,,500.86,,114,,3041,,515,,306,,3976,,40.04,,4961,,57465,,578.75,,3639,,58,,61,,2661,,5844,,555,,49,,68,,365,,82,,331476320.366211,117010.608757232
159760,07313,Rheinland-Pfalz,,,2023,,07313,"LANDAU I.D.PFALZ,STADT",2637,,56.2,,28225,,601.57,,,-,1848,,856,,189,,2893,,61.66,,3291,,33755,,719.43,,2591,,27,,19,,1621,,3041,,504,,8,,53,,665,,138,,194366870.21875,134526.792199487
159761,07233,Rheinland-Pfalz,,,2024,,07233,VULKANEIFEL,5359,,86.76,,43048,,696.92,,144,,3606,,6139,,374,,10263,,166.15,,11989,,58670,,949.83,,5002,,60,,297,,1935,,6938,,759,,35,,212,,4638,,1289,,2225898597.78223,402418.123459294
159762,07311,Rheinland-Pfalz,,,2024,,07311,"FRANKENTHAL(PFALZ),STADT",2459,,50.13,,27175,,554.02,,28,,1706,,618,,124,,2476,,50.48,,2722,,32110,,654.62,,2393,,40,,26,,1344,,3139,,282,,3,,294,,283,,41,,103833643.946777,63378.2294772653
159763,07312,Rheinland-Pfalz,,,2024,,07312,"KAISERSLAUTERN,STADT",3785,,37.39,,50144,,495.36,,110,,3164,,542,,298,,4114,,40.64,,5067,,58043,,573.39,,3669,,64,,52,,2620,,6105,,580,,48,,72,,387,,83,,331476320.366211,117010.608757232
159764,07313,Rheinland-Pfalz,,,2024,,07313,"LANDAU I.D.PFALZ,STADT",2686,,56.42,,28423,,597,,,,1944,,858,,185,,2987,,62.74,,3333,,34096,,716.15,,2639,,28,,19,,1588,,3175,,570,,9,,65,,658,,135,,194366870.21875,134526.792199487
159765,07233,Rheinland-Pfalz,,,2025,,07233,VULKANEIFEL,5352,,86.45,,43292,,699.25,,126,,3632,,6210,,376,,10344,,167.08,,12249,,58988,,952.77,,5016,,65,,271,,1916,,7217,,833,,36,,207,,4729,,1274,,2225898597.78223,402418.123459294
159766,07311,Rheinland-Pfalz,,,2025,,07311,"FRANKENTHAL(PFALZ),STADT",2536,,51.63,,27362,,557.02,,28,,1768,,598,,128,,2522,,51.34,,2745,,32420,,659.99,,2464,,45,,27,,1328,,3319,,307,,4,,271,,287,,40,,103833643.946777,63378.2294772653
159767,07312,Rheinland-Pfalz,,,2025,,07312,"KAISERSLAUTERN,STADT",3826,,37.7,,50451,,497.12,,72,,3245,,559,,291,,4167,,41.06,,5155,,58444,,575.88,,3714,,70,,42,,2587,,6289,,641,,52,,74,,408,,77,,331476320.366211,117010.608757232
159768,07313,Rheinland-Pfalz,,,2025,,07313,"LANDAU I.D.PFALZ,STADT",2720,,56.27,,28509,,589.75,,,-,1999,,857,,195,,3051,,63.11,,3348,,34280,,709.13,,2673,,27,,20,,1565,,3301,,624,,9,,73,,654,,130,,194366870.21875,134526.792199487
159769,07315,Rheinland-Pfalz,,,2022,,07315,"MAINZ,STADT",7735,,35.62,,101280,,466.46,,1166,,5878,,1111,,849,,9004,,41.47,,6817,,118019,,543.56,,7533,,121,,81,,5631,,11684,,1211,,151,,229,,733,,149,,235790945.702637,97066.4792397281
159770,07316,Rheinland-Pfalz,,,2022,,07316,"NEUSTADT A.D.WSTR.,STADT",2917,,54.72,,33364,,625.9,,6,,2350,,1165,,175,,3696,,69.34,,3931,,39977,,749.95,,2837,,38,,42,,2256,,3679,,499,,5,,119,,872,,174,,275799819.650391,114118.458548427
159771,07317,Rheinland-Pfalz,,,2022,,07317,"PIRMASENS,STADT",1795,,44.68,,23209,,577.68,,24,,1616,,426,,173,,2239,,55.73,,3149,,27243,,678.09,,1711,,26,,58,,1330,,2886,,212,,17,,65,,295,,66,,144087566.805664,74845.5165742504
159772,07314,Rheinland-Pfalz,,,2023,,07314,"LUDWIGSHAFEN A.RH.,STADT",7252,,42.13,,84662,,491.81,,268,,5585,,872,,593,,7318,,42.51,,6473,,99232,,576.44,,6977,,190,,85,,3791,,9757,,734,,92,,408,,415,,49,,184606485.214844,79761.2924562011
159773,07315,Rheinland-Pfalz,,,2023,,07315,"MAINZ,STADT",7851,,36.09,,101053,,464.49,,1193,,5905,,1139,,875,,9112,,41.88,,6947,,118016,,542.46,,7640,,123,,88,,5507,,12253,,1339,,154,,257,,737,,145,,235790945.702637,97066.4792397281
159774,07316,Rheinland-Pfalz,,,2023,,07316,"NEUSTADT A.D.WSTR.,STADT",2996,,56.01,,33594,,628.03,,5,,2451,,1173,,179,,3808,,71.19,,4004,,40398,,755.23,,2915,,45,,36,,2254,,3859,,545,,4,,111,,885,,177,,275799819.650391,114118.458548427
159775,07317,Rheinland-Pfalz,,,2023,,07317,"PIRMASENS,STADT",1836,,45.84,,23169,,578.44,,26,,1659,,459,,170,,2314,,57.77,,3203,,27319,,682.05,,1759,,25,,52,,1305,,2959,,224,,16,,78,,314,,67,,144087566.805664,74845.5165742504
159776,07314,Rheinland-Pfalz,,,2024,,07314,"LUDWIGSHAFEN A.RH.,STADT",7434,,42.66,,84929,,487.36,,254,,5681,,874,,579,,7388,,42.4,,6508,,99751,,572.41,,7146,,206,,82,,3779,,10442,,772,,92,,425,,404,,45,,184606485.214844,79761.2924562011
159777,07315,Rheinland-Pfalz,,,2024,,07315,"MAINZ,STADT",7966,,36.12,,101507,,460.24,,1281,,5985,,1137,,897,,9300,,42.17,,7009,,118773,,538.53,,7753,,131,,82,,5403,,13080,,1497,,158,,254,,738,,145,,235790945.702637,97066.4792397281
159778,07316,Rheinland-Pfalz,,,2024,,07316,"NEUSTADT A.D.WSTR.,STADT",3062,,56.72,,33647,,623.31,,4,,2481,,1173,,183,,3841,,71.15,,4034,,40550,,751.19,,2984,,39,,39,,2221,,4065,,605,,4,,94,,904,,175,,275799819.650391,114118.458548427
159779,07317,Rheinland-Pfalz,,,2024,,07317,"PIRMASENS,STADT",1879,,46.19,,23375,,574.58,,26,,1674,,454,,177,,2331,,57.3,,3262,,27585,,678.06,,1792,,30,,57,,1267,,3091,,236,,18,,68,,319,,67,,144087566.805664,74845.5165742504
159780,07314,Rheinland-Pfalz,,,2025,,07314,"LUDWIGSHAFEN A.RH.,STADT",7522,,42.71,,85396,,484.9,,245,,5826,,895,,565,,7531,,42.76,,6517,,100449,,570.38,,7238,,204,,80,,3692,,10970,,823,,96,,441,,413,,41,,184606485.214844,79761.2924562011
159781,07315,Rheinland-Pfalz,,,2025,,07315,"MAINZ,STADT",8102,,36.35,,102807,,461.25,,1281,,6173,,1138,,911,,9503,,42.64,,7069,,120412,,540.23,,7901,,130,,71,,5346,,13677,,1624,,161,,254,,742,,142,,235790945.702637,97066.4792397281
159782,07316,Rheinland-Pfalz,,,2025,,07316,"NEUSTADT A.D.WSTR.,STADT",3123,,57.92,,33892,,628.56,,6,,2541,,1165,,180,,3892,,72.18,,4056,,40907,,758.66,,3051,,36,,36,,2195,,4241,,636,,4,,91,,903,,171,,275799819.650391,114118.458548427
159783,07317,Rheinland-Pfalz,,,2025,,07317,"PIRMASENS,STADT",1882,,45.97,,23343,,570.16,,25,,1744,,458,,174,,2401,,58.65,,3278,,27626,,674.78,,1795,,35,,52,,1270,,3180,,245,,18,,64,,326,,68,,144087566.805664,74845.5165742504
159784,07318,Rheinland-Pfalz,,,2022,,07318,"SPEYER,STADT",2819,,55.56,,29686,,585.05,,15,,1818,,295,,161,,2289,,45.11,,3313,,34794,,685.72,,2727,,62,,30,,1716,,3197,,463,,7,,85,,151,,59,,100839397.835938,61600.9171454507
159785,07319,Rheinland-Pfalz,,,2022,,07319,"WORMS,STADT",4116,,49.32,,46360,,555.48,,21,,3100,,1349,,239,,4709,,56.42,,6022,,55185,,661.22,,3964,,65,,87,,2558,,4735,,506,,15,,345,,853,,151,,259189827.665039,114200.37832886
159786,07320,Rheinland-Pfalz,,,2022,,07320,"ZWEIBRUECKEN,STADT",1951,,57.38,,21425,,630.13,,28,,1374,,553,,219,,2174,,63.94,,3525,,25550,,751.45,,1890,,18,,43,,1057,,2488,,270,,21,,97,,376,,80,,165991667.093262,90737.9453968374
159787,07331,Rheinland-Pfalz,,,2022,,07331,ALZEY-WORMS,9702,,74.22,,87526,,669.59,,23,,5737,,7426,,560,,13746,,105.16,,15047,,110974,,848.98,,9354,,105,,243,,5076,,9756,,1332,,8,,248,,6399,,779,,1407749389.90625,293196.884269162
159788,07318,Rheinland-Pfalz,,,2023,,07318,"SPEYER,STADT",2803,,55.43,,29562,,584.63,,12,,1872,,290,,169,,2343,,46.34,,3330,,34708,,686.4,,2699,,70,,34,,1708,,3355,,506,,8,,80,,153,,57,,100839397.835938,61600.9171454507
159789,07319,Rheinland-Pfalz,,,2023,,07319,"WORMS,STADT",4217,,50.29,,46294,,552.1,,26,,3197,,1339,,253,,4815,,57.42,,6133,,55326,,659.82,,4051,,78,,88,,2513,,5009,,572,,15,,333,,852,,154,,259189827.665039,114200.37832886
159790,07320,Rheinland-Pfalz,,,2023,,07320,"ZWEIBRUECKEN,STADT",2009,,58.93,,21609,,633.86,,23,,1445,,588,,223,,2279,,66.85,,3638,,25897,,759.64,,1947,,14,,48,,1030,,2590,,284,,21,,116,,393,,79,,165991667.093262,90737.9453968374
159791,07331,Rheinland-Pfalz,,,2023,,07331,ALZEY-WORMS,10249,,78.04,,87807,,668.6,,25,,5999,,7426,,550,,14000,,106.6,,15536,,112056,,853.24,,9898,,119,,232,,5074,,10193,,1414,,9,,235,,6442,,749,,1407749389.90625,293196.884269162
159792,07318,Rheinland-Pfalz,,,2024,,07318,"SPEYER,STADT",2885,,56.16,,29961,,583.26,,13,,1923,,307,,171,,2414,,46.99,,3337,,35260,,686.42,,2792,,63,,30,,1712,,3569,,558,,7,,91,,158,,58,,100839397.835938,61600.9171454507
159793,07319,Rheinland-Pfalz,,,2024,,07319,"WORMS,STADT",4310,,50.92,,46529,,549.69,,23,,3289,,1362,,268,,4942,,58.38,,6245,,55781,,658.99,,4147,,78,,85,,2460,,5407,,595,,15,,341,,869,,152,,259189827.665039,114200.37832886
159794,07320,Rheinland-Pfalz,,,2024,,07320,"ZWEIBRUECKEN,STADT",2039,,59.04,,21826,,632.01,,25,,1467,,601,,237,,2330,,67.47,,3698,,26195,,758.53,,1976,,17,,46,,1044,,2713,,305,,22,,124,,399,,78,,165991667.093262,90737.9453968374
159795,07331,Rheinland-Pfalz,,,2024,,07331,ALZEY-WORMS,10066,,75.95,,88345,,666.57,,29,,6140,,7395,,584,,14148,,106.75,,15823,,112559,,849.27,,9720,,125,,221,,4996,,10693,,1560,,10,,245,,6425,,725,,1407749389.90625,293196.884269162
159796,07318,Rheinland-Pfalz,,,2025,,07318,"SPEYER,STADT",3003,,58.65,,30271,,591.2,,11,,1933,,269,,175,,2388,,46.64,,3355,,35662,,696.48,,2913,,62,,28,,1722,,3724,,559,,7,,63,,152,,54,,100839397.835938,61600.9171454507
159797,07319,Rheinland-Pfalz,,,2025,,07319,"WORMS,STADT",4334,,50.63,,46769,,546.31,,62,,3395,,1354,,280,,5091,,59.47,,6296,,56194,,656.4,,4174,,81,,79,,2412,,5686,,634,,15,,349,,865,,140,,259189827.665039,114200.37832886
159798,07320,Rheinland-Pfalz,,,2025,,07320,"ZWEIBRUECKEN,STADT",2036,,58.82,,21700,,626.93,,36,,1426,,585,,258,,2305,,66.59,,3683,,26041,,752.35,,1966,,25,,45,,1031,,2810,,326,,21,,111,,396,,78,,165991667.093262,90737.9453968374
159799,07332,Rheinland-Pfalz,,,2022,,07332,BAD DUERKHEIM,9612,,72.27,,92141,,692.77,,128,,5057,,4563,,442,,10190,,76.61,,13823,,111943,,841.65,,9330,,108,,174,,6766,,11311,,1485,,15,,373,,3634,,556,,1404142876.90137,301394.681365302
159800,07333,Rheinland-Pfalz,,,2022,,07333,DONNERSBERGKREIS,5719,,75.71,,51184,,677.58,,100,,2889,,3824,,335,,7148,,94.63,,11011,,64051,,847.92,,5444,,66,,209,,2696,,6292,,688,,16,,150,,2749,,925,,1534995548.00586,246254.614226016
159801,07334,Rheinland-Pfalz,,,2022,,07334,GERMERSHEIM,8995,,69.73,,84031,,651.37,,74,,5329,,4473,,476,,10352,,80.24,,15370,,103378,,801.34,,8766,,133,,96,,4320,,8921,,1178,,22,,686,,2647,,1140,,1080487402.4668,212431.616057743
159802,07335,Rheinland-Pfalz,,,2022,,07335,KAISERSLAUTERN,7216,,67.87,,69647,,655.07,,159,,4682,,3065,,386,,8292,,77.99,,15151,,85155,,800.93,,6921,,100,,195,,3716,,9025,,871,,23,,135,,2353,,577,,1513839464.51123,412313.096669188
159803,07332,Rheinland-Pfalz,,,2023,,07332,BAD DUERKHEIM,9838,,73.86,,92548,,694.77,,155,,5169,,4579,,442,,10345,,77.66,,14185,,112731,,846.29,,9564,,112,,162,,6684,,11650,,1630,,16,,362,,3661,,556,,1404142876.90137,301394.681365302
159804,07333,Rheinland-Pfalz,,,2023,,07333,DONNERSBERGKREIS,5803,,76.79,,51659,,683.6,,93,,2983,,3879,,354,,7309,,96.72,,11255,,64771,,857.11,,5545,,68,,190,,2667,,6462,,755,,21,,154,,2806,,919,,1534995548.00586,246254.614226016
159805,07334,Rheinland-Pfalz,,,2023,,07334,GERMERSHEIM,9251,,71.54,,84421,,652.84,,90,,5560,,4524,,483,,10657,,82.41,,15721,,104329,,806.79,,9020,,144,,87,,4249,,9313,,1276,,23,,707,,2704,,1113,,1080487402.4668,212431.616057743
159806,07335,Rheinland-Pfalz,,,2023,,07335,KAISERSLAUTERN,7330,,68.6,,69861,,653.8,,192,,4793,,3176,,372,,8533,,79.86,,15411,,85724,,802.26,,7036,,101,,193,,3709,,9330,,944,,24,,169,,2433,,574,,1513839464.51123,412313.096669188
159807,07332,Rheinland-Pfalz,,,2024,,07332,BAD DUERKHEIM,10017,,74.45,,92950,,690.84,,187,,5282,,4561,,476,,10506,,78.08,,14332,,113473,,843.38,,9739,,124,,154,,6569,,12151,,1814,,17,,330,,3684,,547,,1404142876.90137,301394.681365302
159808,07333,Rheinland-Pfalz,,,2024,,07333,DONNERSBERGKREIS,5878,,77.13,,51871,,680.65,,89,,3062,,3875,,361,,7387,,96.93,,11455,,65136,,854.71,,5617,,81,,180,,2670,,6746,,818,,23,,154,,2830,,891,,1534995548.00586,246254.614226016
159809,07334,Rheinland-Pfalz,,,2024,,07334,GERMERSHEIM,9473,,72.43,,85226,,651.61,,82,,5714,,4526,,490,,10812,,82.66,,16213,,105511,,806.7,,9240,,154,,79,,4209,,9887,,1387,,22,,741,,2689,,1096,,1080487402.4668,212431.616057743
159810,07331,Rheinland-Pfalz,,,2025,,07331,ALZEY-WORMS,10129,,75.91,,89066,,667.51,,25,,6425,,7308,,595,,14353,,107.57,,16043,,113548,,850.99,,9777,,139,,213,,4952,,11307,,1694,,11,,241,,6365,,702,,1407749389.90625,293196.884269162
159811,07332,Rheinland-Pfalz,,,2025,,07332,BAD DUERKHEIM,10228,,75.93,,93557,,694.5,,199,,5465,,4512,,479,,10655,,79.1,,14608,,114440,,849.52,,9947,,135,,146,,6542,,12676,,1935,,20,,325,,3654,,533,,1404142876.90137,301394.681365302
159812,07333,Rheinland-Pfalz,,,2025,,07333,DONNERSBERGKREIS,5887,,77.37,,52109,,684.85,,136,,3099,,3807,,366,,7408,,97.36,,11640,,65404,,859.58,,5639,,72,,176,,2628,,6990,,866,,25,,144,,2817,,846,,1534995548.00586,246254.614226016
159813,07334,Rheinland-Pfalz,,,2025,,07334,GERMERSHEIM,9579,,72.85,,85892,,653.21,,85,,5963,,4423,,505,,10976,,83.47,,16269,,106447,,809.53,,9344,,157,,78,,4212,,10602,,1514,,23,,685,,2689,,1049,,1080487402.4668,212431.616057743
159814,07336,Rheinland-Pfalz,,,2022,,07336,KUSEL,5165,,73.68,,47902,,683.29,,20,,2449,,3617,,269,,6355,,90.65,,11870,,59422,,847.61,,4860,,59,,246,,2357,,6409,,737,,12,,33,,2662,,922,,1361859010.021,283441.161102603
159815,07337,Rheinland-Pfalz,,,2022,,07337,SUEDLICHE WEINSTRASSE,8987,,81.12,,78235,,706.2,,221,,5319,,7692,,555,,13787,,124.45,,13847,,101009,,911.77,,8708,,94,,185,,4857,,8900,,1426,,16,,232,,5991,,1469,,1496204690.33154,415678.507370941
159816,07338,Rheinland-Pfalz,,,2022,,07338,RHEIN-PFALZ-KREIS,11474,,74.14,,102928,,665.11,,60,,6020,,3585,,425,,10090,,65.2,,14218,,124492,,804.45,,11175,,185,,114,,6859,,11194,,1498,,3,,749,,2357,,479,,718490143.424316,280433.721794797
159817,07339,Rheinland-Pfalz,,,2022,,07339,MAINZ-BINGEN,14643,,69.23,,143469,,678.26,,86,,7971,,7745,,696,,16498,,78,,19732,,174610,,825.48,,14156,,194,,293,,8718,,16437,,2172,,23,,457,,5940,,1348,,1459372685.93848,355288.589210742
159818,07336,Rheinland-Pfalz,,,2023,,07336,KUSEL,5302,,75.8,,47851,,684.08,,19,,2500,,3703,,273,,6495,,92.85,,12147,,59648,,852.74,,5005,,60,,237,,2342,,6475,,783,,13,,41,,2757,,905,,1361859010.021,283441.161102603
159819,07337,Rheinland-Pfalz,,,2023,,07337,SUEDLICHE WEINSTRASSE,9290,,83.48,,78600,,706.33,,253,,5423,,7599,,571,,13846,,124.43,,14120,,101736,,914.24,,8999,,103,,188,,4855,,9258,,1574,,19,,237,,6028,,1334,,1496204690.33154,415678.507370941
159820,07338,Rheinland-Pfalz,,,2023,,07338,RHEIN-PFALZ-KREIS,11771,,75.92,,102765,,662.79,,60,,6141,,3598,,411,,10210,,65.85,,14465,,124746,,804.55,,11473,,194,,104,,6715,,11613,,1662,,5,,797,,2327,,474,,718490143.424316,280433.721794797
159821,07335,Rheinland-Pfalz,,,2024,,07335,KAISERSLAUTERN,7434,,68.7,,70362,,650.2,,140,,5019,,3208,,375,,8742,,80.78,,15631,,86538,,799.68,,7160,,100,,174,,3676,,9809,,1008,,24,,183,,2457,,568,,1513839464.51123,412313.096669188
159822,07336,Rheinland-Pfalz,,,2024,,07336,KUSEL,5383,,75.33,,48063,,672.57,,19,,2571,,3728,,281,,6599,,92.34,,12367,,60045,,840.24,,5098,,60,,225,,2378,,6686,,839,,13,,39,,2804,,885,,1361859010.021,283441.161102603
159823,07337,Rheinland-Pfalz,,,2024,,07337,SUEDLICHE WEINSTRASSE,9591,,85.15,,79176,,702.97,,276,,5561,,7595,,575,,14007,,124.36,,14412,,102774,,912.48,,9289,,120,,182,,4795,,9666,,1719,,20,,250,,6024,,1321,,1496204690.33154,415678.507370941
159824,07338,Rheinland-Pfalz,,,2024,,07338,RHEIN-PFALZ-KREIS,12041,,77.23,,103095,,661.2,,60,,6206,,3577,,408,,10251,,65.74,,14603,,125387,,804.17,,11733,,207,,101,,6638,,12210,,1788,,6,,794,,2317,,466,,718490143.424316,280433.721794797
159825,07335,Rheinland-Pfalz,,,2025,,07335,KAISERSLAUTERN,7391,,68.09,,70781,,652.12,,130,,5155,,3196,,378,,8859,,81.62,,15821,,87031,,801.83,,7123,,104,,164,,3600,,10189,,1101,,25,,181,,2458,,557,,1513839464.51123,412313.096669188
159826,07336,Rheinland-Pfalz,,,2025,,07336,KUSEL,5445,,76.54,,48361,,679.8,,18,,2622,,3767,,288,,6695,,94.11,,12400,,60501,,850.45,,5162,,65,,218,,2346,,6881,,936,,15,,43,,2866,,858,,1361859010.021,283441.161102603
159827,07337,Rheinland-Pfalz,,,2025,,07337,SUEDLICHE WEINSTRASSE,9775,,86.59,,79511,,704.3,,278,,5601,,7506,,570,,13955,,123.61,,14557,,103241,,914.5,,9488,,120,,167,,4762,,10166,,1829,,20,,247,,6000,,1259,,1496204690.33154,415678.507370941
159828,07338,Rheinland-Pfalz,,,2025,,07338,RHEIN-PFALZ-KREIS,12162,,77.79,,103234,,660.29,,69,,6284,,3584,,410,,10347,,66.18,,14730,,125743,,804.26,,11857,,213,,92,,6515,,12789,,1894,,8,,804,,2334,,446,,718490143.424316,280433.721794797
159829,07340,Rheinland-Pfalz,,,2022,,07340,SUEDWESTPFALZ,8077,,85.1,,67917,,715.58,,180,,3755,,4522,,258,,8715,,91.82,,14736,,84709,,892.5,,7709,,79,,289,,3847,,9395,,1096,,17,,142,,3295,,1085,,2233259891.82422,440330.722874589
159830,08111,Baden-Württemberg,,,2022,,08111,"STUTTGART,STADT",26692,,42.35,,302792,,480.39,,366,,17458,,2841,,1975,,22640,,35.92,,19214,,352124,,558.66,,25973,,491,,228,,19156,,50364,,3818,,111,,687,,1726,,428,,482996164.130371,146019.855457232
159831,08115,Baden-Württemberg,,,2022,,08115,BOEBLINGEN,25490,,64.88,,257554,,655.52,,323,,12106,,7696,,885,,21010,,53.47,,30185,,304054,,773.88,,24886,,338,,266,,15013,,40661,,4014,,72,,468,,5043,,2185,,1414394026.94482,292018.978855714
159832,07339,Rheinland-Pfalz,,,2023,,07339,MAINZ-BINGEN,15866,,74.69,,143858,,677.23,,113,,8174,,7797,,727,,16811,,79.14,,20104,,176535,,831.07,,15392,,198,,276,,8654,,17083,,2382,,24,,476,,6017,,1304,,1459372685.93848,355288.589210742
159833,07340,Rheinland-Pfalz,,,2023,,07340,SUEDWESTPFALZ,8239,,86.89,,68092,,718.13,,183,,3862,,4620,,258,,8923,,94.11,,15132,,85254,,899.12,,7867,,87,,285,,3838,,9628,,1198,,17,,143,,3401,,1076,,2233259891.82422,440330.722874589
159834,08111,Baden-Württemberg,,,2023,,08111,"STUTTGART,STADT",27300,,43.59,,299695,,478.54,,384,,17638,,2911,,2188,,23121,,36.92,,19460,,350116,,559.05,,26569,,512,,219,,18679,,51409,,4171,,120,,690,,1792,,429,,482996164.130371,146019.855457232
159835,08115,Baden-Württemberg,,,2023,,08115,BOEBLINGEN,25940,,65.97,,261103,,664.05,,336,,12442,,7796,,900,,21474,,54.61,,30754,,308517,,784.64,,25304,,363,,273,,15058,,43426,,4400,,70,,477,,5152,,2167,,1414394026.94482,292018.978855714
159836,07339,Rheinland-Pfalz,,,2024,,07339,MAINZ-BINGEN,15245,,70.92,,144871,,673.98,,111,,8421,,7700,,743,,16975,,78.97,,20433,,177091,,823.88,,14776,,213,,256,,8619,,17820,,2583,,23,,450,,5993,,1257,,1459372685.93848,355288.589210742
159837,07340,Rheinland-Pfalz,,,2024,,07340,SUEDWESTPFALZ,8377,,88.27,,68213,,718.8,,171,,4014,,4707,,255,,9147,,96.39,,15351,,85737,,903.46,,8011,,87,,279,,3804,,9973,,1254,,18,,153,,3497,,1057,,2233259891.82422,440330.722874589
159838,08111,Baden-Württemberg,,,2024,,08111,"STUTTGART,STADT",28067,,44.35,,299937,,473.94,,394,,18124,,3067,,2376,,23961,,37.86,,19565,,351965,,556.15,,27338,,529,,200,,18608,,53235,,4388,,124,,761,,1877,,429,,482996164.130371,146019.855457232
159839,08115,Baden-Württemberg,,,2024,,08115,BOEBLINGEN,26360,,66.14,,264362,,663.35,,354,,12915,,7877,,939,,22085,,55.42,,31144,,312807,,784.91,,25722,,373,,265,,15139,,46184,,4771,,72,,490,,5256,,2131,,1414394026.94482,292018.978855714
159840,07339,Rheinland-Pfalz,,,2025,,07339,MAINZ-BINGEN,15374,,71.41,,145964,,678,,112,,8633,,7659,,760,,17164,,79.73,,20685,,178502,,829.14,,14920,,220,,234,,8486,,18623,,2799,,20,,441,,5995,,1223,,1459372685.93848,355288.589210742
159841,07340,Rheinland-Pfalz,,,2025,,07340,SUEDWESTPFALZ,8384,,88.33,,68532,,722.06,,181,,4125,,4722,,252,,9280,,97.77,,15620,,86196,,908.17,,8044,,82,,258,,3756,,10214,,1383,,17,,148,,3549,,1025,,2233259891.82422,440330.722874589
159842,08111,Baden-Württemberg,,,2025,,08111,"STUTTGART,STADT",28548,,45.07,,301985,,476.71,,380,,18444,,3131,,2590,,24545,,38.75,,19716,,355078,,560.52,,27812,,537,,199,,18417,,57664,,4683,,127,,798,,1906,,427,,482996164.130371,146019.855457232
159843,08115,Baden-Württemberg,,,2025,,08115,BOEBLINGEN,26719,,66.58,,265649,,661.94,,359,,13294,,7938,,946,,22537,,56.16,,31448,,314905,,784.68,,26075,,393,,251,,15085,,49212,,5177,,89,,508,,5306,,2124,,1414394026.94482,292018.978855714
159844,08116,Baden-Württemberg,,,2022,,08116,ESSLINGEN,37895,,71.02,,337566,,632.6,,366,,19369,,11325,,1442,,32502,,60.91,,44662,,407963,,764.52,,36993,,502,,400,,19666,,44962,,5579,,120,,1141,,6571,,3613,,1464493907.96973,290686.132625777
159845,08117,Baden-Württemberg,,,2022,,08117,GOEPPINGEN,18641,,72.03,,168923,,652.76,,171,,10436,,8403,,704,,19714,,76.18,,25935,,207278,,800.98,,18179,,187,,275,,8929,,24054,,2792,,51,,516,,5546,,2341,,1471823131.76123,294368.26936729
159846,08118,Baden-Württemberg,,,2022,,08118,LUDWIGSBURG,35830,,65.75,,336361,,617.21,,205,,19895,,11742,,1366,,33208,,60.94,,41606,,405399,,743.89,,35003,,454,,373,,19221,,43370,,4884,,161,,1261,,7613,,2868,,1590047439.93457,322799.459817936
159847,08119,Baden-Württemberg,,,2022,,08119,REMS-MURR-KREIS,30085,,70.41,,269889,,631.64,,354,,17194,,13352,,1139,,32039,,74.98,,40538,,332013,,777.03,,29340,,357,,388,,15870,,36535,,4346,,91,,708,,9845,,2799,,1982132124.38184,326329.768090754
159848,08116,Baden-Württemberg,,,2023,,08116,ESSLINGEN,38882,,72.9,,341655,,640.54,,370,,19843,,11428,,1446,,33087,,62.03,,45443,,413624,,775.47,,37979,,524,,379,,19530,,47588,,6090,,112,,1156,,6715,,3557,,1464493907.96973,290686.132625777
159849,08117,Baden-Württemberg,,,2023,,08117,GOEPPINGEN,19159,,73.96,,169407,,653.96,,173,,10836,,8477,,708,,20194,,77.96,,26524,,208760,,805.88,,18696,,202,,261,,8922,,24877,,3049,,55,,522,,5653,,2302,,1471823131.76123,294368.26936729
159850,08118,Baden-Württemberg,,,2023,,08118,LUDWIGSBURG,36899,,67.74,,336479,,617.76,,202,,20432,,11880,,1386,,33900,,62.24,,42347,,407278,,747.74,,36076,,475,,348,,19014,,45096,,5361,,161,,1317,,7743,,2820,,1590047439.93457,322799.459817936
159851,08119,Baden-Württemberg,,,2023,,08119,REMS-MURR-KREIS,30648,,71.72,,271193,,634.64,,354,,17720,,13550,,1151,,32775,,76.7,,41304,,334616,,783.06,,29910,,373,,365,,15775,,37925,,4738,,88,,728,,10071,,2751,,1982132124.38184,326329.768090754
159852,08116,Baden-Württemberg,,,2024,,08116,ESSLINGEN,39982,,74.01,,345023,,638.66,,351,,20460,,11539,,1454,,33804,,62.57,,45830,,418809,,775.25,,39118,,526,,338,,19396,,49825,,6582,,112,,1150,,6866,,3523,,1464493907.96973,290686.132625777
159853,08117,Baden-Württemberg,,,2024,,08117,GOEPPINGEN,19573,,74.75,,170765,,652.13,,165,,11184,,8538,,709,,20596,,78.65,,26877,,210934,,805.53,,19110,,214,,249,,8914,,25953,,3339,,60,,496,,5772,,2270,,1471823131.76123,294368.26936729
159854,08118,Baden-Württemberg,,,2024,,08118,LUDWIGSBURG,37662,,68.35,,339526,,616.14,,197,,20887,,11994,,1447,,34525,,62.65,,42942,,411713,,747.14,,36824,,494,,344,,19016,,47648,,5853,,176,,1335,,7860,,2799,,1590047439.93457,322799.459817936
159855,08119,Baden-Württemberg,,,2024,,08119,REMS-MURR-KREIS,31479,,72.8,,273326,,632.12,,381,,18225,,13600,,1167,,33373,,77.18,,41832,,338178,,782.1,,30745,,382,,352,,15828,,39411,,5175,,93,,746,,10182,,2672,,1982132124.38184,326329.768090754
159856,08116,Baden-Württemberg,,,2025,,08116,ESSLINGEN,40747,,75.1,,345526,,636.82,,356,,20916,,11518,,1531,,34321,,63.25,,45978,,420594,,775.17,,39889,,526,,332,,19157,,52116,,7108,,115,,1077,,6969,,3472,,1464493907.96973,290686.132625777
159857,08117,Baden-Württemberg,,,2025,,08117,GOEPPINGEN,19795,,75.06,,171708,,651.13,,169,,11452,,8579,,723,,20923,,79.34,,27297,,212426,,805.54,,19324,,229,,242,,8857,,26951,,3660,,67,,477,,5860,,2242,,1471823131.76123,294368.26936729
159858,08118,Baden-Württemberg,,,2025,,08118,LUDWIGSBURG,38394,,69.34,,342151,,617.95,,196,,21419,,11949,,1460,,35024,,63.26,,43395,,415569,,750.55,,37559,,528,,307,,18739,,49863,,6300,,185,,1314,,7903,,2732,,1590047439.93457,322799.459817936
159859,08121,Baden-Württemberg,,,2022,,08121,"HEILBRONN,STADT",4960,,39.22,,68897,,544.82,,104,,4929,,1943,,348,,7324,,57.92,,7223,,81181,,641.96,,4823,,61,,76,,3230,,9107,,650,,114,,896,,838,,209,,234999081.866211,102466.665934256
159860,08125,Baden-Württemberg,,,2022,,08125,HEILBRONN,25336,,73.15,,250335,,722.75,,214,,14065,,15572,,1068,,30919,,89.27,,41065,,306590,,885.17,,24609,,304,,423,,12721,,40982,,3437,,14,,1244,,11056,,3272,,2568343683.58057,548822.369582987
159861,08126,Baden-Württemberg,,,2022,,08126,HOHENLOHEKREIS,9700,,86.02,,85062,,754.33,,111,,4712,,9811,,522,,15156,,134.4,,16472,,109918,,974.75,,9397,,86,,217,,3824,,11453,,1102,,24,,519,,6844,,2448,,1823638725.96484,355141.920426413
159862,08127,Baden-Württemberg,,,2022,,08127,SCHWAEBISCH-HALL,15503,,78.35,,133486,,674.65,,451,,8964,,16030,,749,,26194,,132.39,,29533,,175183,,885.39,,15021,,122,,360,,6639,,18837,,2011,,40,,626,,11391,,4013,,3464631857.34473,522161.973054092
159863,08121,Baden-Württemberg,,,2023,,08121,"HEILBRONN,STADT",5196,,41.37,,69024,,549.5,,105,,5154,,1990,,374,,7623,,60.69,,7434,,81843,,651.55,,5056,,69,,71,,3197,,9600,,717,,119,,947,,833,,210,,234999081.866211,102466.665934256
159864,08125,Baden-Württemberg,,,2023,,08125,HEILBRONN,26124,,75.11,,251077,,721.9,,238,,14526,,15680,,1075,,31519,,90.62,,41960,,308720,,887.64,,25408,,309,,407,,12644,,42538,,3805,,14,,1264,,11150,,3266,,2568343683.58057,548822.369582987
159865,08126,Baden-Württemberg,,,2023,,08126,HOHENLOHEKREIS,9931,,87.64,,86203,,760.72,,120,,4953,,9924,,527,,15524,,137,,16924,,111658,,985.35,,9630,,103,,198,,3824,,11992,,1213,,24,,531,,6993,,2400,,1823638725.96484,355141.920426413
159866,08127,Baden-Württemberg,,,2023,,08127,SCHWAEBISCH-HALL,15814,,79.31,,134607,,675.07,,467,,9226,,16129,,777,,26599,,133.4,,30205,,177020,,887.77,,15324,,142,,348,,6689,,19531,,2234,,46,,627,,11576,,3926,,3464631857.34473,522161.973054092
159867,08121,Baden-Württemberg,,,2024,,08121,"HEILBRONN,STADT",5364,,41.8,,69749,,543.5,,111,,5299,,2087,,384,,7881,,61.41,,7607,,82994,,646.7,,5220,,74,,70,,3197,,10360,,783,,123,,1001,,876,,210,,234999081.866211,102466.665934256
159868,08125,Baden-Württemberg,,,2024,,08125,HEILBRONN,26732,,75.67,,255222,,722.43,,248,,15143,,15724,,1130,,32245,,91.27,,42326,,314199,,889.37,,25999,,333,,400,,12722,,44960,,4165,,16,,1232,,11259,,3233,,2568343683.58057,548822.369582987
159869,08126,Baden-Württemberg,,,2024,,08126,HOHENLOHEKREIS,10170,,88.39,,87376,,759.38,,125,,5115,,9992,,530,,15762,,136.99,,17216,,113308,,984.75,,9858,,118,,194,,3839,,12663,,1328,,24,,547,,7074,,2371,,1823638725.96484,355141.920426413
159870,08119,Baden-Württemberg,,,2025,,08119,REMS-MURR-KREIS,32046,,73.78,,275067,,633.26,,394,,18772,,13635,,1178,,33979,,78.23,,42282,,341092,,785.26,,31312,,392,,342,,15630,,41322,,5553,,93,,741,,10254,,2640,,1982132124.38184,326329.768090754
159871,08121,Baden-Württemberg,,,2025,,08121,"HEILBRONN,STADT",5432,,41.75,,70361,,540.85,,108,,5356,,2142,,379,,7985,,61.38,,7689,,83778,,643.99,,5292,,73,,67,,3152,,10941,,826,,128,,1052,,886,,204,,234999081.866211,102466.665934256
159872,08125,Baden-Württemberg,,,2025,,08125,HEILBRONN,27175,,76.47,,258199,,726.59,,262,,15645,,15645,,1113,,32665,,91.92,,42749,,318039,,894.98,,26430,,357,,388,,12681,,46185,,4482,,15,,1156,,11292,,3197,,2568343683.58057,548822.369582987
159873,08126,Baden-Württemberg,,,2025,,08126,HOHENLOHEKREIS,10283,,88.8,,87950,,759.53,,129,,5192,,10050,,524,,15895,,137.27,,17400,,114128,,985.6,,9988,,110,,185,,3805,,13240,,1426,,23,,551,,7142,,2357,,1823638725.96484,355141.920426413
159874,08128,Baden-Württemberg,,,2022,,08128,MAIN-TAUBER-KREIS,10570,,79.66,,91107,,686.65,,99,,5493,,12225,,522,,18339,,138.22,,18359,,120016,,904.53,,10113,,103,,354,,4062,,11521,,1194,,35,,192,,9122,,2911,,3098082123.89697,552943.473485433
159875,08135,Baden-Württemberg,,,2022,,08135,HEIDENHEIM,9478,,71.36,,86138,,648.57,,88,,4521,,4998,,479,,10086,,75.94,,15819,,105702,,795.88,,9249,,72,,157,,4027,,12626,,1537,,31,,324,,3441,,1233,,1436877029.67822,356333.883385419
159876,08136,Baden-Württemberg,,,2022,,08136,OSTALBKREIS,24187,,76.96,,209222,,665.69,,302,,12006,,16459,,1054,,29821,,94.88,,39373,,263230,,837.53,,23521,,240,,426,,10186,,32812,,3676,,86,,947,,11697,,3815,,3489019377.34961,531443.847223833
159877,08211,Baden-Württemberg,,,2022,,08211,"BADEN-BADEN,STADT",3301,,59.53,,35872,,646.94,,64,,2525,,990,,240,,3819,,68.87,,4169,,42992,,775.34,,3223,,52,,26,,2520,,6127,,453,,17,,136,,528,,326,,321646408.382324,148863.911775448
159878,08128,Baden-Württemberg,,,2023,,08128,MAIN-TAUBER-KREIS,10831,,81.46,,91749,,690.07,,101,,5754,,12332,,533,,18720,,140.8,,18835,,121300,,912.33,,10390,,103,,338,,4022,,11969,,1307,,35,,200,,9263,,2869,,3098082123.89697,552943.473485433
159879,08135,Baden-Württemberg,,,2023,,08135,HEIDENHEIM,9691,,72.89,,86649,,651.7,,89,,4645,,5127,,489,,10350,,77.84,,16280,,106690,,802.43,,9453,,86,,152,,3993,,13071,,1674,,29,,409,,3504,,1214,,1436877029.67822,356333.883385419
159880,08136,Baden-Württemberg,,,2023,,08136,OSTALBKREIS,24813,,78.77,,210202,,667.29,,307,,12481,,16738,,1071,,30597,,97.13,,40265,,265612,,843.19,,24151,,266,,396,,10161,,33707,,3986,,90,,963,,11974,,3801,,3489019377.34961,531443.847223833
159881,08127,Baden-Württemberg,,,2024,,08127,SCHWAEBISCH-HALL,16005,,78.91,,136616,,673.54,,561,,9489,,16191,,792,,27033,,133.28,,30836,,179654,,885.72,,15521,,149,,335,,6722,,20448,,2441,,46,,651,,11683,,3857,,3464631857.34473,522161.973054092
159882,08128,Baden-Württemberg,,,2024,,08128,MAIN-TAUBER-KREIS,10978,,81.47,,92508,,686.54,,97,,5898,,12352,,554,,18901,,140.27,,19159,,122387,,908.29,,10539,,110,,329,,3933,,12442,,1455,,35,,209,,9314,,2829,,3098082123.89697,552943.473485433
159883,08135,Baden-Württemberg,,,2024,,08135,HEIDENHEIM,9928,,73.52,,87464,,647.71,,94,,4795,,5146,,500,,10535,,78.02,,16602,,107927,,799.25,,9684,,94,,150,,4000,,13709,,1783,,32,,395,,3542,,1209,,1436877029.67822,356333.883385419
159884,08136,Baden-Württemberg,,,2024,,08136,OSTALBKREIS,25356,,79.33,,212240,,664.02,,319,,12800,,16909,,1115,,31143,,97.43,,41023,,268739,,840.78,,24713,,274,,369,,10152,,34855,,4328,,98,,995,,12137,,3777,,3489019377.34961,531443.847223833
159885,08127,Baden-Württemberg,,,2025,,08127,SCHWAEBISCH-HALL,16244,,79.35,,137748,,672.86,,634,,9765,,16252,,810,,27461,,134.14,,31330,,181453,,886.34,,15763,,156,,325,,6702,,21270,,2716,,47,,651,,11811,,3790,,3464631857.34473,522161.973054092
159886,08128,Baden-Württemberg,,,2025,,08128,MAIN-TAUBER-KREIS,11123,,82.17,,93061,,687.45,,101,,6051,,12404,,559,,19115,,141.2,,19473,,123299,,910.82,,10690,,106,,327,,3896,,12881,,1562,,43,,216,,9379,,2809,,3098082123.89697,552943.473485433
159887,08135,Baden-Württemberg,,,2025,,08135,HEIDENHEIM,10142,,74.87,,87968,,649.35,,93,,4921,,5153,,513,,10680,,78.84,,16917,,108790,,803.06,,9891,,109,,142,,3932,,14297,,1905,,32,,409,,3559,,1185,,1436877029.67822,356333.883385419
159888,08136,Baden-Württemberg,,,2025,,08136,OSTALBKREIS,25700,,80.2,,213794,,667.2,,342,,13049,,16930,,1133,,31454,,98.16,,41566,,270948,,845.56,,25067,,277,,356,,10176,,36189,,4719,,92,,929,,12290,,3711,,3489019377.34961,531443.847223833
159889,08212,Baden-Württemberg,,,2022,,08212,"KARLSRUHE,STADT",12714,,41.22,,142078,,460.64,,496,,9752,,1496,,1093,,12837,,41.62,,13976,,167629,,543.48,,12407,,194,,113,,7178,,17148,,2498,,52,,472,,783,,241,,404281025.953613,124383.217801063
159890,08215,Baden-Württemberg,,,2022,,08215,KARLSRUHE,29645,,66.34,,285944,,639.91,,215,,17712,,11969,,1344,,31240,,69.91,,50735,,346829,,776.16,,28795,,422,,428,,15521,,35294,,4410,,90,,1289,,6990,,3690,,2525595490.92627,436497.703685897
159891,08216,Baden-Württemberg,,,2022,,08216,RASTATT,17297,,74.53,,153239,,660.25,,111,,8748,,7287,,643,,16789,,72.34,,29378,,187325,,807.12,,16819,,251,,227,,8185,,20004,,2463,,49,,730,,4087,,2470,,1698627125.57178,452705.907925316
159892,08211,Baden-Württemberg,,,2023,,08211,"BADEN-BADEN,STADT",3413,,61.47,,36044,,649.13,,65,,2642,,1010,,211,,3928,,70.74,,4296,,43385,,781.33,,3334,,53,,26,,2565,,6352,,504,,17,,167,,523,,320,,321646408.382324,148863.911775448
159893,08212,Baden-Württemberg,,,2023,,08212,"KARLSRUHE,STADT",12994,,42.39,,141504,,461.67,,488,,9979,,1528,,1131,,13126,,42.83,,14119,,167624,,546.89,,12669,,219,,106,,7128,,17825,,2769,,53,,483,,810,,235,,404281025.953613,124383.217801063
159894,08215,Baden-Württemberg,,,2023,,08215,KARLSRUHE,30436,,67.86,,286622,,639.09,,174,,18147,,12305,,1395,,32021,,71.4,,52140,,349079,,778.35,,29568,,469,,399,,15385,,36658,,4906,,95,,1565,,7086,,3654,,2525595490.92627,436497.703685897
159895,08216,Baden-Württemberg,,,2023,,08216,RASTATT,17706,,76.22,,153608,,661.26,,90,,8797,,7300,,649,,16836,,72.48,,29680,,188150,,809.96,,17216,,274,,216,,8102,,20964,,2654,,56,,712,,4143,,2445,,1698627125.57178,452705.907925316
159896,08211,Baden-Württemberg,,,2024,,08211,"BADEN-BADEN,STADT",3423,,60.03,,36190,,634.63,,65,,2724,,1006,,194,,3989,,69.95,,4294,,43602,,764.61,,3350,,48,,25,,2528,,6528,,557,,16,,186,,510,,310,,321646408.382324,148863.911775448
159897,08212,Baden-Württemberg,,,2024,,08212,"KARLSRUHE,STADT",13120,,42.5,,141341,,457.85,,455,,10343,,1545,,1176,,13519,,43.79,,14249,,167980,,544.14,,12796,,215,,109,,7042,,18728,,2952,,52,,475,,832,,238,,404281025.953613,124383.217801063
159898,08215,Baden-Württemberg,,,2024,,08215,KARLSRUHE,30871,,67.91,,288435,,634.46,,177,,18738,,12277,,1434,,32626,,71.77,,53053,,351932,,774.14,,30032,,469,,370,,15192,,38413,,5290,,94,,1530,,7163,,3584,,2525595490.92627,436497.703685897
159899,08216,Baden-Württemberg,,,2024,,08216,RASTATT,17987,,76.55,,154629,,658.05,,98,,9060,,7309,,666,,17133,,72.91,,29914,,189749,,807.51,,17495,,297,,195,,8083,,21889,,2844,,63,,702,,4219,,2388,,1698627125.57178,452705.907925316
159900,08211,Baden-Württemberg,,,2025,,08211,"BADEN-BADEN,STADT",3436,,59.84,,36415,,634.19,,68,,2880,,1008,,199,,4155,,72.36,,4324,,44006,,766.39,,3362,,51,,23,,2520,,6746,,599,,14,,195,,512,,301,,321646408.382324,148863.911775448
159901,08212,Baden-Württemberg,,,2025,,08212,"KARLSRUHE,STADT",13225,,42.67,,140951,,454.73,,397,,10549,,1532,,1195,,13673,,44.11,,14289,,167849,,541.51,,12890,,223,,112,,6906,,19357,,2973,,52,,456,,839,,237,,404281025.953613,124383.217801063
159902,08215,Baden-Württemberg,,,2025,,08215,KARLSRUHE,31273,,68.52,,290734,,637.03,,184,,19202,,12268,,1455,,33109,,72.55,,53740,,355116,,778.09,,30448,,484,,341,,15089,,40153,,5739,,90,,1435,,7285,,3548,,2525595490.92627,436497.703685897
159903,08216,Baden-Württemberg,,,2025,,08216,RASTATT,18206,,77.29,,155292,,659.3,,97,,9293,,7260,,675,,17325,,73.55,,30128,,190823,,810.14,,17727,,287,,192,,7974,,22863,,3068,,58,,634,,4284,,2342,,1698627125.57178,452705.907925316
159904,08221,Baden-Württemberg,,,2022,,08221,"HEIDELBERG,STADT",4944,,31.15,,61361,,386.55,,76,,3641,,709,,392,,4818,,30.35,,4444,,71123,,448.04,,4832,,58,,54,,4140,,8295,,1088,,51,,60,,550,,99,,257589058.770508,103338.604933693
159905,08222,Baden-Württemberg,,,2022,,08222,"MANNHEIM,STADT",12188,,39.35,,155172,,501.01,,160,,12699,,1415,,1185,,15459,,49.91,,12667,,182819,,590.27,,11741,,270,,177,,7787,,18468,,1582,,114,,702,,582,,131,,344084890.556152,101791.796272457
159906,08225,Baden-Württemberg,,,2022,,08225,NECKAR-ODENWALD-KREIS,10473,,72.83,,96537,,671.34,,83,,5712,,8643,,577,,15015,,104.42,,22204,,122025,,848.59,,9996,,83,,394,,4357,,14112,,1357,,43,,239,,6451,,1953,,2662775426.58887,377399.474629973
159907,08226,Baden-Württemberg,,,2022,,08226,RHEIN-NECKAR-KREIS,33622,,61.33,,357113,,651.39,,171,,19762,,10316,,1577,,31826,,58.05,,42561,,422561,,770.77,,32707,,427,,488,,21360,,44772,,5056,,43,,951,,6833,,2532,,2499312736.61621,578777.087726588
159908,08221,Baden-Württemberg,,,2023,,08221,"HEIDELBERG,STADT",5037,,31.63,,61102,,383.7,,86,,3745,,709,,420,,4960,,31.15,,4533,,71099,,446.48,,4912,,68,,57,,4067,,8579,,1199,,56,,60,,551,,98,,257589058.770508,103338.604933693
159909,08222,Baden-Württemberg,,,2023,,08222,"MANNHEIM,STADT",12687,,40.69,,156176,,500.84,,145,,13172,,1423,,1227,,15967,,51.2,,12979,,184830,,592.72,,12237,,268,,182,,7739,,19385,,1782,,121,,684,,613,,126,,344084890.556152,101791.796272457
159910,08225,Baden-Württemberg,,,2023,,08225,NECKAR-ODENWALD-KREIS,10754,,74.72,,97042,,674.24,,97,,5882,,8774,,582,,15335,,106.55,,22825,,123131,,855.5,,10279,,103,,372,,4366,,14698,,1508,,45,,247,,6594,,1933,,2662775426.58887,377399.474629973
159911,08226,Baden-Württemberg,,,2023,,08226,RHEIN-NECKAR-KREIS,34539,,62.91,,358462,,652.9,,187,,20372,,10348,,1602,,32509,,59.21,,43252,,425510,,775.02,,33657,,437,,445,,21070,,46962,,5482,,51,,904,,6928,,2516,,2499312736.61621,578777.087726588
159912,08221,Baden-Württemberg,,,2024,,08221,"HEIDELBERG,STADT",5107,,31.47,,61217,,377.25,,92,,3860,,713,,400,,5065,,31.21,,4556,,71389,,439.93,,4972,,77,,58,,4001,,9019,,1336,,56,,62,,557,,94,,257589058.770508,103338.604933693
159913,08222,Baden-Württemberg,,,2024,,08222,"MANNHEIM,STADT",13088,,41.48,,157809,,500.1,,157,,13649,,1412,,1253,,16471,,52.2,,12911,,187368,,593.77,,12631,,288,,169,,7675,,20638,,1827,,118,,673,,617,,122,,344084890.556152,101791.796272457
159914,08225,Baden-Württemberg,,,2024,,08225,NECKAR-ODENWALD-KREIS,10839,,74.5,,97723,,671.67,,97,,6091,,8834,,579,,15601,,107.23,,23212,,124163,,853.4,,10375,,117,,347,,4375,,15239,,1657,,45,,245,,6676,,1913,,2662775426.58887,377399.474629973
159915,08226,Baden-Württemberg,,,2024,,08226,RHEIN-NECKAR-KREIS,35260,,63.49,,361144,,650.3,,203,,21165,,10397,,1622,,33387,,60.12,,43733,,429791,,773.91,,34385,,454,,421,,20903,,49355,,6011,,35,,894,,7014,,2489,,2499312736.61621,578777.087726588
159916,08221,Baden-Württemberg,,,2025,,08221,"HEIDELBERG,STADT",5236,,32.13,,61272,,375.99,,99,,3870,,714,,411,,5094,,31.26,,4564,,71602,,439.38,,5094,,82,,60,,3934,,9349,,1329,,58,,62,,557,,95,,257589058.770508,103338.604933693
159917,08222,Baden-Württemberg,,,2025,,08222,"MANNHEIM,STADT",13288,,41.93,,158974,,501.69,,176,,13931,,1432,,1256,,16795,,53,,13012,,189057,,596.63,,12816,,300,,172,,7570,,21946,,1946,,120,,660,,649,,123,,344084890.556152,101791.796272457
159918,08225,Baden-Württemberg,,,2025,,08225,NECKAR-ODENWALD-KREIS,10915,,74.72,,98349,,673.3,,99,,6303,,8856,,590,,15848,,108.5,,23618,,125112,,856.52,,10451,,123,,341,,4397,,15795,,1793,,49,,237,,6738,,1881,,2662775426.58887,377399.474629973
159919,08231,Baden-Württemberg,,,2022,,08231,"PFORZHEIM,STADT",4787,,37.99,,63433,,503.37,,63,,3477,,611,,313,,4464,,35.42,,5855,,72684,,576.78,,4634,,81,,72,,3233,,8399,,639,,52,,67,,430,,114,,226917197.384766,88909.8794940917
159920,08235,Baden-Württemberg,,,2022,,08235,CALW,11825,,73.84,,107927,,673.92,,155,,7208,,7367,,662,,15392,,96.11,,21842,,135144,,843.86,,11493,,117,,215,,5310,,15382,,1850,,38,,479,,4413,,2475,,1827943616.18164,311014.907815631
159921,08236,Baden-Württemberg,,,2022,,08236,ENZKREIS,16073,,80.46,,135308,,677.38,,129,,7448,,6588,,472,,14637,,73.28,,26294,,166018,,831.12,,15669,,166,,238,,7955,,18134,,2344,,2,,657,,3890,,2041,,1325558432.70508,349799.153198767
159922,08237,Baden-Württemberg,,,2022,,08237,FREUDENSTADT,9184,,77.59,,79060,,667.94,,175,,4699,,6881,,498,,12253,,103.52,,16636,,100497,,849.05,,8883,,93,,208,,3699,,14831,,1310,,31,,249,,4372,,2260,,1979925034.57227,330013.191466981
159923,08231,Baden-Württemberg,,,2023,,08231,"PFORZHEIM,STADT",4935,,39.31,,63725,,507.65,,83,,3637,,629,,312,,4661,,37.13,,6036,,73321,,584.1,,4757,,97,,81,,3207,,8805,,701,,54,,81,,441,,107,,226917197.384766,88909.8794940917
159924,08235,Baden-Württemberg,,,2023,,08235,CALW,12216,,76.02,,109045,,678.62,,177,,7481,,7463,,670,,15791,,98.27,,22383,,137052,,852.92,,11879,,129,,208,,5330,,15901,,2034,,45,,496,,4505,,2462,,1827943616.18164,311014.907815631
159925,08236,Baden-Württemberg,,,2023,,08236,ENZKREIS,16436,,82.08,,136264,,680.51,,135,,7737,,6640,,481,,14993,,74.88,,26929,,167693,,837.47,,16025,,188,,223,,7910,,18701,,2547,,3,,653,,3964,,2023,,1325558432.70508,349799.153198767
159926,08237,Baden-Württemberg,,,2023,,08237,FREUDENSTADT,9410,,78.95,,79815,,669.68,,186,,4862,,7007,,492,,12547,,105.28,,17033,,101772,,853.91,,9121,,98,,191,,3761,,15235,,1400,,36,,259,,4499,,2249,,1979925034.57227,330013.191466981
159927,08231,Baden-Württemberg,,,2024,,08231,"PFORZHEIM,STADT",5012,,39.2,,63835,,499.3,,82,,3761,,613,,315,,4771,,37.32,,6118,,73618,,575.82,,4837,,96,,79,,3177,,9302,,736,,54,,76,,433,,104,,226917197.384766,88909.8794940917
159928,08235,Baden-Württemberg,,,2024,,08235,CALW,12388,,76.07,,110383,,677.81,,203,,7931,,7504,,688,,16326,,100.25,,22794,,139097,,854.13,,12030,,154,,204,,5329,,16664,,2194,,47,,502,,4573,,2429,,1827943616.18164,311014.907815631
159929,08236,Baden-Württemberg,,,2024,,08236,ENZKREIS,16847,,83.18,,137283,,677.82,,112,,7922,,6677,,512,,15223,,75.16,,27302,,169353,,836.16,,16443,,198,,206,,7876,,19497,,2777,,1,,667,,4013,,1997,,1325558432.70508,349799.153198767
159930,08226,Baden-Württemberg,,,2025,,08226,RHEIN-NECKAR-KREIS,35615,,63.98,,364131,,654.15,,175,,21598,,10399,,1629,,33801,,60.72,,44244,,433547,,778.86,,34733,,478,,404,,20525,,51769,,6474,,33,,847,,7101,,2451,,2499312736.61621,578777.087726588
159931,08231,Baden-Württemberg,,,2025,,08231,"PFORZHEIM,STADT",5100,,39.54,,64113,,497.03,,98,,3874,,617,,314,,4903,,38.01,,6181,,74116,,574.58,,4918,,100,,82,,3177,,9742,,800,,59,,77,,440,,100,,226917197.384766,88909.8794940917
159932,08235,Baden-Württemberg,,,2025,,08235,CALW,12606,,76.94,,111300,,679.33,,162,,8214,,7566,,685,,16627,,101.48,,23156,,140533,,857.76,,12244,,172,,190,,5288,,17466,,2416,,48,,503,,4664,,2399,,1827943616.18164,311014.907815631
159933,08236,Baden-Württemberg,,,2025,,08236,ENZKREIS,17035,,83.75,,137668,,676.8,,100,,8213,,6673,,515,,15501,,76.21,,27642,,170204,,836.76,,16628,,205,,202,,7808,,20286,,3058,,1,,648,,4050,,1975,,1325558432.70508,349799.153198767
159934,08311,Baden-Württemberg,,,2022,,08311,FREIBURG I.BREISG.STADT,8908,,38.57,,95436,,413.25,,366,,6919,,1428,,516,,9229,,39.96,,8183,,113573,,491.79,,8709,,128,,71,,4804,,11466,,3078,,102,,97,,1079,,252,,343281747.896973,135949.826918587
159935,08315,Baden-Württemberg,,,2022,,08315,BREISGAU-HOCHSCHWARZWALD,17627,,66.55,,162568,,613.77,,171,,11550,,13884,,1315,,26920,,101.64,,29426,,207115,,781.96,,17089,,247,,291,,8767,,24089,,3964,,33,,588,,10216,,3080,,3065989059.20898,552604.565573529
159936,08316,Baden-Württemberg,,,2022,,08316,EMMENDINGEN,11911,,71.38,,104392,,625.62,,96,,7073,,8710,,648,,16527,,99.05,,19175,,132830,,796.05,,11562,,161,,188,,5166,,13056,,2222,,33,,350,,6092,,2268,,1527334278.49805,258659.264734783
159937,08317,Baden-Württemberg,,,2022,,08317,ORTENAUKREIS,30677,,70.92,,278823,,644.56,,521,,19487,,21532,,1610,,43150,,99.75,,56707,,352650,,815.22,,29752,,400,,525,,13210,,37175,,4675,,85,,1771,,14921,,4840,,4219402881.33545,394833.041855095
159938,08311,Baden-Württemberg,,,2023,,08311,FREIBURG I.BREISG.STADT,9028,,38.94,,95149,,410.39,,369,,6952,,1471,,514,,9306,,40.14,,8245,,113483,,489.47,,8826,,130,,72,,4696,,11822,,3295,,98,,105,,1115,,251,,343281747.896973,135949.826918587
159939,08315,Baden-Württemberg,,,2023,,08315,BREISGAU-HOCHSCHWARZWALD,17907,,67.37,,162886,,612.83,,180,,12029,,13894,,1361,,27464,,103.33,,30054,,208257,,783.53,,17367,,261,,279,,8706,,24721,,4345,,35,,578,,10316,,3000,,3065989059.20898,552604.565573529
159940,08316,Baden-Württemberg,,,2023,,08316,EMMENDINGEN,12180,,72.52,,104546,,622.5,,108,,7305,,8747,,676,,16836,,100.25,,19620,,133562,,795.27,,11839,,164,,177,,5171,,13567,,2441,,35,,372,,6148,,2227,,1527334278.49805,258659.264734783
159941,08237,Baden-Württemberg,,,2024,,08237,FREUDENSTADT,9590,,79.15,,80993,,668.46,,202,,4974,,7052,,491,,12719,,104.97,,17305,,103302,,852.58,,9299,,106,,185,,3796,,15891,,1524,,35,,264,,4560,,2228,,1979925034.57227,330013.191466981
159942,08311,Baden-Württemberg,,,2024,,08311,FREIBURG I.BREISG.STADT,9112,,38.59,,95274,,403.46,,378,,7163,,1483,,510,,9534,,40.37,,8249,,113920,,482.43,,8903,,139,,70,,4634,,12272,,3561,,109,,120,,1119,,244,,343281747.896973,135949.826918587
159943,08315,Baden-Württemberg,,,2024,,08315,BREISGAU-HOCHSCHWARZWALD,18213,,67.47,,164411,,609.05,,190,,12312,,13902,,1410,,27814,,103.03,,30525,,210438,,779.55,,17650,,289,,274,,8633,,25751,,4629,,34,,572,,10414,,2916,,3065989059.20898,552604.565573529
159944,08316,Baden-Württemberg,,,2024,,08316,EMMENDINGEN,12306,,71.97,,105488,,616.9,,102,,7606,,8783,,680,,17171,,100.42,,19948,,134965,,789.29,,11964,,176,,166,,5103,,14132,,2622,,40,,382,,6200,,2201,,1527334278.49805,258659.264734783
159945,08237,Baden-Württemberg,,,2025,,08237,FREUDENSTADT,9710,,79.86,,81893,,673.55,,203,,5074,,7032,,493,,12802,,105.29,,17625,,104405,,858.71,,9426,,110,,174,,3853,,16497,,1673,,37,,256,,4577,,2199,,1979925034.57227,330013.191466981
159946,08311,Baden-Württemberg,,,2025,,08311,FREIBURG I.BREISG.STADT,9236,,38.93,,95631,,403.09,,372,,7479,,1482,,525,,9858,,41.55,,8282,,114725,,483.57,,9022,,148,,66,,4564,,12736,,3824,,104,,111,,1129,,242,,343281747.896973,135949.826918587
159947,08315,Baden-Württemberg,,,2025,,08315,BREISGAU-HOCHSCHWARZWALD,18462,,67.83,,165479,,607.95,,191,,12750,,13951,,1430,,28322,,104.05,,30855,,212263,,779.82,,17908,,291,,263,,8585,,26706,,5018,,30,,560,,10529,,2862,,3065989059.20898,552604.565573529
159948,08316,Baden-Württemberg,,,2025,,08316,EMMENDINGEN,12499,,72.5,,106560,,618.13,,110,,7846,,8762,,694,,17412,,101,,20228,,136471,,791.63,,12149,,191,,159,,5031,,14722,,2828,,43,,378,,6219,,2165,,1527334278.49805,258659.264734783
159949,08325,Baden-Württemberg,,,2022,,08325,ROTTWEIL,11273,,80.43,,96045,,685.22,,76,,5852,,8880,,635,,15443,,110.18,,21054,,122761,,875.83,,10905,,123,,245,,4860,,16740,,1800,,32,,428,,5783,,2669,,1734436498.93506,324468.446360715
159950,08326,Baden-Württemberg,,,2022,,08326,SCHWARZWALD-BAAR-KREIS,14402,,67.66,,134231,,630.57,,181,,8371,,7966,,689,,17207,,80.83,,21913,,165840,,779.06,,14068,,131,,203,,6419,,24986,,2345,,62,,360,,5630,,1976,,2291455434.4834,344193.726495985
159951,08327,Baden-Württemberg,,,2022,,08327,TUTTLINGEN,10338,,72.97,,91126,,643.17,,96,,5126,,6871,,431,,12524,,88.4,,18241,,113988,,804.53,,10017,,123,,198,,4546,,16874,,1619,,31,,328,,4254,,2289,,1639068415.5332,270898.540015995
159952,08317,Baden-Württemberg,,,2023,,08317,ORTENAUKREIS,31176,,71.75,,280455,,645.41,,560,,19930,,21767,,1659,,43916,,101.06,,57873,,355547,,818.22,,30246,,423,,507,,13095,,38566,,5101,,92,,1889,,15100,,4778,,4219402881.33545,394833.041855095
159953,08325,Baden-Württemberg,,,2023,,08325,ROTTWEIL,11534,,82.12,,96677,,688.36,,86,,6036,,8995,,653,,15770,,112.29,,21517,,123981,,882.77,,11183,,133,,218,,4846,,17193,,1959,,36,,437,,5926,,2632,,1734436498.93506,324468.446360715
159954,08326,Baden-Württemberg,,,2023,,08326,SCHWARZWALD-BAAR-KREIS,14663,,68.72,,134908,,632.23,,193,,8529,,8091,,692,,17505,,82.03,,22341,,167076,,782.98,,14337,,137,,189,,6427,,25814,,2560,,64,,377,,5744,,1970,,2291455434.4834,344193.726495985
159955,08327,Baden-Württemberg,,,2023,,08327,TUTTLINGEN,10522,,73.88,,92082,,646.58,,109,,5297,,6959,,427,,12792,,89.82,,18524,,115396,,810.29,,10196,,137,,189,,4534,,17574,,1770,,34,,326,,4349,,2284,,1639068415.5332,270898.540015995
159956,08317,Baden-Württemberg,,,2024,,08317,ORTENAUKREIS,31763,,71.88,,282762,,639.9,,559,,20253,,22021,,1672,,44505,,100.72,,59069,,359030,,812.5,,30841,,433,,489,,12940,,40266,,5613,,106,,2008,,15302,,4711,,4219402881.33545,394833.041855095
159957,08325,Baden-Württemberg,,,2024,,08325,ROTTWEIL,11757,,82.45,,97511,,683.84,,85,,6245,,9063,,661,,16054,,112.59,,21841,,125322,,878.88,,11398,,153,,206,,4819,,17835,,2146,,36,,417,,6027,,2619,,1734436498.93506,324468.446360715
159958,08326,Baden-Württemberg,,,2024,,08326,SCHWARZWALD-BAAR-KREIS,14878,,68.51,,136007,,626.24,,200,,8811,,8151,,691,,17853,,82.2,,22759,,168738,,776.95,,14552,,148,,178,,6408,,26547,,2743,,67,,379,,5808,,1964,,2291455434.4834,344193.726495985
159959,08327,Baden-Württemberg,,,2024,,08327,TUTTLINGEN,10627,,73.34,,93168,,643.02,,110,,5494,,7010,,426,,13040,,90,,18836,,116835,,806.36,,10295,,152,,180,,4554,,18277,,1907,,32,,334,,4409,,2267,,1639068415.5332,270898.540015995
159960,08317,Baden-Württemberg,,,2025,,08317,ORTENAUKREIS,32254,,72.58,,285127,,641.61,,591,,20778,,22142,,1728,,45239,,101.8,,60068,,362620,,815.99,,31323,,460,,471,,12903,,41920,,6153,,108,,2048,,15491,,4603,,4219402881.33545,394833.041855095
159961,08325,Baden-Württemberg,,,2025,,08325,ROTTWEIL,11825,,82.71,,98103,,686.21,,89,,6276,,9133,,655,,16153,,112.99,,22127,,126081,,881.91,,11469,,164,,192,,4829,,18329,,2376,,37,,425,,6127,,2581,,1734436498.93506,324468.446360715
159962,08326,Baden-Württemberg,,,2025,,08326,SCHWARZWALD-BAAR-KREIS,15084,,68.95,,136845,,625.49,,200,,9014,,8197,,688,,18099,,82.73,,23049,,170028,,777.16,,14749,,158,,177,,6378,,27389,,2983,,68,,375,,5890,,1932,,2291455434.4834,344193.726495985
159963,08327,Baden-Württemberg,,,2025,,08327,TUTTLINGEN,10721,,73.37,,93877,,642.45,,116,,5634,,7075,,436,,13261,,90.75,,19061,,117859,,806.57,,10384,,168,,169,,4500,,18779,,2053,,33,,336,,4482,,2257,,1639068415.5332,270898.540015995
159964,08335,Baden-Württemberg,,,2022,,08335,KONSTANZ,21264,,74.12,,164538,,573.55,,179,,9706,,8122,,837,,18844,,65.69,,27046,,204646,,713.36,,20695,,251,,318,,9962,,22986,,3851,,70,,337,,5687,,2098,,1810575344.34277,449091.299687511
159965,08336,Baden-Württemberg,,,2022,,08336,LOERRACH,15984,,69.85,,138838,,606.7,,68,,8388,,8187,,679,,17322,,75.69,,20464,,172144,,752.24,,15492,,266,,226,,7414,,22307,,2773,,44,,147,,5821,,2219,,1781092792.06055,247999.283416275
159966,08337,Baden-Württemberg,,,2022,,08337,WALDSHUT,12347,,72.1,,109778,,641.09,,126,,7163,,10432,,715,,18436,,107.66,,21457,,140561,,820.86,,11957,,166,,224,,5330,,20436,,1953,,49,,408,,7407,,2617,,2494749794.38086,411113.263902333
159967,08415,Baden-Württemberg,,,2022,,08415,REUTLINGEN,20142,,70.06,,182826,,635.92,,233,,11067,,12586,,878,,24764,,86.14,,34740,,227732,,792.12,,19656,,209,,277,,9149,,27232,,3344,,80,,506,,8404,,3676,,2476613342.64551,374242.455266347
159968,08335,Baden-Württemberg,,,2023,,08335,KONSTANZ,21702,,75.33,,165023,,572.8,,192,,9966,,8245,,863,,19266,,66.87,,27769,,205991,,715.01,,21096,,286,,320,,9787,,23964,,4193,,71,,351,,5828,,2066,,1810575344.34277,449091.299687511
159969,08336,Baden-Württemberg,,,2023,,08336,LOERRACH,16304,,71.06,,139232,,606.82,,76,,8608,,8283,,692,,17659,,76.96,,20897,,173195,,754.84,,15791,,296,,217,,7327,,23096,,3015,,46,,158,,5934,,2191,,1781092792.06055,247999.283416275
159970,08337,Baden-Württemberg,,,2023,,08337,WALDSHUT,12601,,73.58,,110500,,645.26,,140,,7363,,10625,,734,,18862,,110.14,,22130,,141963,,828.99,,12220,,163,,218,,5366,,21165,,2137,,51,,410,,7613,,2602,,2494749794.38086,411113.263902333
159971,08415,Baden-Württemberg,,,2023,,08415,REUTLINGEN,20663,,71.71,,183480,,636.73,,242,,11322,,12686,,889,,25139,,87.24,,35469,,229282,,795.68,,20184,,228,,251,,9170,,28088,,3716,,82,,526,,8599,,3561,,2476613342.64551,374242.455266347
159972,08335,Baden-Württemberg,,,2024,,08335,KONSTANZ,22068,,75.43,,165851,,566.88,,200,,10239,,8327,,898,,19664,,67.21,,28086,,207583,,709.52,,21444,,310,,314,,9714,,24882,,4498,,73,,353,,5950,,2024,,1810575344.34277,449091.299687511
159973,08336,Baden-Württemberg,,,2024,,08336,LOERRACH,16641,,71.41,,139842,,600.11,,78,,8776,,8307,,699,,17860,,76.64,,21126,,174343,,748.17,,16134,,298,,209,,7229,,23873,,3263,,43,,146,,6018,,2143,,1781092792.06055,247999.283416275
159974,08337,Baden-Württemberg,,,2024,,08337,WALDSHUT,12843,,74.04,,111643,,643.62,,140,,7667,,10704,,771,,19282,,111.16,,22501,,143768,,828.83,,12468,,167,,208,,5264,,21998,,2303,,58,,397,,7733,,2574,,2494749794.38086,411113.263902333
159975,08415,Baden-Württemberg,,,2024,,08415,REUTLINGEN,21059,,72.2,,185014,,634.27,,249,,11602,,12826,,912,,25589,,87.72,,35992,,231662,,794.19,,20579,,240,,240,,9129,,29339,,3961,,84,,566,,8772,,3488,,2476613342.64551,374242.455266347
159976,08335,Baden-Württemberg,,,2025,,08335,KONSTANZ,22153,,75.31,,166915,,567.4,,204,,10533,,8463,,926,,20126,,68.41,,28476,,209194,,711.12,,21528,,330,,295,,9599,,26005,,4849,,79,,350,,6114,,1999,,1810575344.34277,449091.299687511
159977,08336,Baden-Württemberg,,,2025,,08336,LOERRACH,16862,,71.78,,140450,,597.89,,79,,9021,,8346,,704,,18150,,77.26,,21255,,175462,,746.94,,16346,,318,,198,,7040,,24752,,3496,,44,,146,,6101,,2099,,1781092792.06055,247999.283416275
159978,08337,Baden-Württemberg,,,2025,,08337,WALDSHUT,12919,,74.08,,112374,,644.38,,130,,7804,,10790,,788,,19512,,111.89,,22753,,144805,,830.35,,12532,,178,,209,,5234,,22808,,2495,,53,,431,,7819,,2540,,2494749794.38086,411113.263902333
159979,08416,Baden-Württemberg,,,2022,,08416,TUEBINGEN,14034,,61.43,,128908,,564.22,,208,,6630,,6862,,535,,14235,,62.31,,22318,,157177,,687.95,,13744,,138,,152,,6339,,16045,,2637,,59,,183,,4180,,2499,,1182319131.02051,253627.207354091
159980,08417,Baden-Württemberg,,,2022,,08417,ZOLLERNALBKREIS,14373,,75.7,,130656,,688.16,,105,,8336,,10888,,817,,20146,,106.11,,27979,,165175,,869.97,,13928,,158,,287,,7109,,21001,,2117,,54,,547,,6818,,3523,,2068637249.81641,301312.283163747
159981,08421,Baden-Württemberg,,,2022,,08421,"ULM,STADT",6170,,48.81,,67689,,535.49,,368,,4637,,1566,,476,,7047,,55.75,,7992,,80906,,640.05,,6044,,59,,67,,3302,,9383,,1152,,76,,423,,857,,286,,270211984.028809,136782.23192099
159982,08425,Baden-Württemberg,,,2022,,08425,ALB-DONAU-KREIS,16582,,83.66,,132009,,666.03,,245,,7921,,14397,,892,,23455,,118.34,,29852,,172046,,868.02,,15977,,201,,404,,6951,,19089,,2265,,9,,662,,9940,,3795,,3077220473.49219,602787.918187879
159983,08416,Baden-Württemberg,,,2023,,08416,TUEBINGEN,14448,,62.87,,129003,,561.36,,236,,6928,,6913,,578,,14655,,63.77,,22723,,158106,,688,,14153,,149,,146,,6290,,16528,,2934,,57,,190,,4241,,2482,,1182319131.02051,253627.207354091
159984,08417,Baden-Württemberg,,,2023,,08417,ZOLLERNALBKREIS,14764,,77.48,,131213,,688.62,,109,,8600,,10971,,838,,20518,,107.68,,28684,,166495,,873.78,,14314,,175,,275,,7030,,21666,,2288,,52,,543,,6932,,3496,,2068637249.81641,301312.283163747
159985,08421,Baden-Württemberg,,,2023,,08421,"ULM,STADT",6279,,49.46,,67727,,533.5,,424,,4770,,1637,,483,,7314,,57.61,,8565,,81320,,640.57,,6155,,60,,64,,3227,,9745,,1238,,80,,471,,877,,289,,270211984.028809,136782.23192099
159986,08425,Baden-Württemberg,,,2023,,08425,ALB-DONAU-KREIS,17088,,85.55,,132984,,665.81,,352,,8160,,14558,,982,,24052,,120.42,,30458,,174124,,871.79,,16481,,228,,379,,7005,,19812,,2463,,10,,696,,10098,,3764,,3077220473.49219,602787.918187879
159987,08416,Baden-Württemberg,,,2024,,08416,TUEBINGEN,14563,,62.56,,129886,,557.92,,245,,7225,,6950,,598,,15018,,64.51,,23158,,159467,,684.99,,14264,,157,,142,,6261,,17467,,3165,,60,,199,,4301,,2450,,1182319131.02051,253627.207354091
159988,08417,Baden-Württemberg,,,2024,,08417,ZOLLERNALBKREIS,14974,,77.49,,131947,,682.83,,133,,8649,,11001,,852,,20635,,106.79,,29070,,167556,,867.11,,14537,,191,,246,,7035,,22493,,2547,,53,,537,,6999,,3465,,2068637249.81641,301312.283163747
159989,08421,Baden-Württemberg,,,2024,,08421,"ULM,STADT",6378,,49.47,,68016,,527.55,,475,,5073,,1693,,504,,7745,,60.07,,9236,,82139,,637.09,,6263,,57,,58,,3217,,10174,,1334,,85,,508,,899,,286,,270211984.028809,136782.23192099
159990,08415,Baden-Württemberg,,,2025,,08415,REUTLINGEN,21493,,73.2,,186101,,633.81,,239,,11917,,12844,,957,,25957,,88.4,,36365,,233551,,795.41,,21009,,258,,226,,9050,,30389,,4303,,87,,513,,8969,,3362,,2476613342.64551,374242.455266347
159991,08416,Baden-Württemberg,,,2025,,08416,TUEBINGEN,14760,,62.9,,130726,,557.11,,260,,7441,,6983,,609,,15293,,65.17,,23498,,160779,,685.19,,14443,,171,,146,,6110,,18401,,3390,,63,,176,,4387,,2420,,1182319131.02051,253627.207354091
159992,08417,Baden-Württemberg,,,2025,,08417,ZOLLERNALBKREIS,15228,,78.61,,132477,,683.89,,128,,8883,,11066,,869,,20946,,108.13,,29451,,168651,,870.63,,14783,,191,,254,,7016,,23271,,2776,,57,,514,,7116,,3436,,2068637249.81641,301312.283163747
159993,08421,Baden-Württemberg,,,2025,,08421,"ULM,STADT",6485,,49.91,,68480,,527,,498,,5092,,1701,,519,,7810,,60.1,,8999,,82775,,637.01,,6374,,58,,53,,3210,,10728,,1418,,92,,507,,906,,288,,270211984.028809,136782.23192099
159994,08426,Baden-Württemberg,,,2022,,08426,BIBERACH,16636,,82.25,,135106,,668.01,,157,,9892,,15675,,956,,26680,,131.92,,33728,,178422,,882.19,,16082,,182,,372,,6510,,19495,,2360,,37,,910,,11001,,3764,,3159875255.33057,440433.956346452
159995,08435,Baden-Württemberg,,,2022,,08435,BODENSEEKREIS,21273,,97.63,,141254,,648.25,,162,,8199,,9938,,708,,19007,,87.23,,21871,,181534,,833.1,,20766,,252,,255,,8764,,21162,,3375,,20,,205,,8038,,1695,,1469653222.56201,291666.951932176
159996,08436,Baden-Württemberg,,,2022,,08436,RAVENSBURG,24627,,86.14,,184737,,646.19,,244,,13149,,18057,,1071,,32521,,113.75,,38599,,241885,,846.08,,23812,,322,,493,,8911,,27867,,4420,,93,,970,,13762,,3325,,3617834424.02246,485441.521335712
159997,08437,Baden-Württemberg,,,2022,,08437,SIGMARINGEN,11317,,86.42,,88794,,678.1,,135,,5589,,10437,,643,,16804,,128.33,,22394,,116915,,892.85,,10982,,114,,221,,4163,,12998,,1558,,32,,415,,7234,,2788,,2692816509.84326,437376.791530762
159998,08426,Baden-Württemberg,,,2023,,08426,BIBERACH,17132,,84.29,,136070,,669.49,,173,,10332,,15951,,972,,27428,,134.95,,34687,,180630,,888.73,,16578,,199,,355,,6498,,20281,,2623,,40,,963,,11239,,3749,,3159875255.33057,440433.956346452
159999,08435,Baden-Württemberg,,,2023,,08435,BODENSEEKREIS,21681,,99.05,,142071,,649.07,,172,,8468,,9972,,711,,19323,,88.28,,22201,,183075,,836.4,,21159,,269,,253,,8795,,22023,,3683,,20,,204,,8136,,1632,,1469653222.56201,291666.951932176
160000,08436,Baden-Württemberg,,,2023,,08436,RAVENSBURG,25672,,89.45,,185550,,646.49,,236,,13608,,18304,,1102,,33250,,115.85,,39593,,244472,,851.79,,24877,,329,,466,,8903,,28978,,4971,,94,,981,,14029,,3294,,3617834424.02246,485441.521335712
160001,08425,Baden-Württemberg,,,2024,,08425,ALB-DONAU-KREIS,17477,,86.32,,134211,,662.85,,387,,8364,,14726,,978,,24455,,120.78,,30950,,176143,,869.95,,16877,,246,,354,,6964,,20725,,2683,,11,,690,,10303,,3733,,3077220473.49219,602787.918187879
160002,08426,Baden-Württemberg,,,2024,,08426,BIBERACH,17521,,84.84,,137887,,667.69,,170,,10686,,16146,,989,,27991,,135.54,,35372,,183399,,888.07,,16980,,204,,337,,6468,,21440,,2847,,41,,984,,11424,,3738,,3159875255.33057,440433.956346452
160003,08435,Baden-Württemberg,,,2024,,08435,BODENSEEKREIS,22022,,98.88,,143230,,643.12,,204,,8717,,10022,,714,,19657,,88.26,,22555,,184909,,830.26,,21496,,284,,242,,8721,,23101,,3933,,22,,201,,8214,,1607,,1469653222.56201,291666.951932176
160004,08436,Baden-Württemberg,,,2024,,08436,RAVENSBURG,26147,,89.88,,187483,,644.47,,239,,13985,,18480,,1132,,33836,,116.31,,40194,,247466,,850.66,,25343,,348,,456,,8837,,30296,,5406,,91,,978,,14260,,3242,,3617834424.02246,485441.521335712
160005,08425,Baden-Württemberg,,,2025,,08425,ALB-DONAU-KREIS,17874,,87.67,,135216,,663.24,,387,,8574,,14806,,1016,,24783,,121.56,,31331,,177873,,872.47,,17280,,250,,344,,6980,,21723,,2876,,11,,676,,10428,,3702,,3077220473.49219,602787.918187879
160006,08426,Baden-Württemberg,,,2025,,08426,BIBERACH,17836,,85.67,,139399,,669.53,,167,,11179,,16339,,1015,,28700,,137.85,,36056,,185935,,893.05,,17284,,216,,336,,6465,,22490,,3186,,47,,1003,,11623,,3713,,3159875255.33057,440433.956346452
160007,08435,Baden-Württemberg,,,2025,,08435,BODENSEEKREIS,22348,,99.68,,144417,,644.14,,185,,8925,,10100,,722,,19932,,88.9,,22726,,186697,,832.73,,21822,,293,,233,,8601,,24289,,4250,,21,,208,,8324,,1568,,1469653222.56201,291666.951932176
160008,08436,Baden-Württemberg,,,2025,,08436,RAVENSBURG,26544,,90.55,,189421,,646.16,,229,,14366,,18565,,1162,,34322,,117.08,,40893,,250287,,853.79,,25696,,367,,481,,8860,,31570,,5952,,99,,948,,14421,,3196,,3617834424.02246,485441.521335712
160009,09161,Bayern,,,2022,,09161,"INGOLSTADT,STADT",8795,,64.22,,96916,,707.66,,246,,3660,,1535,,623,,6064,,44.28,,9160,,111775,,816.16,,8594,,110,,91,,3868,,22553,,1220,,43,,137,,1126,,272,,306735684.068359,115462.966452192
160010,09162,Bayern,,,2022,,09162,"MUENCHEN,STADT",68352,,45.93,,744826,,500.49,,1473,,44429,,4749,,5736,,56387,,37.89,,42612,,869565,,584.31,,66889,,1033,,430,,44661,,149165,,14220,,280,,682,,3530,,537,,699188829.45166,169946.017817622
160011,09163,Bayern,,,2022,,09163,"ROSENHEIM,STADT",3796,,59.69,,35741,,562.04,,34,,2597,,651,,425,,3707,,58.29,,3902,,43244,,680.03,,3697,,54,,45,,1549,,6091,,766,,37,,24,,505,,122,,81987617.394043,46798.6381867245
160012,08437,Baden-Württemberg,,,2023,,08437,SIGMARINGEN,11524,,87.49,,89350,,678.31,,142,,5810,,10532,,662,,17146,,130.17,,22831,,118020,,895.96,,11182,,121,,221,,4161,,13406,,1710,,33,,417,,7370,,2745,,2692816509.84326,437376.791530762
160013,09161,Bayern,,,2023,,09161,"INGOLSTADT,STADT",8768,,63.53,,98747,,715.48,,263,,3810,,1558,,637,,6268,,45.42,,9357,,113783,,824.42,,8561,,120,,87,,4011,,24299,,1345,,45,,137,,1153,,268,,306735684.068359,115462.966452192
160014,09162,Bayern,,,2023,,09162,"MUENCHEN,STADT",69556,,46.75,,761349,,511.76,,1454,,44989,,4807,,5625,,56875,,38.23,,43054,,887780,,596.74,,68090,,1070,,396,,43422,,160133,,14357,,272,,690,,3589,,528,,699188829.45166,169946.017817622
160015,09163,Bayern,,,2023,,09163,"ROSENHEIM,STADT",3858,,60.75,,36020,,567.17,,33,,2637,,666,,467,,3803,,59.88,,4039,,43681,,687.8,,3764,,52,,42,,1539,,6359,,831,,39,,27,,519,,120,,81987617.394043,46798.6381867245
160016,08437,Baden-Württemberg,,,2024,,08437,SIGMARINGEN,11724,,87.46,,90113,,672.26,,144,,5922,,10676,,689,,17431,,130.04,,23234,,119268,,889.76,,11370,,134,,220,,4166,,13921,,1882,,32,,423,,7534,,2719,,2692816509.84326,437376.791530762
160017,09161,Bayern,,,2024,,09161,"INGOLSTADT,STADT",8944,,63.42,,103495,,733.86,,296,,4075,,1615,,676,,6662,,47.24,,9490,,119101,,844.51,,8754,,120,,70,,4193,,27545,,1438,,44,,165,,1180,,270,,306735684.068359,115462.966452192
160018,09162,Bayern,,,2024,,09162,"MUENCHEN,STADT",70708,,46.75,,763673,,504.91,,1515,,46486,,4774,,5464,,58239,,38.51,,43234,,892620,,590.17,,69182,,1108,,418,,44248,,166912,,14593,,274,,673,,3602,,499,,699188829.45166,169946.017817622
160019,09163,Bayern,,,2024,,09163,"ROSENHEIM,STADT",3941,,61.19,,36289,,563.47,,33,,2726,,684,,473,,3916,,60.8,,4044,,44146,,685.46,,3835,,59,,47,,1524,,6562,,883,,41,,26,,538,,120,,81987617.394043,46798.6381867245
160020,08437,Baden-Württemberg,,,2025,,08437,SIGMARINGEN,11851,,88.27,,90863,,676.77,,141,,6080,,10733,,706,,17660,,131.54,,23591,,120374,,896.58,,11498,,145,,208,,4173,,14502,,2064,,32,,432,,7617,,2684,,2692816509.84326,437376.791530762
160021,09161,Bayern,,,2025,,09161,"INGOLSTADT,STADT",9012,,63.33,,104096,,731.48,,237,,4169,,1650,,677,,6733,,47.31,,9622,,119841,,842.12,,8823,,118,,71,,4029,,27726,,1515,,44,,173,,1213,,264,,306735684.068359,115462.966452192
160022,09162,Bayern,,,2025,,09162,"MUENCHEN,STADT",73604,,48.73,,766143,,507.25,,1510,,51885,,4834,,5206,,63435,,42,,43394,,903182,,597.98,,72022,,1163,,419,,42761,,168038,,15002,,279,,709,,3649,,476,,699188829.45166,169946.017817622
160023,09163,Bayern,,,2025,,09163,"ROSENHEIM,STADT",4021,,61.68,,36244,,555.96,,30,,2733,,682,,490,,3935,,60.36,,4090,,44200,,678,,3927,,58,,36,,1474,,6722,,929,,40,,20,,543,,119,,81987617.394043,46798.6381867245
160024,09171,Bayern,,,2022,,09171,ALTOETTING,9554,,85.57,,72851,,652.47,,125,,4615,,6129,,562,,11431,,102.38,,15278,,93836,,840.42,,9211,,107,,236,,3450,,10736,,1344,,33,,226,,4865,,1038,,1281102680.91992,239859.44164407
160025,09172,Bayern,,,2022,,09172,BERCHTESGADENER LAND,8658,,81.43,,66479,,625.23,,104,,3901,,5017,,466,,9488,,89.23,,10659,,84625,,795.89,,8418,,82,,158,,2499,,14948,,1515,,26,,115,,3749,,1153,,1852845312.89453,330592.250056807
160026,09173,Bayern,,,2022,,09173,BAD TOELZ-WOLFRATSHAUSEN,11009,,85.87,,82046,,639.92,,34,,6248,,6931,,596,,13809,,107.7,,14395,,106864,,833.49,,10666,,140,,203,,4094,,17927,,2232,,22,,119,,5294,,1518,,2455416283.61426,349401.129154834
160027,09174,Bayern,,,2022,,09174,DACHAU,13462,,86.79,,95221,,613.87,,161,,6730,,6266,,623,,13780,,88.84,,16385,,122463,,789.49,,13035,,192,,235,,5316,,14556,,1900,,27,,368,,4759,,1139,,1310368806.64355,247089.231349534
160028,09171,Bayern,,,2023,,09171,ALTOETTING,9788,,87.3,,73658,,656.98,,125,,4661,,6231,,585,,11602,,103.48,,15711,,95048,,847.76,,9447,,109,,232,,3466,,11200,,1500,,37,,246,,4958,,1027,,1281102680.91992,239859.44164407
160029,09172,Bayern,,,2023,,09172,BERCHTESGADENER LAND,8978,,84.39,,67056,,630.29,,104,,4060,,5085,,489,,9738,,91.53,,10981,,85772,,806.21,,8730,,87,,161,,2505,,15386,,1637,,27,,108,,3839,,1138,,1852845312.89453,330592.250056807
160030,09173,Bayern,,,2023,,09173,BAD TOELZ-WOLFRATSHAUSEN,11689,,91.38,,82446,,644.52,,35,,6409,,7025,,620,,14089,,110.14,,14788,,108224,,846.04,,11354,,145,,190,,4075,,18389,,2439,,25,,128,,5399,,1498,,2455416283.61426,349401.129154834
160031,09174,Bayern,,,2023,,09174,DACHAU,13775,,88.61,,95518,,614.47,,162,,7117,,6454,,615,,14348,,92.3,,16857,,123641,,795.38,,13338,,206,,231,,5303,,15104,,2084,,28,,461,,4866,,1127,,1310368806.64355,247089.231349534
160032,09171,Bayern,,,2024,,09171,ALTOETTING,9961,,87.53,,74426,,654.02,,122,,4849,,6337,,591,,11899,,104.56,,15923,,96286,,846.11,,9612,,123,,226,,3511,,11724,,1596,,40,,238,,5089,,1010,,1281102680.91992,239859.44164407
160033,09172,Bayern,,,2024,,09172,BERCHTESGADENER LAND,9160,,85.08,,67609,,627.95,,110,,4272,,5165,,502,,10049,,93.33,,11152,,86818,,806.36,,8917,,92,,151,,2533,,15824,,1785,,25,,100,,3927,,1138,,1852845312.89453,330592.250056807
160034,09173,Bayern,,,2024,,09173,BAD TOELZ-WOLFRATSHAUSEN,11573,,89.36,,82512,,637.1,,33,,6567,,7088,,646,,14334,,110.68,,15033,,108419,,837.14,,11257,,143,,173,,4058,,18852,,2598,,25,,130,,5487,,1471,,2455416283.61426,349401.129154834
160035,09174,Bayern,,,2024,,09174,DACHAU,14129,,90,,95878,,610.76,,158,,7357,,6551,,623,,14689,,93.57,,17128,,124696,,794.33,,13697,,215,,217,,5301,,15663,,2230,,27,,428,,5006,,1117,,1310368806.64355,247089.231349534
160036,09171,Bayern,,,2025,,09171,ALTOETTING,10042,,87.73,,75100,,656.13,,119,,4941,,6372,,597,,12029,,105.09,,16234,,97171,,848.96,,9690,,128,,224,,3525,,12290,,1736,,44,,248,,5142,,982,,1281102680.91992,239859.44164407
160037,09172,Bayern,,,2025,,09172,BERCHTESGADENER LAND,9306,,85.92,,68076,,628.5,,112,,4435,,5238,,520,,10305,,95.14,,11385,,87687,,809.56,,9065,,96,,145,,2523,,16174,,1947,,25,,111,,4011,,1116,,1852845312.89453,330592.250056807
160038,09173,Bayern,,,2025,,09173,BAD TOELZ-WOLFRATSHAUSEN,11674,,89.67,,82722,,635.43,,33,,6757,,7196,,649,,14635,,112.42,,15281,,109031,,837.53,,11352,,148,,174,,4067,,19361,,2783,,28,,140,,5595,,1461,,2455416283.61426,349401.129154834
160039,09175,Bayern,,,2022,,09175,EBERSBERG,10739,,74.53,,86929,,603.29,,171,,5564,,5847,,477,,12059,,83.69,,12303,,109727,,761.51,,10433,,149,,157,,5112,,15158,,1835,,16,,321,,4711,,815,,1230778240.62598,234700.748909954
160040,09176,Bayern,,,2022,,09176,EICHSTAETT,13161,,98.83,,86201,,647.31,,129,,4763,,10387,,565,,15844,,118.98,,20658,,115206,,865.11,,12619,,188,,354,,3687,,14564,,1612,,26,,367,,8024,,1996,,2807371320.54785,467506.91337134
160041,09177,Bayern,,,2022,,09177,ERDING,12232,,88.07,,91189,,656.55,,175,,6287,,10290,,753,,17505,,126.03,,17225,,120926,,870.65,,11731,,132,,369,,4599,,14222,,1479,,22,,340,,7702,,2248,,1966367236.12158,276466.502067806
160042,09178,Bayern,,,2022,,09178,FREISING,14666,,81.34,,110729,,614.09,,177,,8382,,9203,,814,,18576,,103.02,,18260,,143971,,798.45,,14178,,217,,271,,5780,,16644,,1951,,38,,501,,7002,,1700,,1813443791.41699,298695.145302677
160043,09175,Bayern,,,2023,,09175,EBERSBERG,11048,,76.42,,87636,,606.22,,190,,5786,,5963,,495,,12434,,86.01,,12689,,111118,,768.65,,10732,,160,,156,,5091,,15773,,1970,,15,,367,,4816,,780,,1230778240.62598,234700.748909954
160044,09176,Bayern,,,2023,,09176,EICHSTAETT,13308,,99.59,,87081,,651.64,,116,,4925,,10481,,569,,16091,,120.41,,21099,,116480,,871.63,,12777,,200,,331,,3691,,14972,,1749,,28,,364,,8131,,1986,,2807371320.54785,467506.91337134
160045,09177,Bayern,,,2023,,09177,ERDING,12520,,89.67,,91783,,657.37,,190,,6553,,10490,,761,,17994,,128.88,,17574,,122297,,875.91,,12019,,144,,357,,4570,,14736,,1590,,22,,391,,7876,,2223,,1966367236.12158,276466.502067806
160046,09178,Bayern,,,2023,,09178,FREISING,15041,,83.03,,111921,,617.86,,188,,8584,,9395,,829,,18996,,104.87,,18595,,145958,,805.76,,14544,,232,,265,,5755,,17216,,2126,,41,,536,,7181,,1678,,1813443791.41699,298695.145302677
160047,09175,Bayern,,,2024,,09175,EBERSBERG,11326,,77.14,,88495,,602.7,,223,,5979,,5983,,504,,12689,,86.42,,12894,,112510,,766.26,,10993,,184,,149,,5120,,16480,,2124,,15,,358,,4883,,742,,1230778240.62598,234700.748909954
160048,09176,Bayern,,,2024,,09176,EICHSTAETT,13361,,98.54,,88194,,650.44,,122,,5074,,10606,,581,,16383,,120.83,,21476,,117938,,869.81,,12839,,203,,319,,3776,,15560,,1869,,26,,382,,8264,,1960,,2807371320.54785,467506.91337134
160049,09177,Bayern,,,2024,,09177,ERDING,12712,,89.72,,92652,,653.95,,202,,6678,,10598,,791,,18269,,128.95,,17886,,123633,,872.62,,12222,,157,,333,,4591,,15229,,1695,,23,,373,,8041,,2184,,1966367236.12158,276466.502067806
160050,09174,Bayern,,,2025,,09174,DACHAU,14293,,90.57,,96670,,612.56,,153,,7655,,6692,,618,,15118,,95.8,,17389,,126081,,798.93,,13868,,224,,201,,5268,,16429,,2369,,26,,459,,5108,,1125,,1310368806.64355,247089.231349534
160051,09175,Bayern,,,2025,,09175,EBERSBERG,11491,,77.87,,89323,,605.34,,215,,6181,,5998,,525,,12919,,87.55,,13015,,113733,,770.76,,11147,,182,,162,,5097,,17093,,2284,,12,,336,,4973,,689,,1230778240.62598,234700.748909954
160052,09176,Bayern,,,2025,,09176,EICHSTAETT,13531,,99.08,,89172,,652.96,,114,,5178,,10699,,603,,16594,,121.51,,21742,,119297,,873.55,,13007,,220,,304,,3855,,16175,,2000,,28,,409,,8357,,1933,,2807371320.54785,467506.91337134
160053,09177,Bayern,,,2025,,09177,ERDING,13002,,91.22,,93605,,656.69,,217,,6939,,10762,,797,,18715,,131.3,,18206,,125322,,879.21,,12505,,174,,323,,4638,,15854,,1854,,22,,422,,8158,,2182,,1966367236.12158,276466.502067806
160054,09179,Bayern,,,2022,,09179,FUERSTENFELDBRUCK,15477,,70.76,,125139,,572.09,,164,,8341,,4647,,654,,13806,,63.12,,17858,,154422,,705.96,,15073,,231,,173,,6957,,18613,,2900,,28,,138,,3380,,1129,,977175842.518066,226049.395904389
160055,09180,Bayern,,,2022,,09180,GARMISCH-PARTENKIRCHEN,7925,,89.77,,53211,,602.76,,43,,3935,,4848,,361,,9187,,104.07,,9279,,70323,,796.6,,7737,,69,,119,,2260,,12773,,1948,,36,,59,,4090,,699,,2220547838.42578,299437.092269705
160056,09181,Bayern,,,2022,,09181,LANDSBERG AM LECH,12124,,100.18,,83726,,691.84,,120,,4916,,7887,,481,,13404,,110.76,,17298,,109254,,902.78,,11711,,175,,238,,4815,,12913,,2284,,18,,216,,5827,,1844,,1795425285.14453,329052.018824012
160057,09182,Bayern,,,2022,,09182,MIESBACH,9308,,92.91,,67334,,672.11,,54,,5072,,5114,,469,,10709,,106.89,,11110,,87351,,871.91,,9043,,79,,186,,4269,,19048,,1675,,22,,166,,4194,,754,,1915464693.26758,313290.259999342
160058,09179,Bayern,,,2023,,09179,FUERSTENFELDBRUCK,15756,,72.08,,125494,,574.14,,150,,8555,,4738,,699,,14142,,64.7,,18316,,155392,,710.92,,15357,,245,,154,,6934,,19142,,3198,,25,,157,,3451,,1130,,977175842.518066,226049.395904389
160059,09180,Bayern,,,2023,,09180,GARMISCH-PARTENKIRCHEN,8099,,91.79,,53367,,604.85,,48,,4058,,4954,,381,,9441,,107,,9512,,70907,,803.64,,7920,,69,,110,,2277,,13008,,2096,,35,,59,,4198,,697,,2220547838.42578,299437.092269705
160060,09181,Bayern,,,2023,,09181,LANDSBERG AM LECH,12427,,102.31,,84951,,699.38,,114,,5066,,8012,,496,,13688,,112.69,,17683,,111066,,914.38,,12019,,187,,221,,4807,,13356,,2458,,18,,230,,5963,,1819,,1795425285.14453,329052.018824012
160061,09178,Bayern,,,2024,,09178,FREISING,15379,,83.39,,113161,,613.56,,199,,9024,,9538,,879,,19640,,106.49,,18939,,148180,,803.44,,14870,,256,,253,,5760,,18197,,2240,,40,,588,,7295,,1655,,1813443791.41699,298695.145302677
160062,09179,Bayern,,,2024,,09179,FUERSTENFELDBRUCK,16079,,72.55,,126660,,571.54,,149,,8737,,4798,,705,,14389,,64.93,,18831,,157128,,709.02,,15677,,247,,155,,6894,,20011,,3928,,26,,161,,3522,,1115,,977175842.518066,226049.395904389
160063,09180,Bayern,,,2024,,09180,GARMISCH-PARTENKIRCHEN,8307,,93.51,,53429,,601.41,,44,,4254,,5041,,396,,9735,,109.58,,9668,,71471,,804.49,,8130,,67,,110,,2277,,13320,,2238,,37,,50,,4305,,686,,2220547838.42578,299437.092269705
160064,09181,Bayern,,,2024,,09181,LANDSBERG AM LECH,12591,,102.34,,85772,,697.15,,107,,5185,,8100,,501,,13893,,112.92,,18026,,112256,,912.41,,12188,,189,,214,,4823,,13780,,2660,,18,,244,,6051,,1805,,1795425285.14453,329052.018824012
160065,09178,Bayern,,,2025,,09178,FREISING,15694,,84.25,,114272,,613.46,,209,,9331,,9589,,884,,20013,,107.44,,19257,,149979,,805.14,,15187,,265,,242,,5758,,19100,,2414,,39,,606,,7376,,1607,,1813443791.41699,298695.145302677
160066,09179,Bayern,,,2025,,09179,FUERSTENFELDBRUCK,16338,,73.29,,126709,,568.38,,156,,8969,,4857,,716,,14698,,65.93,,19167,,157745,,707.59,,15940,,258,,140,,6904,,20820,,3476,,27,,171,,3586,,1100,,977175842.518066,226049.395904389
160067,09180,Bayern,,,2025,,09180,GARMISCH-PARTENKIRCHEN,8504,,95.82,,53728,,605.4,,41,,4405,,5117,,400,,9963,,112.26,,9767,,72195,,813.48,,8327,,74,,103,,2293,,13702,,2390,,35,,48,,4381,,688,,2220547838.42578,299437.092269705
160068,09181,Bayern,,,2025,,09181,LANDSBERG AM LECH,12703,,102.19,,86350,,694.63,,111,,5292,,8161,,498,,14062,,113.12,,18337,,113115,,909.94,,12298,,197,,208,,4820,,14319,,2826,,21,,258,,6136,,1767,,1795425285.14453,329052.018824012
160069,09183,Bayern,,,2022,,09183,MUEHLDORF A.INN,10150,,87.14,,76420,,656.06,,129,,5488,,9322,,597,,15536,,133.38,,17709,,102106,,876.57,,9569,,131,,450,,3441,,11588,,1332,,27,,288,,7817,,1217,,1813523793.18262,377335.241343853
160070,09184,Bayern,,,2022,,09184,MUENCHEN,23759,,67.94,,238718,,682.67,,407,,19261,,5259,,1934,,26861,,76.81,,22239,,289338,,827.42,,23282,,308,,169,,15567,,53991,,4155,,32,,733,,3891,,635,,1486280916.60742,378673.91377151
160071,09185,Bayern,,,2022,,09185,NEUBURG-SCHROBENHAUSEN,9630,,98.54,,66766,,683.17,,98,,4742,,8122,,490,,13452,,137.64,,17149,,89848,,919.35,,9176,,164,,290,,3045,,10125,,1059,,19,,433,,6210,,1479,,1695085637.74414,335514.295436309
160072,09182,Bayern,,,2023,,09182,MIESBACH,9920,,99.22,,67816,,678.31,,60,,5230,,5212,,486,,10988,,109.9,,11386,,88724,,887.44,,9650,,93,,177,,4276,,19413,,1847,,23,,160,,4313,,739,,1915464693.26758,313290.259999342
160073,09183,Bayern,,,2023,,09183,MUEHLDORF A.INN,10374,,88.21,,77350,,657.7,,133,,5652,,9486,,597,,15868,,134.93,,18286,,103592,,880.84,,9798,,143,,433,,3464,,12042,,1437,,28,,296,,8000,,1190,,1813523793.18262,377335.241343853
160074,09184,Bayern,,,2023,,09184,MUENCHEN,24197,,69.17,,240952,,688.76,,399,,19662,,5175,,2090,,27326,,78.11,,22372,,292475,,836.03,,23685,,332,,180,,15470,,56181,,4430,,28,,658,,3911,,606,,1486280916.60742,378673.91377151
160075,09185,Bayern,,,2023,,09185,NEUBURG-SCHROBENHAUSEN,9919,,100.7,,67210,,682.31,,103,,4868,,8219,,510,,13700,,139.08,,17455,,90829,,922.09,,9454,,190,,275,,3053,,10494,,1145,,18,,457,,6300,,1462,,1695085637.74414,335514.295436309
160076,09182,Bayern,,,2024,,09182,MIESBACH,9963,,98.31,,68000,,670.97,,59,,5426,,5296,,502,,11283,,111.33,,11554,,89246,,880.61,,9689,,95,,179,,4348,,19824,,1981,,24,,156,,4404,,736,,1915464693.26758,313290.259999342
160077,09183,Bayern,,,2024,,09183,MUEHLDORF A.INN,10662,,88.94,,78287,,653.06,,135,,5789,,9606,,624,,16154,,134.75,,18662,,105103,,876.75,,10076,,154,,432,,3454,,12574,,1588,,30,,307,,8133,,1166,,1813523793.18262,377335.241343853
160078,09184,Bayern,,,2024,,09184,MUENCHEN,24592,,69.1,,245839,,690.77,,394,,20219,,5212,,2138,,27963,,78.57,,22547,,298394,,838.44,,24053,,370,,169,,15517,,58246,,4659,,29,,580,,4036,,596,,1486280916.60742,378673.91377151
160079,09185,Bayern,,,2024,,09185,NEUBURG-SCHROBENHAUSEN,10156,,101.6,,67866,,678.95,,111,,4915,,8198,,511,,13735,,137.41,,17596,,91757,,917.96,,9667,,219,,270,,3084,,10943,,1262,,17,,428,,6350,,1420,,1695085637.74414,335514.295436309
160080,09182,Bayern,,,2025,,09182,MIESBACH,10263,,101.16,,68208,,672.32,,60,,5588,,5363,,511,,11522,,113.57,,11727,,89993,,887.06,,9985,,94,,184,,4350,,20212,,2159,,25,,156,,4481,,726,,1915464693.26758,313290.259999342
160081,09183,Bayern,,,2025,,09183,MUEHLDORF A.INN,10828,,89.69,,79405,,657.7,,118,,5927,,9652,,636,,16333,,135.28,,18991,,106566,,882.67,,10227,,159,,442,,3452,,13156,,1671,,28,,291,,8226,,1135,,1813523793.18262,377335.241343853
160082,09184,Bayern,,,2025,,09184,MUENCHEN,24902,,69.47,,246346,,687.2,,431,,20269,,5278,,2151,,28129,,78.47,,22601,,299377,,835.13,,24370,,373,,159,,15379,,59794,,4944,,27,,549,,4143,,586,,1486280916.60742,378673.91377151
160083,09185,Bayern,,,2025,,09185,NEUBURG-SCHROBENHAUSEN,10192,,100.8,,68354,,676.04,,117,,5020,,8252,,523,,13912,,137.59,,17921,,92458,,914.44,,9697,,241,,254,,3046,,11344,,1358,,18,,423,,6435,,1394,,1695085637.74414,335514.295436309
160084,09186,Bayern,,,2022,,09186,PFAFFENHOFEN A.D.ILM,12888,,99.81,,85870,,665,,60,,5908,,9550,,480,,15998,,123.89,,19322,,114756,,888.7,,12408,,182,,298,,4323,,13987,,1398,,23,,621,,7389,,1540,,1738180578.16797,346729.90183558
160085,09187,Bayern,,,2022,,09187,ROSENHEIM,23581,,90.1,,175351,,669.99,,209,,12512,,16315,,1055,,30091,,114.97,,34384,,229023,,875.07,,22818,,329,,434,,8759,,32281,,4450,,26,,960,,12463,,2892,,3199897319.76758,564998.729941971
160086,09188,Bayern,,,2022,,09188,STARNBERG,10801,,79.06,,89156,,652.63,,77,,5239,,3466,,533,,9315,,68.19,,13264,,109272,,799.88,,10547,,143,,111,,7723,,19505,,2098,,30,,148,,2570,,748,,1086842715.54443,231338.009507312
160087,09189,Bayern,,,2022,,09189,TRAUNSTEIN,15635,,88.09,,119533,,673.48,,175,,7942,,14036,,976,,23129,,130.32,,25541,,158297,,891.89,,15134,,145,,356,,5489,,21138,,3032,,44,,623,,10915,,2498,,3407694494.16113,471296.4417667
160088,09186,Bayern,,,2023,,09186,PFAFFENHOFEN A.D.ILM,13158,,101.39,,86392,,665.72,,53,,5942,,9650,,517,,16162,,124.54,,19713,,115712,,891.66,,12662,,202,,294,,4319,,14399,,1526,,24,,627,,7509,,1514,,1738180578.16797,346729.90183558
160089,09187,Bayern,,,2023,,09187,ROSENHEIM,24387,,92.6,,176546,,670.34,,224,,12998,,16437,,1048,,30707,,116.59,,35255,,231640,,879.53,,23602,,355,,430,,8773,,33407,,4870,,26,,967,,12733,,2737,,3199897319.76758,564998.729941971
160090,09188,Bayern,,,2023,,09188,STARNBERG,11637,,85.1,,89584,,655.11,,73,,5375,,3525,,540,,9513,,69.57,,13537,,110734,,809.77,,11381,,142,,114,,7756,,20068,,2296,,33,,146,,2633,,746,,1086842715.54443,231338.009507312
160091,09189,Bayern,,,2023,,09189,TRAUNSTEIN,16075,,90.08,,120900,,677.51,,190,,8360,,14340,,1003,,23893,,133.89,,26504,,160868,,901.49,,15565,,163,,347,,5565,,21981,,3292,,45,,735,,11157,,2448,,3407694494.16113,471296.4417667
160092,09186,Bayern,,,2024,,09186,PFAFFENHOFEN A.D.ILM,13345,,101.04,,87404,,661.74,,47,,6057,,9705,,528,,16337,,123.69,,19957,,117086,,886.46,,12845,,211,,289,,4339,,15039,,1671,,26,,603,,7595,,1507,,1738180578.16797,346729.90183558
160093,09187,Bayern,,,2024,,09187,ROSENHEIM,25011,,93.69,,178010,,666.84,,222,,13488,,16644,,1063,,31417,,117.69,,35892,,234438,,878.23,,24201,,384,,426,,8814,,34502,,5239,,24,,1004,,13024,,2616,,3199897319.76758,564998.729941971
160094,09188,Bayern,,,2024,,09188,STARNBERG,11177,,80.53,,89870,,647.55,,71,,5518,,3583,,531,,9703,,69.91,,13676,,110750,,798,,10917,,146,,114,,7776,,20532,,2418,,26,,148,,2679,,756,,1086842715.54443,231338.009507312
160095,09189,Bayern,,,2024,,09189,TRAUNSTEIN,16320,,90.28,,121906,,674.34,,189,,8684,,14603,,1045,,24521,,135.64,,27094,,162747,,900.25,,15814,,166,,340,,5605,,22834,,3508,,48,,848,,11364,,2391,,3407694494.16113,471296.4417667
160096,09186,Bayern,,,2025,,09186,PFAFFENHOFEN A.D.ILM,13496,,101.5,,88249,,663.7,,50,,6312,,9773,,545,,16680,,125.45,,20130,,118425,,890.64,,12970,,248,,278,,4353,,15580,,1823,,26,,582,,7723,,1468,,1738180578.16797,346729.90183558
160097,09187,Bayern,,,2025,,09187,ROSENHEIM,25525,,95.1,,179520,,668.87,,233,,13984,,16889,,1079,,32185,,119.92,,36632,,237230,,883.9,,24724,,389,,412,,8886,,35678,,5597,,24,,1046,,13389,,2454,,3199897319.76758,564998.729941971
160098,09188,Bayern,,,2025,,09188,STARNBERG,11353,,81.64,,90226,,648.8,,74,,5638,,3615,,536,,9863,,70.92,,13798,,111442,,801.35,,11092,,155,,106,,7739,,21087,,2579,,31,,154,,2709,,752,,1086842715.54443,231338.009507312
160099,09190,Bayern,,,2022,,09190,WEILHEIM-SCHONGAU,12845,,94.36,,90065,,661.59,,81,,6067,,10603,,518,,17269,,126.85,,18693,,120179,,882.8,,12432,,151,,262,,4142,,15536,,3011,,29,,171,,8019,,2413,,2141613142.68652,405602.590742976
160100,09261,Bayern,,,2022,,09261,"LANDSHUT,STADT",4074,,55.76,,38362,,525.04,,77,,1967,,762,,182,,2988,,40.9,,4072,,45424,,621.69,,3980,,47,,47,,1847,,5801,,625,,31,,43,,602,,117,,150857453.740234,102718.553613218
160101,09262,Bayern,,,2022,,09262,"PASSAU,STADT",3392,,64.71,,29437,,561.61,,78,,2424,,867,,260,,3629,,69.24,,4721,,36458,,695.56,,3302,,54,,36,,1300,,5118,,423,,53,,126,,633,,108,,160060306.766602,88328.2977267716
160102,09263,Bayern,,,2022,,09263,"STRAUBING,STADT",2372,,49.82,,27938,,586.78,,52,,2219,,682,,422,,3375,,70.89,,3700,,33685,,707.49,,2266,,47,,59,,1280,,4079,,311,,13,,90,,526,,66,,156283696.337402,84104.9328934221
160103,09190,Bayern,,,2023,,09190,WEILHEIM-SCHONGAU,13211,,96.68,,90570,,662.83,,88,,6270,,10767,,528,,17653,,129.19,,19145,,121434,,888.7,,12786,,175,,250,,4142,,15928,,3209,,31,,171,,8217,,2379,,2141613142.68652,405602.590742976
160104,09261,Bayern,,,2023,,09261,"LANDSHUT,STADT",4131,,56.47,,38582,,527.44,,83,,2031,,781,,187,,3082,,42.13,,4107,,45795,,626.04,,4036,,51,,44,,1848,,5993,,685,,31,,46,,617,,118,,150857453.740234,102718.553613218
160105,09262,Bayern,,,2023,,09262,"PASSAU,STADT",3458,,65.13,,29824,,561.73,,76,,2556,,900,,270,,3802,,71.61,,4807,,37084,,698.47,,3357,,62,,39,,1286,,5278,,456,,55,,142,,654,,104,,160060306.766602,88328.2977267716
160106,09263,Bayern,,,2023,,09263,"STRAUBING,STADT",2473,,51.68,,28134,,587.91,,52,,2208,,687,,444,,3391,,70.86,,3758,,33998,,710.45,,2366,,51,,56,,1273,,4263,,347,,15,,92,,528,,67,,156283696.337402,84104.9328934221
160107,09190,Bayern,,,2024,,09190,WEILHEIM-SCHONGAU,13434,,97.2,,91322,,660.76,,90,,6362,,10923,,538,,17913,,129.61,,19492,,122669,,887.57,,13000,,188,,246,,4128,,16542,,3405,,30,,173,,8382,,2368,,2141613142.68652,405602.590742976
160108,09261,Bayern,,,2024,,09261,"LANDSHUT,STADT",4229,,56.05,,39345,,521.42,,84,,2199,,795,,193,,3271,,43.35,,4147,,46845,,620.82,,4139,,47,,43,,1847,,6287,,745,,30,,48,,632,,115,,150857453.740234,102718.553613218
160109,09262,Bayern,,,2024,,09262,"PASSAU,STADT",3496,,64.85,,30264,,561.41,,77,,2576,,906,,286,,3845,,71.33,,4842,,37605,,697.59,,3399,,62,,35,,1279,,5640,,496,,55,,140,,658,,108,,160060306.766602,88328.2977267716
160110,09189,Bayern,,,2025,,09189,TRAUNSTEIN,16774,,92.29,,122873,,676.01,,192,,9023,,14766,,1069,,25050,,137.82,,27486,,164697,,906.11,,16273,,180,,321,,5576,,23661,,3773,,49,,861,,11573,,2332,,3407694494.16113,471296.4417667
160111,09190,Bayern,,,2025,,09190,WEILHEIM-SCHONGAU,13687,,98.18,,92234,,661.65,,89,,6580,,11020,,548,,18237,,130.82,,19824,,124158,,890.65,,13258,,190,,239,,4103,,17151,,3617,,28,,173,,8511,,2336,,2141613142.68652,405602.590742976
160112,09261,Bayern,,,2025,,09261,"LANDSHUT,STADT",4368,,58.03,,39775,,528.42,,90,,2463,,790,,193,,3536,,46.98,,4207,,47679,,633.42,,4276,,54,,38,,1865,,6612,,810,,31,,47,,630,,113,,150857453.740234,102718.553613218
160113,09262,Bayern,,,2025,,09262,"PASSAU,STADT",3558,,65.4,,30348,,557.86,,78,,2626,,929,,289,,3922,,72.09,,4889,,37828,,695.35,,3462,,59,,37,,1279,,5782,,526,,59,,138,,686,,105,,160060306.766602,88328.2977267716
160114,09271,Bayern,,,2022,,09271,DEGGENDORF,10636,,89.02,,80029,,669.82,,167,,6462,,10144,,652,,17425,,145.84,,19005,,108090,,904.68,,10026,,107,,503,,3165,,14192,,922,,30,,357,,8116,,1671,,1981588767.13574,326034.317000034
160115,09272,Bayern,,,2022,,09272,FREYUNG-GRAFENAU,9685,,123.6,,53778,,686.34,,123,,3625,,11257,,437,,15442,,197.08,,13621,,78905,,1007.02,,8989,,75,,621,,1689,,15033,,697,,65,,175,,8734,,2348,,2267865665.09766,311430.462670405
160116,09273,Bayern,,,2022,,09273,KELHEIM,11378,,92.21,,82212,,666.28,,232,,5685,,9978,,553,,16448,,133.3,,18111,,110038,,891.79,,10825,,164,,389,,3646,,12572,,1054,,31,,438,,7985,,1555,,2454436407.56396,421392.977437745
160117,09274,Bayern,,,2022,,09274,LANDSHUT,15239,,94.54,,111553,,692.05,,167,,8405,,14542,,817,,23931,,148.46,,26869,,150723,,935.06,,14428,,218,,593,,4980,,17845,,1792,,14,,443,,11945,,2154,,3073496463.33887,532292.801291557
160118,09271,Bayern,,,2023,,09271,DEGGENDORF,10945,,90.81,,80877,,671.06,,174,,6555,,10256,,655,,17640,,146.36,,19495,,109462,,908.24,,10320,,121,,504,,3132,,14748,,1008,,31,,350,,8280,,1626,,1981588767.13574,326034.317000034
160119,09272,Bayern,,,2023,,09272,FREYUNG-GRAFENAU,9873,,125.56,,54298,,690.53,,147,,3810,,11377,,441,,15775,,200.62,,14022,,79946,,1016.71,,9173,,85,,615,,1732,,15530,,768,,67,,174,,8915,,2288,,2267865665.09766,311430.462670405
160120,09273,Bayern,,,2023,,09273,KELHEIM,11759,,94.91,,83072,,670.48,,232,,5796,,10141,,564,,16733,,135.05,,18540,,111564,,900.44,,11203,,187,,369,,3701,,12962,,1184,,28,,425,,8171,,1545,,2454436407.56396,421392.977437745
160121,09263,Bayern,,,2024,,09263,"STRAUBING,STADT",2535,,51.56,,28254,,574.69,,52,,2233,,715,,478,,3478,,70.74,,3860,,34267,,696.99,,2422,,60,,53,,1250,,4445,,376,,16,,91,,556,,68,,156283696.337402,84104.9328934221
160122,09271,Bayern,,,2024,,09271,DEGGENDORF,11176,,91.52,,81987,,671.36,,172,,6804,,10341,,682,,17999,,147.39,,19872,,111162,,910.26,,10559,,133,,484,,3175,,15376,,1102,,31,,352,,8409,,1580,,1981588767.13574,326034.317000034
160123,09272,Bayern,,,2024,,09272,FREYUNG-GRAFENAU,10091,,127.27,,54766,,690.74,,146,,4020,,11529,,450,,16145,,203.63,,14295,,81002,,1021.64,,9403,,94,,594,,1731,,15902,,841,,66,,171,,9104,,2254,,2267865665.09766,311430.462670405
160124,09273,Bayern,,,2024,,09273,KELHEIM,12047,,95.84,,84222,,670.02,,236,,5943,,10259,,562,,17000,,135.24,,18868,,113269,,901.1,,11495,,196,,356,,3761,,13603,,1266,,32,,433,,8302,,1524,,2454436407.56396,421392.977437745
160125,09263,Bayern,,,2025,,09263,"STRAUBING,STADT",2589,,52.01,,28562,,573.82,,91,,2213,,728,,495,,3527,,70.86,,3919,,34678,,696.7,,2486,,58,,45,,1226,,4647,,404,,20,,86,,581,,61,,156283696.337402,84104.9328934221
160126,09271,Bayern,,,2025,,09271,DEGGENDORF,11416,,92.72,,82672,,671.43,,171,,6902,,10404,,718,,18195,,147.77,,20216,,112283,,911.91,,10813,,144,,459,,3129,,16111,,1197,,33,,354,,8520,,1530,,1981588767.13574,326034.317000034
160127,09272,Bayern,,,2025,,09272,FREYUNG-GRAFENAU,10262,,128.91,,55144,,692.74,,154,,4144,,11551,,432,,16281,,204.53,,14534,,81687,,1026.18,,9595,,98,,569,,1728,,16425,,905,,74,,167,,9208,,2176,,2267865665.09766,311430.462670405
160128,09273,Bayern,,,2025,,09273,KELHEIM,12183,,96.28,,85105,,672.56,,243,,6246,,10337,,565,,17391,,137.44,,19196,,114679,,906.27,,11612,,212,,359,,3781,,14106,,1383,,29,,392,,8430,,1515,,2454436407.56396,421392.977437745
160129,09275,Bayern,,,2022,,09275,PASSAU,19743,,102.06,,131273,,678.57,,315,,8823,,19498,,874,,29510,,152.54,,33879,,180526,,933.17,,18698,,212,,833,,4989,,25408,,1628,,2,,672,,14935,,3891,,3490446750.02441,527715.004888081
160130,09276,Bayern,,,2022,,09276,REGEN,7660,,99.08,,50961,,659.15,,88,,3543,,9611,,379,,13621,,176.18,,12824,,72242,,934.41,,7075,,56,,529,,1549,,13863,,618,,19,,90,,7805,,1716,,2264842680.5,296227.409893073
160131,09277,Bayern,,,2022,,09277,ROTTAL-INN,12092,,99.28,,84589,,694.49,,206,,7058,,16267,,820,,24351,,199.93,,23866,,121032,,993.69,,11246,,133,,713,,3763,,13023,,1247,,30,,374,,13899,,1994,,2906693769.8833,438449.153007197
160132,09274,Bayern,,,2023,,09274,LANDSHUT,15619,,96.22,,112861,,695.25,,172,,8709,,14741,,858,,24480,,150.8,,27451,,152960,,942.27,,14816,,238,,565,,4990,,18596,,1966,,13,,449,,12162,,2130,,3073496463.33887,532292.801291557
160133,09275,Bayern,,,2023,,09275,PASSAU,20389,,105.05,,133011,,685.31,,336,,9119,,19867,,893,,30215,,155.68,,34787,,183615,,946.03,,19368,,228,,793,,5021,,26441,,1816,,2,,764,,15258,,3845,,3490446750.02441,527715.004888081
160134,09276,Bayern,,,2023,,09276,REGEN,7813,,101.24,,51372,,665.65,,90,,3676,,9764,,409,,13939,,180.61,,13227,,73124,,947.5,,7249,,67,,497,,1570,,14274,,680,,18,,86,,7995,,1683,,2264842680.5,296227.409893073
160135,09277,Bayern,,,2023,,09277,ROTTAL-INN,12460,,101.92,,85742,,701.35,,212,,7308,,16449,,832,,24801,,202.87,,24461,,123003,,1006.14,,11615,,143,,702,,3803,,13646,,1387,,30,,356,,14108,,1985,,2906693769.8833,438449.153007197
160136,09274,Bayern,,,2024,,09274,LANDSHUT,16128,,97.88,,114285,,693.59,,182,,8815,,14877,,875,,24749,,150.2,,27958,,155162,,941.67,,15304,,264,,560,,5041,,19481,,2141,,12,,457,,12335,,2085,,3073496463.33887,532292.801291557
160137,09275,Bayern,,,2024,,09275,PASSAU,20791,,105.56,,134174,,681.21,,340,,9357,,20108,,927,,30732,,156.03,,35530,,185697,,942.8,,19767,,243,,781,,5089,,27198,,1968,,1,,811,,15514,,3783,,3490446750.02441,527715.004888081
160138,09276,Bayern,,,2024,,09276,REGEN,7947,,101.84,,51663,,662.05,,90,,3859,,9911,,413,,14273,,182.91,,13480,,73883,,946.79,,7394,,82,,471,,1570,,14715,,732,,17,,99,,8186,,1626,,2264842680.5,296227.409893073
160139,09277,Bayern,,,2024,,09277,ROTTAL-INN,12731,,102.31,,86780,,697.39,,205,,7520,,16614,,871,,25210,,202.59,,24918,,124721,,1002.29,,11886,,153,,692,,3813,,14257,,1487,,28,,345,,14297,,1972,,2906693769.8833,438449.153007197
160140,09274,Bayern,,,2025,,09274,LANDSHUT,16545,,99.9,,115426,,696.98,,154,,9180,,14991,,874,,25199,,152.16,,28533,,157170,,949.05,,15682,,304,,559,,5008,,20209,,2289,,12,,442,,12498,,2051,,3073496463.33887,532292.801291557
160141,09275,Bayern,,,2025,,09275,PASSAU,21249,,107.39,,135196,,683.28,,342,,9585,,20227,,912,,31066,,157.01,,36164,,187511,,947.68,,20235,,286,,728,,5139,,28170,,2186,,2,,832,,15676,,3719,,3490446750.02441,527715.004888081
160142,09276,Bayern,,,2025,,09276,REGEN,8099,,103.91,,51850,,665.26,,97,,3946,,9984,,423,,14450,,185.4,,13671,,74399,,954.57,,7568,,89,,442,,1578,,15163,,816,,19,,84,,8301,,1599,,2264842680.5,296227.409893073
160143,09277,Bayern,,,2025,,09277,ROTTAL-INN,12872,,103.05,,87608,,701.36,,219,,7626,,16718,,893,,25456,,203.79,,25275,,125936,,1008.21,,12018,,173,,681,,3845,,14827,,1631,,29,,359,,14462,,1897,,2906693769.8833,438449.153007197
160144,09278,Bayern,,,2022,,09278,STRAUBING-BOGEN,9753,,95.86,,70359,,691.52,,103,,4850,,13444,,531,,18928,,186.03,,19275,,99040,,973.41,,9001,,113,,639,,2997,,11727,,851,,108,,338,,10586,,2520,,2776583807.021,507323.050691551
160145,09279,Bayern,,,2022,,09279,DINGOLFING-LANDAU,9178,,94.38,,70594,,725.95,,139,,4264,,9775,,469,,14647,,150.62,,18376,,94419,,970.95,,8645,,151,,382,,3376,,11260,,976,,20,,628,,7657,,1490,,2007796786.14307,398083.626741954
160146,09361,Bayern,,,2022,,09361,"AMBERG,STADT",2213,,52.63,,25239,,600.19,,44,,1547,,633,,137,,2361,,56.14,,3227,,29813,,708.96,,2142,,30,,41,,1053,,3307,,330,,30,,109,,427,,97,,119143419.942383,69456.4502939334
160147,09362,Bayern,,,2022,,09362,"REGENSBURG,STADT",7322,,48.09,,82465,,541.57,,372,,7066,,1399,,893,,9730,,63.9,,7756,,99517,,653.56,,7162,,98,,62,,3519,,13072,,1221,,82,,534,,782,,83,,185111130.1875,90706.893905518
160148,09278,Bayern,,,2023,,09278,STRAUBING-BOGEN,10062,,98.26,,71196,,695.29,,113,,5002,,13593,,539,,19247,,187.96,,19784,,100505,,981.51,,9320,,122,,620,,3064,,12106,,945,,104,,335,,10785,,2473,,2776583807.021,507323.050691551
160149,09279,Bayern,,,2023,,09279,DINGOLFING-LANDAU,9387,,95.74,,71368,,727.91,,146,,4377,,9932,,475,,14930,,152.28,,18923,,95685,,975.93,,8853,,156,,378,,3381,,11942,,1057,,21,,642,,7814,,1476,,2007796786.14307,398083.626741954
160150,09361,Bayern,,,2023,,09361,"AMBERG,STADT",2256,,53.72,,25238,,600.99,,44,,1615,,675,,146,,2480,,59.06,,3303,,29974,,713.77,,2181,,36,,39,,1046,,3379,,375,,31,,126,,448,,101,,119143419.942383,69456.4502939334
160151,09362,Bayern,,,2023,,09362,"REGENSBURG,STADT",7488,,48.77,,81957,,533.78,,378,,6117,,1426,,952,,8873,,57.79,,7950,,98318,,640.33,,7291,,108,,89,,3526,,13540,,1347,,85,,530,,817,,79,,185111130.1875,90706.893905518
160152,09278,Bayern,,,2024,,09278,STRAUBING-BOGEN,10280,,99.03,,71999,,693.59,,118,,5200,,13738,,549,,19605,,188.86,,20150,,101884,,981.48,,9552,,135,,593,,3074,,12701,,1010,,121,,342,,10973,,2423,,2776583807.021,507323.050691551
160153,09279,Bayern,,,2024,,09279,DINGOLFING-LANDAU,9503,,94.74,,73005,,727.82,,155,,4480,,10053,,480,,15168,,151.22,,19197,,97676,,973.78,,8950,,194,,359,,3507,,12687,,1126,,22,,667,,7956,,1430,,2007796786.14307,398083.626741954
160154,09361,Bayern,,,2024,,09361,"AMBERG,STADT",2298,,54.03,,25301,,594.84,,45,,1641,,680,,147,,2513,,59.08,,3343,,30112,,707.95,,2228,,34,,36,,1041,,3528,,389,,29,,131,,456,,93,,119143419.942383,69456.4502939334
160155,09362,Bayern,,,2024,,09362,"REGENSBURG,STADT",7632,,48.47,,83290,,529.02,,387,,6069,,1522,,986,,8964,,56.93,,8164,,99886,,634.43,,7427,,109,,96,,3599,,14102,,1426,,86,,598,,848,,76,,185111130.1875,90706.893905518
160156,09278,Bayern,,,2025,,09278,STRAUBING-BOGEN,10456,,100.38,,72448,,695.5,,74,,5264,,13813,,547,,19698,,189.1,,20530,,102602,,984.98,,9758,,134,,564,,3071,,13288,,1113,,125,,313,,11105,,2395,,2776583807.021,507323.050691551
160157,09279,Bayern,,,2025,,09279,DINGOLFING-LANDAU,9696,,95.55,,73469,,724,,158,,4579,,10102,,557,,15396,,151.72,,19457,,98561,,971.26,,9129,,215,,352,,3321,,13259,,1180,,25,,662,,8054,,1386,,2007796786.14307,398083.626741954
160158,09361,Bayern,,,2025,,09361,"AMBERG,STADT",2356,,55.21,,25268,,592.09,,40,,1654,,691,,136,,2521,,59.07,,3389,,30145,,706.37,,2284,,38,,34,,1015,,3665,,425,,30,,134,,464,,93,,119143419.942383,69456.4502939334
160159,09363,Bayern,,,2022,,09363,"WEIDEN I.D.OPF.,STADT",2563,,60.26,,26399,,620.64,,41,,1875,,733,,184,,2833,,66.6,,3693,,31795,,747.5,,2453,,44,,66,,1055,,3499,,323,,36,,126,,497,,110,,168380138.225586,110939.629854705
160160,09371,Bayern,,,2022,,09371,AMBERG-SULZBACH,9678,,93.96,,71386,,693.08,,197,,4235,,10548,,449,,15429,,149.8,,16568,,96493,,936.84,,9176,,85,,417,,2693,,10242,,1032,,1,,237,,7867,,2444,,2971017746.50537,579772.343362306
160161,09372,Bayern,,,2022,,09372,CHAM,14477,,113.02,,90340,,705.26,,140,,7524,,18337,,848,,26849,,209.6,,24458,,131666,,1027.89,,13517,,128,,832,,2893,,16445,,819,,38,,393,,14108,,3836,,3578252974.7124,458078.527261744
160162,09373,Bayern,,,2022,,09373,NEUMARKT I.D.OPF.,13144,,97.2,,90971,,672.74,,191,,7205,,12795,,690,,20881,,154.42,,20399,,124996,,924.36,,12528,,144,,472,,3588,,12455,,1353,,24,,531,,9908,,2356,,3148100233.0459,465019.031254308
160163,09363,Bayern,,,2023,,09363,"WEIDEN I.D.OPF.,STADT",2612,,61.5,,26423,,622.13,,41,,1984,,735,,176,,2936,,69.13,,3736,,31971,,752.75,,2495,,44,,73,,1042,,3674,,369,,36,,120,,506,,109,,168380138.225586,110939.629854705
160164,09371,Bayern,,,2023,,09371,AMBERG-SULZBACH,9996,,96.79,,72020,,697.35,,218,,4321,,10711,,451,,15701,,152.03,,16917,,97717,,946.16,,9506,,96,,394,,2723,,10632,,1160,,1,,232,,8068,,2411,,2971017746.50537,579772.343362306
160165,09372,Bayern,,,2023,,09372,CHAM,14790,,115.15,,91350,,711.2,,142,,7927,,18604,,864,,27537,,214.39,,25207,,133677,,1040.74,,13848,,134,,808,,2894,,17083,,907,,38,,407,,14409,,3788,,3578252974.7124,458078.527261744
160166,09373,Bayern,,,2023,,09373,NEUMARKT I.D.OPF.,13507,,99.27,,91940,,675.72,,204,,7544,,12980,,690,,21418,,157.41,,21037,,126865,,932.41,,12897,,149,,461,,3617,,12979,,1485,,25,,531,,10141,,2308,,3148100233.0459,465019.031254308
160167,09363,Bayern,,,2024,,09363,"WEIDEN I.D.OPF.,STADT",2631,,61.11,,26470,,614.84,,40,,1987,,716,,181,,2924,,67.92,,3751,,32025,,743.87,,2524,,41,,66,,1018,,3784,,392,,37,,97,,507,,112,,168380138.225586,110939.629854705
160168,09371,Bayern,,,2024,,09371,AMBERG-SULZBACH,10231,,97.96,,72089,,690.27,,229,,4478,,10846,,445,,15998,,153.18,,17264,,98318,,941.42,,9742,,94,,395,,2702,,10896,,1243,,2,,232,,8234,,2380,,2971017746.50537,579772.343362306
160169,09372,Bayern,,,2024,,09372,CHAM,14999,,115.21,,92298,,708.93,,141,,8221,,18854,,877,,28093,,215.78,,25683,,135390,,1039.92,,14054,,143,,802,,2885,,17823,,984,,38,,459,,14676,,3719,,3578252974.7124,458078.527261744
160170,09362,Bayern,,,2025,,09362,"REGENSBURG,STADT",7743,,48.56,,83823,,525.65,,399,,6375,,1450,,998,,9222,,57.83,,8099,,100788,,632.04,,7546,,102,,95,,3460,,14619,,1570,,91,,527,,846,,77,,185111130.1875,90706.893905518
160171,09363,Bayern,,,2025,,09363,"WEIDEN I.D.OPF.,STADT",2703,,62.59,,26649,,617.05,,42,,2003,,720,,185,,2950,,68.31,,3737,,32302,,747.94,,2598,,43,,62,,1017,,3916,,420,,37,,95,,512,,113,,168380138.225586,110939.629854705
160172,09371,Bayern,,,2025,,09371,AMBERG-SULZBACH,10376,,98.9,,72355,,689.66,,240,,4612,,10910,,459,,16221,,154.61,,17599,,98952,,943.17,,9919,,97,,360,,2717,,11183,,1359,,2,,237,,8352,,2321,,2971017746.50537,579772.343362306
160173,09372,Bayern,,,2025,,09372,CHAM,15178,,115.91,,92869,,709.22,,143,,8453,,19115,,885,,28596,,218.38,,26167,,136643,,1043.51,,14220,,161,,797,,2902,,18453,,1086,,38,,486,,14964,,3665,,3578252974.7124,458078.527261744
160174,09374,Bayern,,,2022,,09374,NEUSTADT A.D.WALDNAAB,9732,,102.83,,65831,,695.56,,57,,3784,,10935,,527,,15303,,161.69,,16199,,90866,,960.07,,9089,,91,,552,,2223,,9387,,767,,1,,351,,7802,,2782,,3408351506.52588,595755.069874216
160175,09375,Bayern,,,2022,,09375,REGENSBURG,18544,,95.45,,128940,,663.7,,242,,8749,,12816,,839,,22646,,116.57,,27394,,170130,,875.72,,17764,,180,,600,,5812,,19921,,1866,,2,,830,,9769,,2217,,3236286039.34814,627612.915429865
160176,09376,Bayern,,,2022,,09376,SCHWANDORF,15981,,107.63,,102467,,690.12,,129,,6553,,14561,,856,,22099,,148.84,,26317,,140547,,946.59,,15185,,213,,583,,3669,,14055,,1088,,53,,1092,,10406,,3063,,3435839133.30859,533437.045592224
160177,09377,Bayern,,,2022,,09377,TIRSCHENREUTH,7511,,104.76,,49197,,686.19,,91,,3248,,8319,,464,,12122,,169.07,,12606,,68830,,960.03,,7027,,60,,424,,1505,,7165,,461,,28,,356,,6040,,1923,,2610981251.68164,355382.594884542
160178,09374,Bayern,,,2023,,09374,NEUSTADT A.D.WALDNAAB,9948,,104.89,,66264,,698.71,,60,,3987,,11000,,541,,15588,,164.36,,16577,,91800,,967.97,,9316,,110,,522,,2225,,9608,,870,,1,,326,,7963,,2711,,3408351506.52588,595755.069874216
160179,09375,Bayern,,,2023,,09375,REGENSBURG,18874,,96.68,,130134,,666.58,,247,,9003,,12998,,862,,23110,,118.38,,27977,,172118,,881.64,,18092,,190,,592,,5808,,20505,,2029,,2,,832,,9984,,2182,,3236286039.34814,627612.915429865
160180,09376,Bayern,,,2023,,09376,SCHWANDORF,16310,,109.29,,103363,,692.6,,138,,6794,,14864,,863,,22659,,151.83,,26910,,142332,,953.72,,15524,,228,,558,,3671,,14642,,1234,,54,,1134,,10672,,3058,,3435839133.30859,533437.045592224
160181,09373,Bayern,,,2024,,09373,NEUMARKT I.D.OPF.,13704,,99.24,,92867,,672.53,,214,,7793,,13082,,709,,21798,,157.86,,21511,,128369,,929.63,,13107,,151,,446,,3625,,13609,,1625,,26,,510,,10327,,2245,,3148100233.0459,465019.031254308
160182,09374,Bayern,,,2024,,09374,NEUSTADT A.D.WALDNAAB,10188,,106.18,,66854,,696.73,,66,,4107,,11043,,544,,15760,,164.25,,16789,,92802,,967.15,,9568,,114,,506,,2268,,9944,,905,,1,,296,,8085,,2662,,3408351506.52588,595755.069874216
160183,09375,Bayern,,,2024,,09375,REGENSBURG,19217,,96.98,,132561,,668.96,,263,,9612,,13205,,873,,23953,,120.88,,28351,,175731,,886.81,,18455,,207,,555,,5821,,21381,,2197,,2,,875,,10172,,2158,,3236286039.34814,627612.915429865
160184,09376,Bayern,,,2024,,09376,SCHWANDORF,16612,,109.5,,104453,,688.5,,139,,7024,,14999,,873,,23035,,151.83,,27451,,144100,,949.83,,15828,,250,,534,,3733,,15286,,1372,,52,,1155,,10848,,2996,,3435839133.30859,533437.045592224
160185,09373,Bayern,,,2025,,09373,NEUMARKT I.D.OPF.,13867,,99.56,,93822,,673.64,,218,,8003,,13215,,736,,22172,,159.19,,21942,,129861,,932.39,,13274,,161,,432,,3632,,14150,,1738,,28,,503,,10528,,2184,,3148100233.0459,465019.031254308
160186,09374,Bayern,,,2025,,09374,NEUSTADT A.D.WALDNAAB,10347,,107.33,,67244,,697.55,,69,,4206,,11150,,540,,15965,,165.61,,16999,,93556,,970.5,,9724,,125,,498,,2310,,10267,,1001,,1,,280,,8235,,2635,,3408351506.52588,595755.069874216
160187,09375,Bayern,,,2025,,09375,REGENSBURG,19512,,97.43,,133489,,666.57,,266,,9801,,13413,,883,,24363,,121.65,,28995,,177364,,885.65,,18762,,210,,540,,5823,,22320,,2402,,2,,998,,10299,,2116,,3236286039.34814,627612.915429865
160188,09376,Bayern,,,2025,,09376,SCHWANDORF,16828,,110.5,,105465,,692.55,,137,,7423,,15079,,858,,23497,,154.3,,27795,,145790,,957.36,,16055,,249,,524,,3683,,15943,,1526,,57,,1095,,11084,,2900,,3435839133.30859,533437.045592224
160189,09461,Bayern,,,2022,,09461,"BAMBERG,STADT",4595,,59.93,,41052,,535.41,,79,,3193,,1036,,909,,5217,,68.04,,4878,,50864,,663.38,,4496,,40,,59,,1863,,4687,,730,,47,,548,,378,,110,,132287256.248047,63478.5756743393
160190,09462,Bayern,,,2022,,09462,"BAYREUTH,STADT",3463,,46.77,,40242,,543.46,,71,,3101,,790,,566,,4528,,61.15,,4048,,48233,,651.37,,3324,,57,,82,,1685,,5375,,541,,39,,159,,515,,116,,161576019.697754,100518.315216797
160191,09463,Bayern,,,2022,,09463,"COBURG,STADT",2539,,62.17,,25074,,613.93,,58,,1561,,360,,179,,2158,,52.84,,2625,,29771,,728.93,,2484,,18,,37,,1318,,3340,,306,,31,,31,,253,,76,,117361194.810547,74808.1536218405
160192,09377,Bayern,,,2023,,09377,TIRSCHENREUTH,7644,,106.69,,49392,,689.37,,94,,3427,,8446,,476,,12443,,173.67,,13011,,69479,,969.73,,7182,,60,,402,,1511,,7354,,520,,29,,407,,6126,,1913,,2610981251.68164,355382.594884542
160193,09461,Bayern,,,2023,,09461,"BAMBERG,STADT",4631,,59.56,,41233,,530.33,,86,,3311,,1073,,986,,5456,,70.17,,4938,,51320,,660.07,,4541,,37,,53,,1812,,4905,,808,,48,,557,,410,,106,,132287256.248047,63478.5756743393
160194,09462,Bayern,,,2023,,09462,"BAYREUTH,STADT",3569,,48.29,,41831,,565.98,,72,,3247,,798,,589,,4706,,63.67,,4175,,50106,,677.94,,3437,,60,,72,,1673,,5877,,629,,42,,155,,529,,114,,161576019.697754,100518.315216797
160195,09463,Bayern,,,2023,,09463,"COBURG,STADT",2563,,62.58,,25167,,614.5,,57,,1604,,362,,186,,2209,,53.94,,2696,,29939,,731.02,,2510,,18,,35,,1303,,3448,,347,,30,,30,,256,,76,,117361194.810547,74808.1536218405
160196,09377,Bayern,,,2024,,09377,TIRSCHENREUTH,7719,,106.95,,49584,,687.03,,101,,3580,,8598,,486,,12765,,176.87,,13332,,70068,,970.85,,7276,,65,,378,,1532,,7597,,570,,29,,444,,6275,,1879,,2610981251.68164,355382.594884542
160197,09461,Bayern,,,2024,,09461,"BAMBERG,STADT",4667,,58.38,,41314,,516.84,,84,,3403,,1049,,1003,,5539,,69.29,,4994,,51520,,644.52,,4569,,39,,59,,1820,,5056,,861,,48,,530,,414,,105,,132287256.248047,63478.5756743393
160198,09462,Bayern,,,2024,,09462,"BAYREUTH,STADT",3642,,48.88,,41425,,556,,74,,3253,,808,,596,,4731,,63.5,,4226,,49798,,668.38,,3513,,65,,64,,1668,,5978,,612,,41,,140,,549,,119,,161576019.697754,100518.315216797
160199,09463,Bayern,,,2024,,09463,"COBURG,STADT",2588,,61.85,,25458,,608.43,,55,,1698,,369,,178,,2300,,54.97,,2740,,30346,,725.25,,2539,,19,,30,,1277,,3546,,343,,26,,31,,264,,74,,117361194.810547,74808.1536218405
160200,09377,Bayern,,,2025,,09377,TIRSCHENREUTH,7813,,108.29,,49887,,691.46,,94,,3663,,8614,,482,,12853,,178.15,,13530,,70553,,977.91,,7395,,71,,347,,1543,,7832,,630,,32,,410,,6356,,1848,,2610981251.68164,355382.594884542
160201,09461,Bayern,,,2025,,09461,"BAMBERG,STADT",4749,,58.94,,41399,,513.76,,84,,3483,,1102,,1062,,5731,,71.12,,5034,,51879,,643.82,,4658,,40,,51,,1808,,5256,,904,,47,,584,,411,,107,,132287256.248047,63478.5756743393
160202,09462,Bayern,,,2025,,09462,"BAYREUTH,STADT",3674,,49.05,,41020,,547.61,,69,,3288,,775,,606,,4738,,63.25,,4253,,49432,,659.91,,3537,,70,,67,,1646,,6153,,610,,39,,107,,551,,117,,161576019.697754,100518.315216797
160203,09463,Bayern,,,2025,,09463,"COBURG,STADT",2621,,62.2,,25464,,604.29,,53,,1726,,368,,173,,2320,,55.06,,2769,,30405,,721.54,,2577,,18,,26,,1278,,3602,,377,,23,,32,,266,,70,,117361194.810547,74808.1536218405
160204,09464,Bayern,,,2022,,09464,"HOF,STADT",2290,,50.69,,25800,,571.14,,56,,1664,,709,,262,,2691,,59.57,,3446,,30781,,681.4,,2225,,20,,45,,945,,3105,,283,,33,,179,,453,,77,,142429901.957031,85632.6588730575
160205,09471,Bayern,,,2022,,09471,BAMBERG,14137,,95.85,,103030,,698.52,,138,,7041,,11935,,541,,19655,,133.26,,21452,,136822,,927.63,,13623,,124,,390,,4297,,12458,,1662,,1,,422,,8724,,2789,,2808701830.61865,563910.899502377
160206,09472,Bayern,,,2022,,09472,BAYREUTH,10312,,99.46,,72372,,698.04,,188,,4310,,12130,,741,,17369,,167.53,,15302,,100053,,965.03,,9631,,97,,584,,2992,,10972,,980,,4,,245,,8713,,3172,,3064155523.11279,598927.92418011
160207,09473,Bayern,,,2022,,09473,COBURG,7200,,83.17,,59649,,689.02,,25,,3549,,5229,,337,,9140,,105.58,,11889,,75989,,877.77,,6929,,83,,188,,2630,,7577,,685,,,-,378,,3564,,1287,,1444787050.04883,415132.587318765
160208,09464,Bayern,,,2023,,09464,"HOF,STADT",2323,,51.48,,26169,,579.92,,56,,1765,,713,,271,,2805,,62.16,,3473,,31297,,693.56,,2259,,22,,42,,955,,3278,,307,,37,,173,,465,,75,,142429901.957031,85632.6588730575
160209,09471,Bayern,,,2023,,09471,BAMBERG,14371,,97.3,,103384,,699.97,,136,,7325,,12084,,562,,20107,,136.14,,22027,,137862,,933.41,,13866,,139,,366,,4364,,12892,,1900,,1,,448,,8869,,2767,,2808701830.61865,563910.899502377
160210,09472,Bayern,,,2023,,09472,BAYREUTH,10416,,100.49,,72388,,698.4,,205,,4478,,12128,,746,,17557,,169.39,,15589,,100361,,968.29,,9754,,105,,557,,2939,,11192,,1113,,5,,227,,8861,,3040,,3064155523.11279,598927.92418011
160211,09473,Bayern,,,2023,,09473,COBURG,7319,,84.57,,59883,,691.94,,28,,3661,,5288,,344,,9321,,107.7,,12268,,76523,,884.21,,7052,,83,,184,,2648,,7807,,768,,1,,377,,3644,,1267,,1444787050.04883,415132.587318765
160212,09464,Bayern,,,2024,,09464,"HOF,STADT",2373,,50.86,,26733,,572.98,,59,,1787,,712,,270,,2828,,60.61,,3490,,31934,,684.46,,2306,,24,,43,,958,,3346,,320,,35,,161,,477,,74,,142429901.957031,85632.6588730575
160213,09471,Bayern,,,2024,,09471,BAMBERG,14650,,98.24,,104207,,698.8,,142,,7623,,12268,,566,,20599,,138.14,,22553,,139456,,935.18,,14163,,150,,337,,4355,,13433,,2078,,2,,494,,9030,,2744,,2808701830.61865,563910.899502377
160214,09472,Bayern,,,2024,,09472,BAYREUTH,10459,,99.89,,72700,,694.35,,204,,4592,,12203,,746,,17745,,169.48,,15891,,100904,,963.73,,9826,,110,,523,,2950,,11666,,1188,,3,,223,,8987,,2993,,3064155523.11279,598927.92418011
160215,09473,Bayern,,,2024,,09473,COBURG,7409,,85.06,,60287,,692.13,,28,,3727,,5353,,359,,9467,,108.69,,12525,,77163,,885.88,,7149,,83,,177,,2639,,8132,,834,,1,,375,,3709,,1269,,1444787050.04883,415132.587318765
160216,09464,Bayern,,,2025,,09464,"HOF,STADT",2423,,51.59,,26774,,570.11,,62,,1930,,744,,276,,3012,,64.14,,3484,,32209,,685.84,,2353,,23,,47,,963,,3488,,328,,37,,181,,491,,72,,142429901.957031,85632.6588730575
160217,09471,Bayern,,,2025,,09471,BAMBERG,14998,,100.1,,104812,,699.57,,139,,7885,,12415,,572,,21011,,140.24,,23073,,140821,,939.92,,14535,,145,,318,,4341,,13914,,2298,,2,,565,,9137,,2713,,2808701830.61865,563910.899502377
160218,09472,Bayern,,,2025,,09472,BAYREUTH,10541,,100.54,,73200,,698.19,,202,,4717,,12338,,760,,18017,,171.85,,16205,,101758,,970.58,,9914,,116,,511,,2964,,12038,,1315,,3,,224,,9165,,2949,,3064155523.11279,598927.92418011
160219,09474,Bayern,,,2022,,09474,FORCHHEIM,10714,,91.89,,79040,,677.87,,234,,4431,,9213,,476,,14354,,123.1,,13732,,104108,,892.86,,10288,,91,,335,,3774,,11195,,1424,,21,,244,,6931,,2038,,1536506417.20313,312290.758602113
160220,09475,Bayern,,,2022,,09475,HOF,7497,,79.31,,64310,,680.37,,91,,4479,,7079,,634,,12283,,129.95,,14725,,84090,,889.63,,7216,,76,,205,,2498,,9720,,730,,5,,342,,5153,,1584,,2185102277.77539,458207.408030516
160221,09476,Bayern,,,2022,,09476,KRONACH,5987,,90.23,,45909,,691.87,,49,,2908,,4998,,432,,8387,,126.4,,10338,,60283,,908.49,,5678,,55,,254,,1894,,7575,,399,,19,,289,,3575,,1134,,1596580753.16162,306356.593330679
160222,09477,Bayern,,,2022,,09477,KULMBACH,6231,,87.23,,50247,,703.46,,81,,3447,,5936,,313,,9777,,136.88,,10821,,66255,,927.58,,5999,,42,,190,,2175,,7193,,670,,16,,267,,4152,,1517,,1597500489.64014,317334.040273096
160223,09474,Bayern,,,2023,,09474,FORCHHEIM,10913,,93.47,,79114,,677.62,,252,,4587,,9317,,487,,14643,,125.42,,14092,,104670,,896.51,,10488,,96,,329,,3744,,11518,,1576,,22,,258,,7061,,1998,,1536506417.20313,312290.758602113
160224,09475,Bayern,,,2023,,09475,HOF,7646,,81.42,,64389,,685.67,,103,,4559,,7096,,645,,12403,,132.08,,15004,,84438,,899.17,,7381,,76,,189,,2535,,9907,,809,,4,,340,,5222,,1534,,2185102277.77539,458207.408030516
160225,09476,Bayern,,,2023,,09476,KRONACH,6148,,93.02,,45997,,695.96,,56,,2934,,5115,,440,,8545,,129.29,,10591,,60690,,918.28,,5850,,59,,239,,1927,,7833,,469,,18,,296,,3691,,1128,,1596580753.16162,306356.593330679
160226,09477,Bayern,,,2023,,09477,KULMBACH,6360,,89.17,,50426,,706.96,,83,,3570,,5956,,329,,9938,,139.33,,11108,,66724,,935.45,,6115,,55,,190,,2198,,7443,,738,,16,,266,,4239,,1451,,1597500489.64014,317334.040273096
160227,09474,Bayern,,,2024,,09474,FORCHHEIM,11036,,93.57,,79379,,673,,264,,4735,,9382,,484,,14865,,126.03,,14398,,105280,,892.6,,10621,,103,,312,,3681,,11858,,1695,,23,,258,,7161,,1963,,1536506417.20313,312290.758602113
160228,09475,Bayern,,,2024,,09475,HOF,7786,,82.31,,64613,,683.09,,103,,4635,,7177,,659,,12574,,132.93,,15373,,84973,,898.34,,7524,,77,,185,,2525,,10253,,864,,1,,355,,5321,,1501,,2185102277.77539,458207.408030516
160229,09476,Bayern,,,2024,,09476,KRONACH,6227,,93.79,,46225,,696.23,,60,,3029,,5196,,460,,8745,,131.72,,10783,,61197,,921.74,,5926,,63,,238,,1917,,8051,,515,,19,,300,,3785,,1111,,1596580753.16162,306356.593330679
160230,09473,Bayern,,,2025,,09473,COBURG,7507,,86.03,,60436,,692.6,,26,,3801,,5368,,373,,9568,,109.65,,12723,,77511,,888.29,,7264,,78,,165,,2579,,8415,,903,,1,,373,,3738,,1257,,1444787050.04883,415132.587318765
160231,09474,Bayern,,,2025,,09474,FORCHHEIM,11158,,93.98,,79855,,672.6,,255,,4886,,9445,,472,,15058,,126.83,,14651,,106071,,893.42,,10753,,108,,297,,3657,,12266,,1826,,22,,260,,7277,,1908,,1536506417.20313,312290.758602113
160232,09475,Bayern,,,2025,,09475,HOF,7864,,83.36,,64948,,688.5,,95,,4727,,7223,,666,,12711,,134.75,,15720,,85523,,906.61,,7591,,87,,186,,2568,,10482,,928,,2,,380,,5380,,1463,,2185102277.77539,458207.408030516
160233,09476,Bayern,,,2025,,09476,KRONACH,6305,,95.11,,46145,,696.07,,61,,3060,,5213,,456,,8790,,132.59,,11015,,61240,,923.76,,6013,,67,,225,,1897,,8149,,581,,17,,294,,3825,,1094,,1596580753.16162,306356.593330679
160234,09478,Bayern,,,2022,,09478,LICHTENFELS,5986,,89.72,,45295,,678.86,,79,,3294,,5351,,342,,9066,,135.88,,9660,,60347,,904.45,,5775,,64,,147,,1938,,5631,,530,,19,,210,,3845,,1296,,1262017003.62012,293402.619259732
160235,09479,Bayern,,,2022,,09479,WUNSIEDEL I.FICHTELGEB.,5884,,81.75,,47495,,659.89,,70,,2626,,4196,,335,,7227,,100.41,,9319,,60606,,842.05,,5643,,63,,178,,1764,,6881,,596,,21,,129,,3056,,1011,,1470946941.43848,229666.684670684
160236,09561,Bayern,,,2022,,09561,"ANSBACH,STADT",2575,,61.78,,25653,,615.46,,27,,1497,,1242,,176,,2942,,70.58,,3547,,31170,,747.82,,2498,,36,,41,,1026,,3158,,387,,45,,83,,891,,268,,234514226.758301,107664.311390419
160237,09562,Bayern,,,2022,,09562,"ERLANGEN,STADT",5351,,47.61,,56024,,498.5,,73,,2828,,836,,313,,4050,,36.04,,4803,,65425,,582.15,,5229,,66,,56,,2508,,6924,,1202,,62,,57,,591,,188,,185392315.592285,81938.2038448399
160238,09478,Bayern,,,2023,,09478,LICHTENFELS,6074,,91.01,,45354,,679.55,,79,,3317,,5439,,362,,9197,,137.8,,9931,,60625,,908.36,,5861,,71,,142,,1973,,5819,,583,,16,,212,,3942,,1285,,1262017003.62012,293402.619259732
160239,09479,Bayern,,,2023,,09479,WUNSIEDEL I.FICHTELGEB.,5960,,83.38,,47352,,662.43,,77,,2716,,4252,,346,,7391,,103.4,,9551,,60703,,849.21,,5724,,70,,166,,1770,,6966,,638,,23,,130,,3124,,998,,1470946941.43848,229666.684670684
160240,09561,Bayern,,,2023,,09561,"ANSBACH,STADT",2579,,61.9,,25773,,618.62,,27,,1562,,1262,,180,,3031,,72.75,,3615,,31383,,753.28,,2507,,35,,37,,1034,,3285,,416,,44,,88,,906,,268,,234514226.758301,107664.311390419
160241,09477,Bayern,,,2024,,09477,KULMBACH,6456,,90.1,,50798,,708.94,,86,,3686,,6009,,339,,10120,,141.24,,11312,,67374,,940.28,,6210,,58,,188,,2226,,7746,,776,,17,,262,,4314,,1433,,1597500489.64014,317334.040273096
160242,09478,Bayern,,,2024,,09478,LICHTENFELS,6143,,91.24,,45719,,679.05,,69,,3396,,5485,,376,,9326,,138.52,,10097,,61188,,908.8,,5932,,78,,133,,2009,,6090,,661,,14,,199,,4015,,1271,,1262017003.62012,293402.619259732
160243,09479,Bayern,,,2024,,09479,WUNSIEDEL I.FICHTELGEB.,5975,,82.98,,47624,,661.39,,80,,2813,,4279,,353,,7525,,104.51,,9695,,61124,,848.87,,5747,,71,,157,,1798,,7267,,710,,23,,127,,3173,,979,,1470946941.43848,229666.684670684
160244,09561,Bayern,,,2024,,09561,"ANSBACH,STADT",2592,,61.39,,25808,,611.26,,31,,1679,,1281,,183,,3174,,75.18,,3669,,31574,,747.83,,2519,,38,,35,,1021,,3420,,445,,44,,92,,924,,265,,234514226.758301,107664.311390419
160245,09477,Bayern,,,2025,,09477,KULMBACH,6539,,90.87,,50966,,708.29,,88,,3807,,6016,,347,,10258,,142.56,,11525,,67763,,941.73,,6314,,59,,166,,2210,,7910,,881,,17,,259,,4372,,1385,,1597500489.64014,317334.040273096
160246,09478,Bayern,,,2025,,09478,LICHTENFELS,6231,,92.24,,45965,,680.41,,67,,3473,,5460,,379,,9379,,138.84,,10277,,61575,,911.48,,6020,,81,,130,,2001,,6327,,749,,15,,192,,4056,,1212,,1262017003.62012,293402.619259732
160247,09479,Bayern,,,2025,,09479,WUNSIEDEL I.FICHTELGEB.,5955,,82.74,,47794,,664.06,,78,,2924,,4249,,351,,7602,,105.62,,9836,,61351,,852.43,,5725,,82,,148,,1788,,7528,,782,,23,,92,,3194,,963,,1470946941.43848,229666.684670684
160248,09561,Bayern,,,2025,,09561,"ANSBACH,STADT",2585,,61.1,,26027,,615.14,,30,,1735,,1273,,185,,3223,,76.17,,3712,,31835,,752.4,,2510,,45,,30,,1019,,3551,,459,,43,,89,,925,,259,,234514226.758301,107664.311390419
160249,09563,Bayern,,,2022,,09563,"FUERTH,STADT",6269,,48.89,,64475,,502.83,,142,,4191,,871,,300,,5504,,42.93,,5876,,76248,,594.65,,6087,,99,,83,,3288,,8011,,1047,,59,,205,,587,,79,,149980547.833496,70776.3817034506
160250,09564,Bayern,,,2022,,09564,"NUERNBERG,STADT",23104,,44.81,,247825,,480.71,,639,,19602,,3512,,1432,,25185,,48.85,,22844,,296114,,574.37,,22478,,338,,288,,12018,,32845,,3860,,112,,1386,,1796,,330,,443336870.258301,212723.464138905
160251,09565,Bayern,,,2022,,09565,"SCHWABACH,STADT",2898,,70.59,,26499,,645.44,,23,,1574,,530,,134,,2261,,55.07,,2915,,31658,,771.09,,2813,,46,,39,,1449,,3446,,484,,1,,45,,350,,135,,96049672.8662109,68085.2996595023
160252,09562,Bayern,,,2023,,09562,"ERLANGEN,STADT",5374,,47.43,,56078,,494.99,,85,,2922,,856,,326,,4189,,36.98,,4910,,65641,,579.4,,5255,,70,,49,,2493,,7189,,1313,,63,,64,,606,,186,,185392315.592285,81938.2038448399
160253,09563,Bayern,,,2023,,09563,"FUERTH,STADT",6473,,50.13,,64384,,498.63,,147,,4272,,852,,301,,5572,,43.15,,5969,,76429,,591.91,,6279,,112,,82,,3238,,8269,,1109,,58,,180,,594,,78,,149980547.833496,70776.3817034506
160254,09564,Bayern,,,2023,,09564,"NUERNBERG,STADT",23535,,46.09,,247839,,485.36,,614,,20085,,3741,,1515,,25955,,50.83,,23265,,297329,,582.28,,22915,,343,,277,,11831,,34566,,4115,,114,,1560,,1852,,329,,443336870.258301,212723.464138905
160255,09565,Bayern,,,2023,,09565,"SCHWABACH,STADT",2917,,70.89,,26576,,645.9,,25,,1652,,548,,133,,2358,,57.31,,2966,,31851,,774.1,,2845,,42,,30,,1432,,3767,,544,,1,,46,,363,,139,,96049672.8662109,68085.2996595023
160256,09562,Bayern,,,2024,,09562,"ERLANGEN,STADT",5402,,46.34,,56273,,482.77,,73,,3018,,871,,333,,4295,,36.85,,4916,,65970,,565.96,,5279,,74,,49,,2465,,7563,,1381,,64,,67,,623,,181,,185392315.592285,81938.2038448399
160257,09563,Bayern,,,2024,,09563,"FUERTH,STADT",6629,,50.44,,64464,,490.47,,130,,4341,,851,,318,,5640,,42.91,,6043,,76733,,583.82,,6422,,133,,74,,3157,,8593,,1186,,58,,156,,612,,83,,149980547.833496,70776.3817034506
160258,09564,Bayern,,,2024,,09564,"NUERNBERG,STADT",23988,,45.86,,249281,,476.61,,689,,21002,,3957,,1550,,27198,,52,,23660,,300467,,574.48,,23358,,365,,265,,11667,,36734,,4385,,116,,1709,,1920,,328,,443336870.258301,212723.464138905
160259,09565,Bayern,,,2024,,09565,"SCHWABACH,STADT",2929,,71.05,,26398,,640.31,,27,,1701,,549,,134,,2411,,58.48,,3134,,31738,,769.84,,2860,,42,,27,,1414,,3782,,548,,1,,55,,360,,134,,96049672.8662109,68085.2996595023
160260,09562,Bayern,,,2025,,09562,"ERLANGEN,STADT",5475,,46.47,,56522,,479.79,,73,,2979,,880,,339,,4271,,36.25,,4986,,66268,,562.52,,5345,,81,,49,,2435,,7806,,1442,,61,,71,,626,,183,,185392315.592285,81938.2038448399
160261,09563,Bayern,,,2025,,09563,"FUERTH,STADT",6675,,50.56,,64830,,491.02,,138,,4368,,846,,315,,5667,,42.92,,6112,,77172,,584.49,,6475,,130,,70,,3111,,8955,,1268,,60,,134,,632,,80,,149980547.833496,70776.3817034506
160262,09564,Bayern,,,2025,,09564,"NUERNBERG,STADT",24426,,46.43,,248893,,473.1,,644,,21408,,3976,,1574,,27602,,52.47,,23737,,300921,,571.99,,23807,,371,,248,,11563,,38022,,4592,,121,,1717,,1930,,329,,443336870.258301,212723.464138905
160263,09565,Bayern,,,2025,,09565,"SCHWABACH,STADT",2968,,71.73,,26406,,638.13,,25,,1746,,544,,143,,2458,,59.4,,3141,,31832,,769.26,,2900,,43,,25,,1397,,3801,,595,,1,,50,,362,,132,,96049672.8662109,68085.2996595023
160264,09571,Bayern,,,2022,,09571,ANSBACH,17276,,93.22,,128094,,691.22,,212,,8710,,23016,,1046,,32984,,177.99,,31006,,178354,,962.43,,16518,,205,,553,,5221,,15003,,2095,,,-,620,,16529,,5867,,4625062449.47119,670977.659483036
160265,09572,Bayern,,,2022,,09572,ERLANGEN-HOECHSTADT,10357,,74.99,,93138,,674.4,,133,,4464,,5859,,412,,10868,,78.69,,14300,,114363,,828.09,,10035,,116,,206,,4784,,12768,,1884,,4,,385,,3917,,1557,,1344671233.10449,466013.972090422
160266,09573,Bayern,,,2022,,09573,FUERTH,9748,,82.13,,78238,,659.15,,38,,4705,,3558,,329,,8630,,72.71,,10787,,96616,,813.99,,9441,,119,,188,,4438,,9772,,1487,,2,,139,,2817,,602,,725782489.523926,183038.758811695
160267,09574,Bayern,,,2022,,09574,NUERNBERGER LAND,14373,,83.98,,112370,,656.59,,73,,6737,,8330,,618,,15758,,92.08,,17308,,142501,,832.64,,13960,,139,,274,,5891,,16034,,2293,,42,,359,,5802,,2169,,1888518983.10156,430970.145036303
160268,09571,Bayern,,,2023,,09571,ANSBACH,17738,,95.22,,128851,,691.71,,225,,9000,,23197,,1054,,33476,,179.71,,31878,,180065,,966.64,,16958,,242,,538,,5264,,15532,,2232,,,-,600,,16803,,5794,,4625062449.47119,670977.659483036
160269,09572,Bayern,,,2023,,09572,ERLANGEN-HOECHSTADT,10607,,76.13,,93819,,673.39,,133,,4601,,5953,,423,,11110,,79.74,,14673,,115536,,829.27,,10283,,124,,200,,4800,,13203,,2035,,4,,405,,4006,,1542,,1344671233.10449,466013.972090422
160270,09573,Bayern,,,2023,,09573,FUERTH,9919,,83.05,,78175,,654.56,,29,,4854,,3577,,327,,8787,,73.57,,11013,,96881,,811.18,,9606,,125,,188,,4418,,10110,,1608,,2,,132,,2845,,600,,725782489.523926,183038.758811695
160271,09574,Bayern,,,2023,,09574,NUERNBERGER LAND,14640,,85.4,,112884,,658.51,,74,,6774,,8473,,640,,15961,,93.11,,17793,,143485,,837.02,,14219,,152,,269,,5903,,16651,,2485,,35,,370,,5935,,2168,,1888518983.10156,430970.145036303
160272,09571,Bayern,,,2024,,09571,ANSBACH,18087,,95.89,,130191,,690.22,,202,,9190,,23366,,1054,,33812,,179.26,,32571,,182090,,965.36,,17309,,262,,516,,5271,,16375,,2450,,,,640,,17053,,5673,,4625062449.47119,670977.659483036
160273,09572,Bayern,,,2024,,09572,ERLANGEN-HOECHSTADT,10757,,76.29,,94494,,670.2,,171,,4677,,6023,,429,,11300,,80.15,,14914,,116551,,826.64,,10420,,137,,200,,4738,,13730,,2174,,4,,401,,4085,,1537,,1344671233.10449,466013.972090422
160274,09573,Bayern,,,2024,,09573,FUERTH,10089,,84.13,,78397,,653.73,,39,,5049,,3598,,342,,9028,,75.28,,11184,,97514,,813.14,,9778,,129,,182,,4378,,10537,,1731,,4,,125,,2884,,589,,725782489.523926,183038.758811695
160275,09574,Bayern,,,2024,,09574,NUERNBERGER LAND,14966,,86.68,,113067,,654.83,,69,,6941,,8536,,664,,16210,,93.88,,17987,,144243,,835.39,,14567,,151,,248,,5875,,17162,,2660,,36,,362,,6044,,2130,,1888518983.10156,430970.145036303
160276,09571,Bayern,,,2025,,09571,ANSBACH,18406,,97.12,,130980,,691.13,,201,,9325,,23411,,1051,,33988,,179.34,,33170,,183374,,967.59,,17617,,275,,514,,5250,,16955,,2630,,,-,660,,17220,,5531,,4625062449.47119,670977.659483036
160277,09572,Bayern,,,2025,,09572,ERLANGEN-HOECHSTADT,10850,,76.67,,95284,,673.3,,172,,4754,,6038,,425,,11389,,80.48,,15186,,117523,,830.45,,10525,,130,,195,,4713,,14207,,2310,,3,,388,,4136,,1514,,1344671233.10449,466013.972090422
160278,09573,Bayern,,,2025,,09573,FUERTH,10250,,85.54,,78790,,657.54,,38,,5273,,3620,,351,,9282,,77.46,,11378,,98322,,820.54,,9937,,136,,177,,4333,,10977,,1856,,4,,131,,2907,,582,,725782489.523926,183038.758811695
160279,09575,Bayern,,,2022,,09575,NEUSTADT/AISCH-WINDSHEIM,8825,,87.14,,68931,,680.65,,97,,4840,,12380,,498,,17815,,175.91,,16472,,95571,,943.71,,8341,,84,,400,,2802,,8948,,1160,,27,,275,,9222,,2883,,3011546892.6333,441563.56990491
160280,09576,Bayern,,,2022,,09576,ROTH,12335,,97,,88121,,692.95,,141,,6415,,9670,,624,,16850,,132.5,,17872,,117306,,922.45,,11899,,108,,328,,4242,,11606,,1694,,32,,749,,6581,,2340,,2094859928.33154,459541.332056346
160281,09577,Bayern,,,2022,,09577,WEISSENBURG-GUNZENHAUSEN,8414,,88.46,,63598,,668.63,,114,,3938,,10564,,501,,15117,,158.93,,15148,,87129,,916.02,,7973,,93,,348,,2578,,8638,,1226,,28,,322,,7525,,2717,,2255137954.74609,340013.535738711
160282,09661,Bayern,,,2022,,09661,"ASCHAFFENBURG,STADT",3628,,51.2,,43157,,609.06,,103,,3862,,507,,276,,4748,,67.01,,4182,,51533,,727.27,,3528,,53,,47,,2343,,5560,,570,,55,,97,,281,,129,,149717177.136719,78318.7059430348
160283,09575,Bayern,,,2023,,09575,NEUSTADT/AISCH-WINDSHEIM,9025,,88.66,,69741,,685.16,,107,,4971,,12498,,506,,18082,,177.64,,16919,,96848,,951.47,,8546,,91,,388,,2847,,9273,,1301,,26,,283,,9372,,2843,,3011546892.6333,441563.56990491
160284,09576,Bayern,,,2023,,09576,ROTH,12628,,99.03,,88601,,694.8,,139,,6581,,9837,,640,,17197,,134.86,,18275,,118426,,928.69,,12193,,127,,308,,4243,,11950,,1844,,33,,779,,6760,,2298,,2094859928.33154,459541.332056346
160285,09577,Bayern,,,2023,,09577,WEISSENBURG-GUNZENHAUSEN,8631,,90.36,,64239,,672.5,,125,,4045,,10646,,507,,15323,,160.41,,15514,,88193,,923.26,,8206,,94,,331,,2600,,9034,,1321,,27,,323,,7638,,2685,,2255137954.74609,340013.535738711
160286,09661,Bayern,,,2023,,09661,"ASCHAFFENBURG,STADT",3729,,52.24,,43586,,610.61,,105,,4074,,503,,284,,4966,,69.57,,4267,,52281,,732.42,,3629,,55,,45,,2326,,5912,,628,,55,,91,,286,,126,,149717177.136719,78318.7059430348
160287,09575,Bayern,,,2024,,09575,NEUSTADT/AISCH-WINDSHEIM,9198,,89.04,,70154,,679.11,,114,,5134,,12572,,535,,18355,,177.68,,17323,,97707,,945.83,,8707,,116,,375,,2885,,9652,,1384,,24,,290,,9483,,2799,,3011546892.6333,441563.56990491
160288,09576,Bayern,,,2024,,09576,ROTH,12815,,99.58,,89247,,693.48,,140,,6756,,9787,,658,,17341,,134.75,,18396,,119403,,927.81,,12408,,117,,290,,4195,,12350,,2004,,33,,621,,6878,,2288,,2094859928.33154,459541.332056346
160289,09577,Bayern,,,2024,,09577,WEISSENBURG-GUNZENHAUSEN,8682,,89.39,,64716,,666.35,,159,,4191,,10696,,508,,15554,,160.15,,15790,,88952,,915.9,,8281,,99,,302,,2592,,9345,,1420,,26,,308,,7798,,2590,,2255137954.74609,340013.535738711
160290,09574,Bayern,,,2025,,09574,NUERNBERGER LAND,15086,,87.23,,113725,,657.59,,74,,7140,,8582,,677,,16473,,95.25,,18392,,145284,,840.08,,14704,,163,,219,,5847,,17754,,2894,,33,,325,,6137,,2120,,1888518983.10156,430970.145036303
160291,09575,Bayern,,,2025,,09575,NEUSTADT/AISCH-WINDSHEIM,9309,,89.81,,70512,,680.26,,146,,5267,,12592,,554,,18559,,179.05,,17679,,98380,,949.12,,8830,,130,,349,,2918,,10081,,1475,,23,,265,,9563,,2764,,3011546892.6333,441563.56990491
160292,09576,Bayern,,,2025,,09576,ROTH,13060,,100.78,,89835,,693.2,,139,,6838,,9724,,677,,17378,,134.09,,18680,,120273,,928.07,,12624,,134,,302,,4200,,12809,,2177,,33,,545,,6935,,2244,,2094859928.33154,459541.332056346
160293,09577,Bayern,,,2025,,09577,WEISSENBURG-GUNZENHAUSEN,8783,,90.29,,65077,,668.99,,179,,4378,,10730,,524,,15811,,162.54,,16114,,89671,,921.82,,8386,,109,,288,,2581,,9651,,1527,,27,,294,,7968,,2468,,2255137954.74609,340013.535738711
160294,09662,Bayern,,,2022,,09662,"SCHWEINFURT,STADT",2167,,40.64,,29489,,553.07,,44,,2009,,385,,249,,2687,,50.39,,3364,,34343,,644.1,,2113,,25,,29,,1122,,3812,,451,,38,,183,,176,,26,,86486500.9228516,61693.2656259367
160295,09663,Bayern,,,2022,,09663,"WUERZBURG,STADT",6170,,48.6,,64743,,509.97,,101,,5951,,913,,759,,7724,,60.84,,6474,,78637,,619.41,,6003,,90,,77,,3416,,8077,,1060,,67,,175,,624,,114,,210294873.094727,101011.686766028
160296,09671,Bayern,,,2022,,09671,ASCHAFFENBURG,12680,,72.6,,119210,,682.53,,141,,8564,,5857,,660,,15222,,87.15,,21237,,147112,,842.29,,12270,,175,,235,,6813,,17635,,1771,,,-,380,,3879,,1598,,1690230366.54102,356618.276638307
160297,09672,Bayern,,,2022,,09672,BAD KISSINGEN,8445,,81.86,,71609,,694.09,,140,,4933,,8827,,554,,14454,,140.1,,16923,,94508,,916.05,,8082,,72,,291,,2811,,9911,,1497,,43,,297,,6168,,2362,,2775815191.52637,436283.827037315
160298,09662,Bayern,,,2023,,09662,"SCHWEINFURT,STADT",2268,,42.33,,29714,,554.52,,44,,2068,,372,,242,,2726,,50.87,,3403,,34708,,647.72,,2206,,28,,34,,1122,,4067,,473,,40,,173,,175,,24,,86486500.9228516,61693.2656259367
160299,09663,Bayern,,,2023,,09663,"WUERZBURG,STADT",6211,,48.93,,64161,,505.47,,102,,5957,,932,,807,,7798,,61.43,,6588,,78170,,615.84,,6046,,86,,79,,3343,,8402,,1131,,67,,177,,643,,112,,210294873.094727,101011.686766028
160300,09671,Bayern,,,2023,,09671,ASCHAFFENBURG,13021,,74.42,,119370,,682.25,,147,,8803,,5944,,648,,15542,,88.83,,21653,,147933,,845.5,,12622,,180,,219,,6707,,18124,,1938,,,-,357,,4003,,1584,,1690230366.54102,356618.276638307
160301,09661,Bayern,,,2024,,09661,"ASCHAFFENBURG,STADT",3767,,52,,44491,,614.14,,106,,3767,,504,,292,,4669,,64.45,,4304,,52927,,730.59,,3669,,53,,45,,2289,,6135,,674,,53,,103,,274,,127,,149717177.136719,78318.7059430348
160302,09662,Bayern,,,2024,,09662,"SCHWEINFURT,STADT",2301,,42.09,,29911,,547.07,,49,,2179,,396,,242,,2866,,52.42,,3470,,35078,,641.57,,2236,,34,,31,,1127,,4290,,491,,39,,182,,189,,25,,86486500.9228516,61693.2656259367
160303,09663,Bayern,,,2024,,09663,"WUERZBURG,STADT",6289,,49.21,,63812,,499.27,,105,,5928,,966,,826,,7825,,61.22,,6634,,77926,,609.7,,6129,,92,,68,,3253,,8607,,1184,,69,,194,,660,,112,,210294873.094727,101011.686766028
160304,09671,Bayern,,,2024,,09671,ASCHAFFENBURG,13262,,74.94,,119717,,676.53,,145,,9053,,6034,,647,,15879,,89.73,,22042,,148858,,841.21,,12885,,182,,195,,6708,,18749,,2062,,1,,368,,4095,,1571,,1690230366.54102,356618.276638307
160305,09661,Bayern,,,2025,,09661,"ASCHAFFENBURG,STADT",3814,,52.31,,44494,,610.19,,115,,3672,,508,,294,,4589,,62.93,,4324,,52897,,725.43,,3717,,58,,39,,2277,,6377,,699,,53,,96,,284,,128,,149717177.136719,78318.7059430348
160306,09662,Bayern,,,2025,,09662,"SCHWEINFURT,STADT",2319,,42.11,,30194,,548.31,,48,,2237,,392,,243,,2920,,53.03,,3515,,35433,,643.45,,2250,,39,,30,,1101,,4501,,516,,39,,168,,197,,27,,86486500.9228516,61693.2656259367
160307,09663,Bayern,,,2025,,09663,"WUERZBURG,STADT",6346,,49.48,,64354,,501.8,,104,,6155,,970,,838,,8067,,62.9,,6759,,78767,,614.19,,6186,,92,,68,,3204,,8894,,1233,,72,,196,,664,,110,,210294873.094727,101011.686766028
160308,09671,Bayern,,,2025,,09671,ASCHAFFENBURG,13490,,76.19,,120229,,679.05,,139,,9285,,6078,,642,,16144,,91.18,,22263,,149863,,846.42,,13119,,188,,183,,6623,,19429,,2244,,3,,365,,4161,,1552,,1690230366.54102,356618.276638307
160309,09673,Bayern,,,2022,,09673,RHOEN-GRABFELD,6946,,87.36,,55300,,695.51,,93,,3625,,7552,,467,,11737,,147.62,,14892,,73983,,930.49,,6530,,57,,359,,1830,,8042,,979,,25,,122,,6159,,1271,,2508259125.49365,402162.501117345
160310,09674,Bayern,,,2022,,09674,HASSBERGE,7640,,90.66,,59309,,703.76,,105,,3876,,8186,,474,,12641,,150,,14473,,79590,,944.41,,7227,,56,,357,,2226,,7377,,1101,,19,,243,,5793,,2150,,2318371755.83691,389636.244632695
160311,09675,Bayern,,,2022,,09675,KITZINGEN,7722,,84.21,,62562,,682.28,,169,,4366,,7608,,523,,12666,,138.13,,13197,,82950,,904.62,,7364,,67,,291,,2957,,7293,,932,,27,,478,,5718,,1412,,1636612352.90869,311691.214163712
160312,09672,Bayern,,,2023,,09672,BAD KISSINGEN,8683,,83.93,,71888,,694.88,,147,,5057,,8905,,556,,14665,,141.75,,17279,,95236,,920.56,,8337,,75,,271,,2844,,10216,,1646,,43,,297,,6256,,2352,,2775815191.52637,436283.827037315
160313,09673,Bayern,,,2023,,09673,RHOEN-GRABFELD,7106,,89.52,,56328,,709.64,,111,,3766,,7591,,477,,11945,,150.49,,15288,,75379,,949.64,,6698,,65,,343,,1818,,8310,,1065,,26,,113,,6230,,1248,,2508259125.49365,402162.501117345
160314,09674,Bayern,,,2023,,09674,HASSBERGE,7849,,93.13,,59661,,707.86,,115,,4080,,8379,,495,,13069,,155.06,,14842,,80579,,956.04,,7436,,64,,349,,2248,,7612,,1193,,21,,309,,5927,,2143,,2318371755.83691,389636.244632695
160315,09675,Bayern,,,2023,,09675,KITZINGEN,7905,,85.94,,62867,,683.49,,192,,4571,,7660,,545,,12968,,140.99,,13601,,83740,,910.42,,7548,,82,,275,,2963,,7518,,999,,27,,497,,5757,,1406,,1636612352.90869,311691.214163712
160316,09672,Bayern,,,2024,,09672,BAD KISSINGEN,8742,,83.6,,72311,,691.53,,160,,5191,,8974,,569,,14894,,142.43,,17550,,95947,,917.56,,8406,,76,,260,,2865,,10575,,1753,,42,,302,,6349,,2323,,2775815191.52637,436283.827037315
160317,09673,Bayern,,,2024,,09673,RHOEN-GRABFELD,7155,,89.06,,55739,,693.78,,117,,3869,,7670,,485,,12141,,151.12,,15574,,75035,,933.96,,6751,,80,,324,,1821,,8691,,1134,,26,,121,,6312,,1237,,2508259125.49365,402162.501117345
160318,09674,Bayern,,,2024,,09674,HASSBERGE,7914,,93.12,,59955,,705.49,,120,,4278,,8456,,490,,13344,,157.02,,15192,,81213,,955.63,,7505,,76,,333,,2278,,7888,,1246,,20,,345,,6002,,2109,,2318371755.83691,389636.244632695
160319,09675,Bayern,,,2024,,09675,KITZINGEN,8081,,86.66,,63397,,679.88,,198,,4785,,7696,,560,,13239,,141.98,,13956,,84717,,908.52,,7725,,89,,267,,2942,,7904,,1091,,27,,511,,5793,,1392,,1636612352.90869,311691.214163712
160320,09672,Bayern,,,2025,,09672,BAD KISSINGEN,8755,,83.46,,72646,,692.54,,162,,5302,,8983,,576,,15023,,143.22,,17824,,96424,,919.22,,8430,,82,,243,,2864,,10920,,1856,,38,,308,,6393,,2282,,2775815191.52637,436283.827037315
160321,09673,Bayern,,,2025,,09673,RHOEN-GRABFELD,7209,,89.5,,56020,,695.52,,116,,3990,,7746,,499,,12351,,153.34,,15779,,75580,,938.37,,6812,,86,,311,,1812,,9006,,1244,,26,,127,,6403,,1216,,2508259125.49365,402162.501117345
160322,09674,Bayern,,,2025,,09674,HASSBERGE,7934,,92.94,,60170,,704.81,,113,,4536,,8487,,492,,13628,,159.63,,15453,,81732,,957.37,,7539,,81,,314,,2285,,8146,,1344,,20,,388,,6035,,2064,,2318371755.83691,389636.244632695
160323,09675,Bayern,,,2025,,09675,KITZINGEN,8207,,87.48,,63980,,681.96,,206,,4917,,7702,,571,,13396,,142.79,,14248,,85583,,912.22,,7835,,91,,281,,2934,,8300,,1171,,25,,494,,5823,,1385,,1636612352.90869,311691.214163712
160324,09676,Bayern,,,2022,,09676,MILTENBERG,8837,,68.64,,87479,,679.49,,120,,6610,,5256,,478,,12464,,96.81,,16962,,108780,,844.94,,8468,,120,,249,,4211,,12136,,1339,,33,,191,,3441,,1624,,1712001094.92725,349123.051086448
160325,09677,Bayern,,,2022,,09677,MAIN-SPESSART,10921,,86.69,,86495,,686.6,,224,,5912,,9461,,587,,16184,,128.47,,19168,,113600,,901.76,,10438,,139,,344,,3603,,13244,,1449,,36,,292,,6484,,2685,,3195069447.48633,446777.113211577
160326,09678,Bayern,,,2022,,09678,SCHWEINFURT,10027,,86.7,,79252,,685.26,,138,,4311,,7589,,538,,12576,,108.74,,18526,,101855,,880.7,,9587,,121,,319,,3601,,9483,,1755,,11,,722,,5013,,1854,,2035099635.48779,505435.758835792
160327,09679,Bayern,,,2022,,09679,WUERZBURG,13389,,82.29,,108093,,664.38,,44,,6524,,8375,,591,,15534,,95.48,,18860,,137016,,842.15,,12965,,141,,283,,5606,,13133,,1971,,3,,322,,6319,,1734,,2312980148.26318,522114.180481145
160328,09676,Bayern,,,2023,,09676,MILTENBERG,9073,,70.45,,87826,,681.97,,122,,6225,,5327,,492,,12166,,94.47,,17460,,109065,,846.9,,8689,,136,,248,,4203,,12529,,1505,,35,,210,,3517,,1600,,1712001094.92725,349123.051086448
160329,09677,Bayern,,,2023,,09677,MAIN-SPESSART,11161,,88.51,,86795,,688.28,,241,,6081,,9565,,601,,16488,,130.75,,19559,,114444,,907.53,,10678,,147,,336,,3571,,13636,,1591,,36,,289,,6620,,2656,,3195069447.48633,446777.113211577
160330,09678,Bayern,,,2023,,09678,SCHWEINFURT,10245,,88.22,,79215,,682.1,,140,,4435,,7681,,583,,12839,,110.55,,18989,,102299,,880.87,,9789,,138,,318,,3533,,9849,,1878,,12,,729,,5119,,1833,,2035099635.48779,505435.758835792
160331,09679,Bayern,,,2023,,09679,WUERZBURG,13672,,83.6,,108276,,662.1,,42,,6663,,8460,,693,,15858,,96.97,,19259,,137806,,842.67,,13239,,154,,279,,5569,,13512,,2124,,3,,314,,6432,,1714,,2312980148.26318,522114.180481145
160332,09676,Bayern,,,2024,,09676,MILTENBERG,9308,,71.69,,87898,,677,,120,,6243,,5352,,492,,12207,,94.02,,17696,,109413,,842.71,,8927,,140,,241,,4225,,13022,,1611,,34,,186,,3583,,1583,,1712001094.92725,349123.051086448
160333,09677,Bayern,,,2024,,09677,MAIN-SPESSART,11377,,89.49,,87297,,686.66,,270,,6298,,9653,,604,,16825,,132.34,,19841,,115499,,908.5,,10886,,164,,327,,3586,,14053,,1720,,36,,287,,6738,,2628,,3195069447.48633,446777.113211577
160334,09678,Bayern,,,2024,,09678,SCHWEINFURT,10313,,88.11,,79611,,680.18,,124,,4592,,7748,,578,,13042,,111.43,,19267,,102966,,879.72,,9874,,140,,299,,3531,,10201,,2045,,9,,740,,5192,,1816,,2035099635.48779,505435.758835792
160335,09679,Bayern,,,2024,,09679,WUERZBURG,13965,,84.46,,108878,,658.51,,41,,6899,,8470,,621,,16031,,96.96,,19586,,138874,,839.93,,13512,,176,,277,,5510,,14149,,2267,,3,,322,,6465,,1683,,2312980148.26318,522114.180481145
160336,09676,Bayern,,,2025,,09676,MILTENBERG,9399,,72.1,,87587,,671.87,,120,,6358,,5401,,517,,12396,,95.09,,17910,,109382,,839.06,,9036,,134,,229,,4133,,13490,,1733,,29,,183,,3667,,1551,,1712001094.92725,349123.051086448
160337,09677,Bayern,,,2025,,09677,MAIN-SPESSART,11493,,90.04,,87686,,686.97,,296,,6394,,9646,,617,,16953,,132.82,,20102,,116132,,909.83,,11023,,164,,306,,3538,,14522,,1793,,34,,265,,6817,,2564,,3195069447.48633,446777.113211577
160338,09678,Bayern,,,2025,,09678,SCHWEINFURT,10272,,88.06,,79714,,683.34,,108,,4727,,7692,,586,,13113,,112.41,,19487,,103099,,883.81,,9856,,146,,270,,3452,,10598,,2205,,12,,693,,5221,,1778,,2035099635.48779,505435.758835792
160339,09761,Bayern,,,2022,,09761,"AUGSBURG,STADT",12815,,43.32,,140439,,474.73,,325,,8914,,1390,,777,,11406,,38.56,,12086,,164660,,556.6,,12479,,207,,129,,6188,,17774,,2354,,74,,243,,957,,190,,331294792.604004,129832.985335123
160340,09762,Bayern,,,2022,,09762,"KAUFBEUREN,STADT",2643,,59.18,,26025,,582.71,,57,,1329,,411,,92,,1889,,42.3,,3499,,30557,,684.18,,2558,,48,,37,,986,,3666,,599,,1,,28,,316,,67,,89825135.6459961,58824.7506236309
160341,09763,Bayern,,,2022,,09763,"KEMPTEN(ALLGAEU),STADT",4020,,58.31,,40131,,582.11,,75,,2536,,999,,464,,4074,,59.09,,4490,,48225,,699.52,,3924,,45,,51,,1511,,6885,,867,,48,,87,,764,,148,,139755391.692871,79436.3917227382
160342,09764,Bayern,,,2022,,09764,"MEMMINGEN,STADT",2432,,54.82,,27212,,613.44,,16,,1672,,838,,157,,2683,,60.48,,3816,,32327,,728.74,,2366,,29,,37,,1231,,3589,,406,,15,,140,,566,,132,,155678067.434082,94437.2736762383
160343,09761,Bayern,,,2023,,09761,"AUGSBURG,STADT",13121,,44.26,,140537,,474.02,,353,,9220,,1422,,797,,11792,,39.77,,12357,,165450,,558.05,,12783,,217,,121,,6176,,18683,,2550,,85,,241,,989,,192,,331294792.604004,129832.985335123
160344,09762,Bayern,,,2023,,09762,"KAUFBEUREN,STADT",2734,,60.6,,26105,,578.59,,55,,1382,,425,,88,,1950,,43.22,,3548,,30789,,682.41,,2647,,55,,32,,993,,3803,,640,,1,,26,,330,,69,,89825135.6459961,58824.7506236309
160345,09763,Bayern,,,2023,,09763,"KEMPTEN(ALLGAEU),STADT",4026,,58.3,,40155,,581.51,,81,,2599,,1003,,516,,4199,,60.81,,4584,,48380,,700.62,,3920,,56,,50,,1493,,7167,,963,,48,,96,,770,,137,,139755391.692871,79436.3917227382
160346,09764,Bayern,,,2023,,09764,"MEMMINGEN,STADT",2502,,55.95,,27423,,613.2,,15,,1697,,854,,157,,2723,,60.89,,3856,,32648,,730.04,,2425,,40,,37,,1232,,3756,,450,,17,,147,,577,,130,,155678067.434082,94437.2736762383
160347,09761,Bayern,,,2024,,09761,"AUGSBURG,STADT",13482,,44.79,,141382,,469.66,,353,,9437,,1441,,826,,12057,,40.05,,12480,,166921,,554.49,,13133,,238,,111,,6110,,19581,,2663,,73,,246,,1005,,190,,331294792.604004,129832.985335123
160348,09762,Bayern,,,2024,,09762,"KAUFBEUREN,STADT",2782,,60.75,,26481,,578.29,,46,,1421,,440,,91,,1998,,43.63,,3587,,31261,,682.67,,2687,,63,,32,,1003,,4010,,692,,1,,29,,341,,70,,89825135.6459961,58824.7506236309
160349,09763,Bayern,,,2024,,09763,"KEMPTEN(ALLGAEU),STADT",4153,,59.28,,40820,,582.68,,80,,2743,,1032,,551,,4406,,62.89,,4717,,49379,,704.85,,4040,,69,,44,,1507,,7440,,1062,,47,,121,,776,,135,,139755391.692871,79436.3917227382
160350,09679,Bayern,,,2025,,09679,WUERZBURG,14125,,85.13,,109428,,659.52,,45,,7064,,8488,,624,,16221,,97.76,,19957,,139774,,842.41,,13680,,175,,270,,5443,,14640,,2474,,3,,322,,6510,,1656,,2312980148.26318,522114.180481145
160351,09761,Bayern,,,2025,,09761,"AUGSBURG,STADT",13582,,44.8,,141783,,467.7,,341,,9628,,1438,,848,,12255,,40.43,,12597,,167620,,552.93,,13233,,247,,102,,5991,,20476,,2750,,70,,213,,1034,,191,,331294792.604004,129832.985335123
160352,09762,Bayern,,,2025,,09762,"KAUFBEUREN,STADT",2820,,60.79,,26887,,579.64,,47,,1459,,437,,90,,2033,,43.83,,3626,,31740,,684.26,,2736,,59,,25,,1003,,4226,,723,,1,,27,,338,,72,,89825135.6459961,58824.7506236309
160353,09763,Bayern,,,2025,,09763,"KEMPTEN(ALLGAEU),STADT",4197,,59.35,,41021,,580.11,,87,,2850,,1059,,563,,4559,,64.47,,4767,,49777,,703.93,,4076,,77,,44,,1511,,7627,,1109,,50,,129,,796,,134,,139755391.692871,79436.3917227382
160354,09771,Bayern,,,2022,,09771,AICHACH-FRIEDBERG,13619,,100.86,,89057,,659.56,,176,,7095,,9114,,627,,17012,,125.99,,20122,,119688,,886.42,,13133,,193,,293,,4871,,12564,,1782,,21,,363,,6751,,2000,,1769644813.78906,340569.553178505
160355,09772,Bayern,,,2022,,09772,AUGSBURG,21900,,85.58,,169334,,661.72,,272,,11993,,12484,,930,,25679,,100.35,,34289,,216913,,847.65,,21143,,342,,415,,9330,,23600,,3423,,45,,749,,8822,,2913,,2424659427.02393,464930.487793306
160356,09773,Bayern,,,2022,,09773,DILLINGEN A.D.DONAU,8695,,89.48,,66810,,687.54,,46,,4690,,9100,,473,,14309,,147.25,,18550,,89814,,924.28,,8327,,109,,259,,3098,,9587,,933,,19,,424,,6565,,2111,,1808505732.38232,366801.139047187
160357,09774,Bayern,,,2022,,09774,GUENZBURG,10736,,84.31,,86306,,677.75,,148,,6434,,9647,,780,,17009,,133.57,,21587,,114051,,895.63,,10254,,122,,360,,4033,,11853,,1179,,23,,547,,6546,,2554,,1727201075.146,350384.748208849
160358,09771,Bayern,,,2023,,09771,AICHACH-FRIEDBERG,14152,,104.41,,89593,,661.02,,167,,7350,,9241,,629,,17387,,128.28,,20560,,121132,,893.71,,13644,,222,,286,,4828,,13010,,1927,,22,,357,,6895,,1989,,1769644813.78906,340569.553178505
160359,09772,Bayern,,,2023,,09772,AUGSBURG,22656,,87.89,,170856,,662.77,,266,,12325,,12614,,1024,,26229,,101.75,,34952,,219741,,852.4,,21915,,367,,374,,9369,,24591,,3725,,44,,757,,8977,,2880,,2424659427.02393,464930.487793306
160360,09773,Bayern,,,2023,,09773,DILLINGEN A.D.DONAU,8964,,91.48,,67648,,690.39,,47,,4766,,9202,,492,,14507,,148.05,,18998,,91119,,929.93,,8591,,127,,246,,3163,,9979,,1044,,19,,392,,6721,,2089,,1808505732.38232,366801.139047187
160361,09764,Bayern,,,2024,,09764,"MEMMINGEN,STADT",2567,,55.98,,27661,,603.2,,11,,1785,,873,,160,,2829,,61.69,,3877,,33057,,720.87,,2491,,42,,34,,1215,,4003,,486,,16,,151,,593,,129,,155678067.434082,94437.2736762383
160362,09771,Bayern,,,2024,,09771,AICHACH-FRIEDBERG,14499,,105.57,,90196,,656.76,,164,,7521,,9316,,642,,17643,,128.47,,20906,,122338,,890.81,,13981,,245,,273,,4823,,13564,,2033,,19,,338,,7028,,1950,,1769644813.78906,340569.553178505
160363,09772,Bayern,,,2024,,09772,AUGSBURG,23320,,89.23,,172291,,659.25,,275,,12918,,12754,,988,,26935,,103.06,,35575,,222546,,851.55,,22565,,394,,361,,9331,,25645,,4000,,45,,816,,9085,,2853,,2424659427.02393,464930.487793306
160364,09773,Bayern,,,2024,,09773,DILLINGEN A.D.DONAU,9274,,93.57,,68296,,689.1,,46,,4871,,9335,,510,,14762,,148.95,,19285,,92332,,931.62,,8918,,126,,230,,3125,,10475,,1104,,20,,414,,6851,,2070,,1808505732.38232,366801.139047187
160365,09764,Bayern,,,2025,,09764,"MEMMINGEN,STADT",2563,,55.5,,27904,,604.27,,12,,1814,,881,,158,,2865,,62.04,,3842,,33332,,721.82,,2483,,41,,39,,1235,,4211,,512,,15,,154,,598,,129,,155678067.434082,94437.2736762383
160366,09771,Bayern,,,2025,,09771,AICHACH-FRIEDBERG,14800,,106.78,,91131,,657.48,,170,,7709,,9412,,643,,17934,,129.39,,21256,,123865,,893.64,,14274,,265,,261,,4824,,14140,,2200,,23,,332,,7149,,1931,,1769644813.78906,340569.553178505
160367,09772,Bayern,,,2025,,09772,AUGSBURG,23732,,90.04,,173990,,660.11,,263,,13181,,12796,,1029,,27269,,103.46,,36108,,224991,,853.6,,22966,,413,,353,,9389,,26810,,4298,,45,,806,,9169,,2821,,2424659427.02393,464930.487793306
160368,09773,Bayern,,,2025,,09773,DILLINGEN A.D.DONAU,9542,,95.29,,68853,,687.56,,45,,5063,,9383,,519,,15010,,149.89,,19698,,93405,,932.73,,9175,,139,,228,,3140,,10893,,1193,,20,,408,,6938,,2037,,1808505732.38232,366801.139047187
160369,09775,Bayern,,,2022,,09775,NEU-ULM,13752,,78.22,,112354,,639.02,,143,,6945,,6367,,592,,14047,,79.89,,21565,,140153,,797.13,,13388,,131,,233,,5801,,14504,,1913,,34,,669,,4061,,1637,,1164314195.36475,223951.392715446
160370,09776,Bayern,,,2022,,09776,LINDAU (BODENSEE),8665,,105.56,,53376,,650.25,,52,,3324,,4996,,283,,8655,,105.44,,9439,,70696,,861.25,,8462,,85,,118,,2659,,10950,,1361,,10,,90,,3741,,1165,,710631411.90332,213024.925843984
160371,09777,Bayern,,,2022,,09777,OSTALLGAEU,13752,,96.91,,94576,,666.46,,50,,6323,,16228,,626,,23227,,163.68,,24003,,131555,,927.05,,13040,,254,,458,,3794,,18095,,2349,,29,,423,,12499,,3306,,3082408357.19043,608342.045337243
160372,09774,Bayern,,,2023,,09774,GUENZBURG,11200,,87.2,,87338,,680.01,,155,,6750,,9821,,801,,17527,,136.46,,22270,,116065,,903.68,,10721,,133,,346,,4031,,12469,,1291,,23,,541,,6732,,2548,,1727201075.146,350384.748208849
160373,09775,Bayern,,,2023,,09775,NEU-ULM,14246,,80.34,,113189,,638.3,,136,,7137,,6489,,602,,14364,,81,,21975,,141799,,799.63,,13868,,153,,225,,5815,,15124,,2090,,36,,694,,4143,,1652,,1164314195.36475,223951.392715446
160374,09776,Bayern,,,2023,,09776,LINDAU (BODENSEE),8858,,107.59,,53868,,654.29,,60,,3434,,5044,,290,,8828,,107.23,,9620,,71554,,869.11,,8644,,100,,114,,2711,,11306,,1496,,9,,88,,3808,,1148,,710631411.90332,213024.925843984
160375,09777,Bayern,,,2023,,09777,OSTALLGAEU,14158,,98.84,,95667,,667.9,,56,,6521,,16568,,632,,23777,,166,,24701,,133602,,932.74,,13428,,278,,452,,3830,,18713,,2578,,30,,445,,12862,,3261,,3082408357.19043,608342.045337243
160376,09774,Bayern,,,2024,,09774,GUENZBURG,11563,,88.87,,88620,,681.11,,165,,6902,,9917,,809,,17793,,136.75,,22814,,117976,,906.73,,11085,,142,,336,,4091,,13182,,1420,,25,,538,,6875,,2504,,1727201075.146,350384.748208849
160377,09775,Bayern,,,2024,,09775,NEU-ULM,14784,,81.94,,114586,,635.09,,139,,7303,,6544,,603,,14589,,80.86,,22356,,143959,,797.89,,14388,,169,,227,,5799,,15965,,2289,,34,,689,,4219,,1636,,1164314195.36475,223951.392715446
160378,09776,Bayern,,,2024,,09776,LINDAU (BODENSEE),9053,,108.56,,54118,,648.95,,66,,3554,,5080,,284,,8984,,107.73,,9775,,72155,,865.24,,8829,,115,,109,,2711,,11559,,1647,,10,,82,,3865,,1133,,710631411.90332,213024.925843984
160379,09777,Bayern,,,2024,,09777,OSTALLGAEU,14512,,99.82,,96686,,665.07,,60,,6811,,16815,,657,,24343,,167.45,,25174,,135541,,932.34,,13772,,300,,440,,3877,,19225,,2836,,29,,472,,13117,,3226,,3082408357.19043,608342.045337243
160380,09774,Bayern,,,2025,,09774,GUENZBURG,11878,,90.41,,89358,,680.18,,167,,7113,,10054,,803,,18137,,138.06,,23239,,119373,,908.64,,11380,,143,,355,,4032,,13769,,1556,,26,,586,,6988,,2480,,1727201075.146,350384.748208849
160381,09775,Bayern,,,2025,,09775,NEU-ULM,15159,,83.02,,115387,,631.91,,168,,7479,,6611,,609,,14867,,81.42,,22659,,145413,,796.35,,14767,,180,,212,,5739,,16770,,2473,,36,,673,,4303,,1635,,1164314195.36475,223951.392715446
160382,09776,Bayern,,,2025,,09776,LINDAU (BODENSEE),9198,,109.93,,54514,,651.53,,70,,3674,,5071,,286,,9101,,108.77,,9926,,72813,,870.23,,8981,,109,,108,,2720,,11893,,1765,,11,,68,,3888,,1115,,710631411.90332,213024.925843984
160383,09777,Bayern,,,2025,,09777,OSTALLGAEU,14891,,101.78,,97232,,664.6,,67,,6960,,16950,,685,,24662,,168.57,,25471,,136785,,934.95,,14161,,305,,425,,3890,,19944,,3039,,29,,443,,13319,,3188,,3082408357.19043,608342.045337243
160384,09778,Bayern,,,2022,,09778,UNTERALLGAEU,14457,,98.91,,101617,,695.23,,115,,6786,,15781,,739,,23421,,160.24,,25271,,139495,,954.37,,13769,,202,,486,,4657,,14302,,1647,,33,,327,,11695,,3759,,2749229789.42773,487967.857489256
160385,09779,Bayern,,,2022,,09779,DONAU-RIES,12139,,90.37,,93723,,697.74,,124,,6252,,14028,,794,,21198,,157.81,,24545,,127060,,945.92,,11595,,163,,381,,3766,,12827,,1414,,24,,567,,10516,,2945,,2935017438.05029,508162.074972842
160386,09780,Bayern,,,2022,,09780,OBERALLGAEU,15518,,99.28,,103738,,663.68,,245,,7119,,12534,,715,,20613,,131.87,,21994,,139869,,894.83,,14978,,192,,348,,4105,,25853,,2875,,9,,256,,10043,,2235,,3355908788.72119,507091.588030714
160387,10041,Saarland,,,2022,,10041,"SAARBRUECKEN,STADTVERB.",18453,,56.34,,192940,,589.13,,504,,13108,,2296,,1045,,16953,,51.76,,24170,,228346,,697.24,,17913,,266,,274,,11450,,21366,,2130,,98,,374,,1516,,406,,964829745.689453,246202.732972649
160388,09778,Bayern,,,2023,,09778,UNTERALLGAEU,14918,,100.95,,102745,,695.28,,132,,7191,,16066,,789,,24178,,163.61,,26087,,141841,,959.84,,14219,,227,,472,,4715,,14849,,1816,,33,,337,,12001,,3728,,2749229789.42773,487967.857489256
160389,09779,Bayern,,,2023,,09779,DONAU-RIES,12429,,92.08,,94656,,701.23,,136,,6398,,14162,,812,,21508,,159.34,,25089,,128593,,952.64,,11885,,186,,358,,3775,,13253,,1573,,25,,550,,10689,,2923,,2935017438.05029,508162.074972842
160390,09780,Bayern,,,2023,,09780,OBERALLGAEU,15889,,101.07,,104550,,665.07,,261,,7384,,12844,,755,,21244,,135.14,,22652,,141683,,901.28,,15345,,208,,336,,4126,,26378,,3174,,9,,275,,10376,,2193,,3355908788.72119,507091.588030714
160391,10041,Saarland,,,2023,,10041,"SAARBRUECKEN,STADTVERB.",18852,,57.6,,192978,,589.63,,489,,13455,,2347,,1058,,17349,,53.01,,24621,,229179,,700.25,,18266,,318,,268,,11407,,22125,,2341,,100,,383,,1564,,400,,964829745.689453,246202.732972649
160392,09778,Bayern,,,2024,,09778,UNTERALLGAEU,15190,,101.22,,104406,,695.72,,134,,7498,,16264,,824,,24720,,164.73,,26685,,144316,,961.67,,14487,,242,,461,,4792,,15591,,1974,,33,,346,,12258,,3660,,2749229789.42773,487967.857489256
160393,09779,Bayern,,,2024,,09779,DONAU-RIES,12718,,92.74,,95459,,696.08,,142,,6627,,14227,,839,,21835,,159.22,,25530,,130012,,948.04,,12182,,184,,352,,3775,,13908,,1717,,26,,538,,10829,,2860,,2935017438.05029,508162.074972842
160394,09780,Bayern,,,2024,,09780,OBERALLGAEU,16147,,101.59,,105272,,662.33,,265,,7614,,12982,,746,,21607,,135.94,,22957,,143026,,899.86,,15597,,226,,324,,4108,,27028,,3431,,6,,273,,10565,,2144,,3355908788.72119,507091.588030714
160395,10041,Saarland,,,2024,,10041,"SAARBRUECKEN,STADTVERB.",19070,,57.64,,193325,,584.33,,481,,13681,,2329,,1071,,17562,,53.08,,24818,,229957,,695.05,,18499,,322,,249,,11217,,22882,,2492,,93,,342,,1601,,386,,964829745.689453,246202.732972649
160396,09778,Bayern,,,2025,,09778,UNTERALLGAEU,15479,,101.94,,105439,,694.42,,130,,7773,,16389,,828,,25120,,165.44,,27135,,146038,,961.8,,14762,,254,,463,,4774,,16306,,2108,,32,,358,,12436,,3595,,2749229789.42773,487967.857489256
160397,09779,Bayern,,,2025,,09779,DONAU-RIES,12936,,93.76,,96144,,696.84,,150,,6829,,14215,,832,,22026,,159.64,,26007,,131106,,950.24,,12412,,186,,338,,3779,,14519,,1861,,27,,561,,10877,,2777,,2935017438.05029,508162.074972842
160398,09780,Bayern,,,2025,,09780,OBERALLGAEU,16453,,103.1,,105785,,662.91,,253,,7958,,13106,,753,,22070,,138.3,,23351,,144308,,904.32,,15894,,236,,323,,4095,,27571,,3658,,7,,250,,10759,,2097,,3355908788.72119,507091.588030714
160399,10042,Saarland,,,2022,,10042,MERZIG-WADERN,7334,,70.88,,72679,,702.41,,176,,4327,,4765,,414,,9682,,93.57,,15556,,89695,,866.86,,6988,,92,,254,,4145,,10532,,981,,22,,268,,3482,,1015,,1318938570.56689,238132.624379865
160400,10043,Saarland,,,2022,,10043,NEUNKIRCHEN,8557,,65.23,,87245,,665.12,,138,,5344,,1966,,358,,7806,,59.51,,15288,,103608,,789.86,,8210,,133,,214,,4917,,10206,,1021,,11,,158,,1397,,411,,584694995.068848,165481.778367031
160401,10044,Saarland,,,2022,,10044,SAARLOUIS,13019,,67.2,,134354,,693.5,,208,,7738,,4043,,747,,12736,,65.74,,21777,,160109,,826.45,,12559,,158,,302,,7831,,14757,,1585,,42,,485,,2801,,757,,1080721275.49561,242920.323361579
160402,10045,Saarland,,,2022,,10045,SAAR-PFALZ-KREIS,9445,,66.68,,98681,,696.62,,135,,6130,,2954,,500,,9719,,68.61,,17730,,117845,,831.91,,9166,,118,,161,,6058,,11901,,1342,,138,,479,,1849,,626,,982562571.597656,243816.209723476
160403,10042,Saarland,,,2023,,10042,MERZIG-WADERN,7470,,72.23,,72846,,704.33,,174,,4427,,4885,,434,,9920,,95.91,,15978,,90236,,872.47,,7125,,91,,254,,4136,,10887,,1068,,22,,296,,3571,,1018,,1318938570.56689,238132.624379865
160404,10043,Saarland,,,2023,,10043,NEUNKIRCHEN,8780,,67.1,,87265,,666.92,,148,,5528,,1971,,356,,8003,,61.16,,15505,,104048,,795.19,,8434,,143,,203,,4847,,10366,,1114,,12,,155,,1415,,401,,584694995.068848,165481.778367031
160405,10044,Saarland,,,2023,,10044,SAARLOUIS,13371,,69.04,,134651,,695.29,,206,,7888,,4099,,754,,12947,,66.85,,22208,,160969,,831.19,,12915,,163,,293,,7767,,15130,,1706,,42,,490,,2866,,743,,1080721275.49561,242920.323361579
160406,10045,Saarland,,,2023,,10045,SAAR-PFALZ-KREIS,9693,,68.76,,98969,,702.11,,127,,6304,,2994,,509,,9934,,70.47,,18062,,118596,,841.35,,9387,,148,,158,,6047,,12295,,1472,,140,,464,,1914,,616,,982562571.597656,243816.209723476
160407,10042,Saarland,,,2024,,10042,MERZIG-WADERN,7526,,72.07,,73314,,702.07,,176,,4469,,4940,,429,,10014,,95.9,,16188,,90854,,870.04,,7200,,98,,228,,4145,,11224,,1152,,23,,301,,3664,,975,,1318938570.56689,238132.624379865
160408,10043,Saarland,,,2024,,10043,NEUNKIRCHEN,8885,,67.17,,87218,,659.33,,155,,5611,,1990,,358,,8114,,61.34,,15729,,104217,,787.83,,8559,,151,,175,,4809,,10714,,1217,,11,,152,,1449,,389,,584694995.068848,165481.778367031
160409,10044,Saarland,,,2024,,10044,SAARLOUIS,13735,,70.17,,135263,,691,,204,,8195,,4130,,780,,13309,,67.99,,22523,,162307,,829.16,,13275,,179,,281,,7647,,15923,,1853,,42,,489,,2911,,730,,1080721275.49561,242920.323361579
160410,10041,Saarland,,,2025,,10041,"SAARBRUECKEN,STADTVERB.",19147,,57.6,,194399,,584.79,,526,,13813,,2323,,1112,,17774,,53.47,,25071,,231320,,695.85,,18560,,326,,261,,11019,,23779,,2723,,91,,330,,1625,,368,,964829745.689453,246202.732972649
160411,10042,Saarland,,,2025,,10042,MERZIG-WADERN,7568,,72.54,,73722,,706.64,,168,,4606,,4989,,409,,10172,,97.5,,16299,,91462,,876.69,,7229,,106,,233,,4163,,11706,,1245,,22,,319,,3717,,953,,1318938570.56689,238132.624379865
160412,10043,Saarland,,,2025,,10043,NEUNKIRCHEN,8995,,67.94,,87597,,661.64,,153,,5721,,1990,,365,,8229,,62.16,,16026,,104821,,791.74,,8680,,150,,165,,4744,,11109,,1302,,10,,149,,1450,,391,,584694995.068848,165481.778367031
160413,10044,Saarland,,,2025,,10044,SAARLOUIS,13789,,70.37,,135651,,692.29,,209,,8564,,4150,,770,,13693,,69.88,,22924,,163133,,832.54,,13320,,185,,284,,7569,,16682,,2032,,45,,489,,2956,,705,,1080721275.49561,242920.323361579
160414,10046,Saarland,,,2022,,10046,SANKT WENDEL,7336,,84.85,,62369,,721.38,,34,,3390,,3662,,300,,7386,,85.43,,13939,,77091,,891.66,,7037,,76,,223,,3374,,8512,,951,,23,,155,,2560,,947,,1129109464.75293,226144.478233359
160415,11000,Berlin,,,2022,,11000,BERLIN,113939,,31.1,,1241793,,338.91,,2309,,114693,,7296,,9428,,133726,,36.5,,99402,,1489458,,406.5,,111551,,1569,,819,,46990,,134392,,16734,,1317,,3932,,3021,,343,,2402424009.88867,365254.632252369
160416,12051,Brandenburg,,,2022,,12051,"BRANDENBURG/HAVEL,STADT",2514,,34.9,,35077,,486.91,,40,,3118,,446,,264,,3868,,53.69,,6993,,41459,,575.5,,2450,,9,,55,,756,,3342,,437,,8,,171,,261,,14,,615603479.230469,232683.614063637
160417,12052,Brandenburg,,,2022,,12052,"COTTBUS, STADT",3473,,35.19,,49062,,497.12,,123,,4555,,760,,411,,5849,,59.26,,8141,,58384,,591.57,,3399,,12,,62,,852,,4761,,406,,30,,187,,505,,68,,430343068.889648,141552.060090238
160418,10046,Saarland,,,2023,,10046,SANKT WENDEL,7573,,87.88,,63251,,734.03,,27,,3531,,3701,,302,,7561,,87.75,,14133,,78385,,909.66,,7276,,88,,209,,3341,,8695,,1030,,21,,152,,2619,,930,,1129109464.75293,226144.478233359
160419,11000,Berlin,,,2023,,11000,BERLIN,120813,,32.85,,1242504,,337.87,,2251,,115362,,7476,,9529,,134618,,36.61,,101053,,1497935,,407.33,,118332,,1628,,853,,46772,,142727,,17975,,1320,,3922,,3216,,338,,2402424009.88867,365254.632252369
160420,12051,Brandenburg,,,2023,,12051,"BRANDENBURG/HAVEL,STADT",2604,,35.94,,34961,,482.48,,42,,3131,,465,,263,,3901,,53.84,,7277,,41466,,572.25,,2542,,16,,46,,750,,3548,,491,,8,,184,,265,,16,,615603479.230469,232683.614063637
160421,10045,Saarland,,,2024,,10045,SAAR-PFALZ-KREIS,9876,,69.34,,99320,,697.38,,109,,6523,,3014,,522,,10168,,71.39,,18357,,119364,,838.12,,9568,,155,,153,,6014,,12722,,1604,,140,,446,,1953,,615,,982562571.597656,243816.209723476
160422,10046,Saarland,,,2024,,10046,SANKT WENDEL,7614,,87.58,,63118,,725.98,,25,,3637,,3770,,320,,7752,,89.16,,14312,,78484,,902.72,,7331,,86,,197,,3344,,8915,,1124,,24,,167,,2698,,905,,1129109464.75293,226144.478233359
160423,11000,Berlin,,,2024,,11000,BERLIN,120600,,32.12,,1244061,,331.29,,2431,,118034,,7448,,9478,,137391,,36.59,,101706,,1502052,,399.99,,118043,,1714,,843,,46305,,149807,,19029,,1328,,3769,,3344,,335,,2402424009.88867,365254.632252369
160424,12051,Brandenburg,,,2024,,12051,"BRANDENBURG/HAVEL,STADT",2663,,36.18,,35183,,477.97,,44,,3208,,452,,276,,3980,,54.07,,7491,,41826,,568.22,,2606,,14,,43,,736,,3820,,514,,5,,171,,266,,15,,615603479.230469,232683.614063637
160425,10045,Saarland,,,2025,,10045,SAAR-PFALZ-KREIS,9913,,69.64,,99668,,700.19,,110,,6703,,3062,,528,,10403,,73.08,,18558,,119984,,842.92,,9605,,156,,152,,5888,,13129,,1741,,145,,448,,1992,,622,,982562571.597656,243816.209723476
160426,10046,Saarland,,,2025,,10046,SANKT WENDEL,7648,,87.92,,62557,,719.15,,25,,3676,,3787,,328,,7816,,89.85,,14514,,78021,,896.92,,7369,,95,,184,,3257,,9067,,1201,,26,,169,,2736,,882,,1129109464.75293,226144.478233359
160427,11000,Berlin,,,2025,,11000,BERLIN,121743,,32.19,,1232689,,325.92,,2432,,118766,,7122,,9594,,137914,,36.46,,101841,,1492346,,394.57,,119260,,1702,,781,,45663,,156602,,20008,,1329,,3303,,3492,,327,,2402424009.88867,365254.632252369
160428,12051,Brandenburg,,,2025,,12051,"BRANDENBURG/HAVEL,STADT",2735,,37,,35064,,474.34,,44,,3273,,462,,268,,4047,,54.75,,7655,,41846,,566.09,,2678,,15,,42,,713,,3824,,578,,10,,180,,270,,12,,615603479.230469,232683.614063637
160429,12053,Brandenburg,,,2022,,12053,"FRANKFURT/ODER,STADT",2096,,36.76,,28366,,497.52,,37,,3482,,440,,241,,4200,,73.66,,4113,,34662,,607.95,,2045,,17,,34,,510,,2932,,193,,22,,84,,324,,32,,394946318.607422,108494.855294736
160430,12054,Brandenburg,,,2022,,12054,"POTSDAM,STADT",6001,,32.95,,77538,,425.77,,174,,5903,,489,,447,,7013,,38.51,,8333,,90552,,497.23,,5889,,55,,57,,2404,,8289,,1077,,27,,134,,342,,13,,501919704.604492,157990.46772813
160431,12060,Brandenburg,,,2022,,12060,BARNIM,12154,,64.88,,108875,,581.15,,195,,10740,,2495,,720,,14150,,75.53,,26152,,135179,,721.56,,11842,,113,,199,,2591,,12170,,1766,,58,,457,,1880,,158,,4048636614.32324,564378.475959782
160432,12052,Brandenburg,,,2023,,12052,"COTTBUS, STADT",3624,,36.84,,48656,,494.68,,135,,4622,,763,,414,,5934,,60.33,,8224,,58214,,591.85,,3551,,14,,59,,851,,4952,,446,,32,,173,,525,,65,,430343068.889648,141552.060090238
160433,12053,Brandenburg,,,2023,,12053,"FRANKFURT/ODER,STADT",2164,,38.18,,28185,,497.27,,38,,3542,,493,,271,,4344,,76.64,,4228,,34693,,612.1,,2118,,17,,29,,496,,3016,,209,,24,,114,,346,,33,,394946318.607422,108494.855294736
160434,12054,Brandenburg,,,2023,,12054,"POTSDAM,STADT",6128,,33.46,,77158,,421.27,,172,,5839,,493,,470,,6974,,38.08,,8472,,90260,,492.81,,6015,,55,,58,,2352,,8568,,1206,,25,,120,,361,,12,,501919704.604492,157990.46772813
160435,12060,Brandenburg,,,2023,,12060,BARNIM,12604,,66.75,,109586,,580.33,,202,,10856,,2608,,736,,14402,,76.27,,26945,,136592,,723.34,,12297,,124,,183,,2658,,12638,,1957,,60,,484,,1960,,164,,4048636614.32324,564378.475959782
160436,12052,Brandenburg,,,2024,,12052,"COTTBUS, STADT",3711,,37.29,,48621,,488.58,,138,,4655,,782,,415,,5990,,60.19,,8247,,58322,,586.06,,3645,,14,,52,,850,,5210,,505,,34,,167,,550,,65,,430343068.889648,141552.060090238
160437,12053,Brandenburg,,,2024,,12053,"FRANKFURT/ODER,STADT",2177,,37.39,,28253,,485.2,,38,,3608,,605,,278,,4529,,77.78,,4365,,34959,,600.36,,2135,,17,,25,,494,,3168,,245,,25,,207,,368,,30,,394946318.607422,108494.855294736
160438,12054,Brandenburg,,,2024,,12054,"POTSDAM,STADT",6284,,33.83,,76804,,413.48,,174,,5794,,485,,460,,6913,,37.22,,8432,,90001,,484.53,,6171,,58,,55,,2355,,8886,,1317,,24,,100,,374,,11,,501919704.604492,157990.46772813
160439,12060,Brandenburg,,,2024,,12060,BARNIM,13030,,67.92,,110690,,576.96,,234,,11083,,2669,,756,,14742,,76.84,,27320,,138462,,721.72,,12728,,131,,171,,2675,,13235,,2171,,50,,537,,1971,,161,,4048636614.32324,564378.475959782
160440,12052,Brandenburg,,,2025,,12052,"COTTBUS, STADT",3813,,38.13,,48574,,485.69,,157,,4644,,778,,411,,5990,,59.89,,8302,,58377,,583.71,,3749,,18,,46,,843,,5382,,550,,33,,169,,546,,63,,430343068.889648,141552.060090238
160441,12053,Brandenburg,,,2025,,12053,"FRANKFURT/ODER,STADT",2220,,37.74,,28281,,480.82,,36,,3682,,644,,287,,4649,,79.04,,4401,,35150,,597.61,,2179,,16,,25,,480,,3283,,287,,26,,228,,385,,31,,394946318.607422,108494.855294736
160442,12054,Brandenburg,,,2025,,12054,"POTSDAM,STADT",6470,,34.58,,77194,,412.54,,166,,5887,,480,,465,,6998,,37.4,,8465,,90662,,484.52,,6361,,59,,50,,2366,,9330,,1421,,28,,92,,374,,14,,501919704.604492,157990.46772813
160443,12060,Brandenburg,,,2025,,12060,BARNIM,13508,,69.97,,112138,,580.88,,245,,11381,,2723,,765,,15114,,78.29,,27773,,140760,,729.14,,13216,,130,,162,,2670,,14063,,2377,,51,,553,,2008,,162,,4048636614.32324,564378.475959782
160444,12061,Brandenburg,,,2022,,12061,DAHME-SPREEWALD,11211,,64.69,,107311,,619.16,,208,,11610,,4517,,937,,17272,,99.66,,28987,,135794,,783.51,,10941,,85,,185,,2831,,12163,,1430,,46,,813,,3344,,360,,6005924341.5625,708620.457220255
160445,12062,Brandenburg,,,2022,,12062,ELBE-ELSTER,6366,,62.98,,63445,,627.64,,128,,6985,,4933,,697,,12743,,126.06,,19343,,82554,,816.68,,6092,,28,,246,,1052,,6324,,549,,37,,297,,4176,,460,,4919712786.15625,492175.15878066
160446,12063,Brandenburg,,,2022,,12063,HAVELLAND,10436,,63.37,,96174,,583.96,,139,,9761,,2601,,831,,13332,,80.95,,25211,,119942,,728.28,,10152,,96,,188,,2985,,10817,,1508,,34,,445,,2025,,131,,4678686506.58984,564237.484613459
160447,12064,Brandenburg,,,2022,,12064,MAERKISCH-ODERLAND,13609,,69.01,,119661,,606.82,,145,,13163,,3968,,1049,,18325,,92.93,,29973,,151595,,768.76,,13233,,124,,252,,2615,,13399,,1658,,40,,606,,3158,,204,,5840118071.64746,519550.687556156
160448,12061,Brandenburg,,,2023,,12061,DAHME-SPREEWALD,11669,,66.36,,108011,,614.28,,211,,11908,,4610,,949,,17678,,100.54,,29661,,137358,,781.18,,11380,,106,,183,,2833,,12903,,1550,,46,,794,,3456,,360,,6005924341.5625,708620.457220255
160449,12062,Brandenburg,,,2023,,12062,ELBE-ELSTER,6520,,64.99,,63440,,632.4,,149,,7112,,5059,,716,,13036,,129.95,,19866,,82996,,827.34,,6266,,34,,220,,1065,,6576,,619,,38,,277,,4328,,454,,4919712786.15625,492175.15878066
160450,12063,Brandenburg,,,2023,,12063,HAVELLAND,10784,,65,,96907,,584.11,,149,,9869,,2632,,840,,13490,,81.31,,25924,,121181,,730.42,,10488,,106,,190,,3047,,11390,,1648,,34,,431,,2067,,134,,4678686506.58984,564237.484613459
160451,12064,Brandenburg,,,2023,,12064,MAERKISCH-ODERLAND,14191,,71.68,,120407,,608.22,,155,,13471,,3982,,1076,,18684,,94.38,,30774,,153282,,774.29,,13813,,130,,248,,2684,,13995,,1872,,41,,548,,3223,,211,,5840118071.64746,519550.687556156
160452,12061,Brandenburg,,,2024,,12061,DAHME-SPREEWALD,12065,,67.41,,109136,,609.81,,208,,12128,,4668,,962,,17966,,100.39,,30269,,139167,,777.61,,11786,,101,,178,,2879,,13546,,1688,,47,,792,,3514,,362,,6005924341.5625,708620.457220255
160453,12062,Brandenburg,,,2024,,12062,ELBE-ELSTER,6710,,66.5,,63724,,631.54,,135,,7446,,5151,,715,,13447,,133.27,,20532,,83881,,831.31,,6461,,37,,212,,1070,,7295,,664,,35,,260,,4439,,452,,4919712786.15625,492175.15878066
160454,12063,Brandenburg,,,2024,,12063,HAVELLAND,11135,,65.76,,97976,,578.6,,140,,9860,,2685,,861,,13546,,80,,26442,,122657,,724.35,,10837,,120,,178,,3076,,11990,,1797,,35,,415,,2138,,132,,4678686506.58984,564237.484613459
160455,12064,Brandenburg,,,2024,,12064,MAERKISCH-ODERLAND,14645,,73.12,,121488,,606.55,,167,,13913,,4040,,1146,,19266,,96.19,,31312,,155399,,775.86,,14259,,153,,233,,2702,,14601,,2076,,40,,537,,3302,,201,,5840118071.64746,519550.687556156
160456,12061,Brandenburg,,,2025,,12061,DAHME-SPREEWALD,12451,,69.08,,110731,,614.35,,204,,12348,,4672,,956,,18180,,100.86,,30777,,141362,,784.29,,12155,,117,,179,,2893,,14406,,1872,,48,,766,,3546,,360,,6005924341.5625,708620.457220255
160457,12062,Brandenburg,,,2025,,12062,ELBE-ELSTER,6823,,68.28,,63711,,637.55,,133,,7650,,5213,,710,,13706,,137.15,,20866,,84240,,842.98,,6580,,40,,203,,1069,,7622,,719,,34,,254,,4512,,447,,4919712786.15625,492175.15878066
160458,12063,Brandenburg,,,2025,,12063,HAVELLAND,11437,,67.06,,99088,,580.97,,150,,9968,,2687,,900,,13705,,80.35,,26959,,124230,,728.38,,11143,,134,,160,,3031,,12703,,1986,,38,,412,,2146,,129,,4678686506.58984,564237.484613459
160459,12065,Brandenburg,,,2022,,12065,OBERHAVEL,14509,,67.73,,126337,,589.71,,141,,12510,,3203,,820,,16674,,77.83,,29892,,157520,,735.27,,14144,,144,,221,,3766,,13745,,1929,,43,,682,,2327,,194,,4961125097.76074,597144.534550792
160460,12066,Brandenburg,,,2022,,12066,OBERSPREEWALD-LAUSITZ,6202,,57.22,,65553,,604.75,,38,,6418,,3109,,681,,10246,,94.52,,18137,,82001,,756.49,,6007,,27,,168,,987,,6374,,559,,37,,362,,2357,,390,,3167863285.63477,409187.486513139
160461,12067,Brandenburg,,,2022,,12067,ODER-SPREE,10405,,58.04,,108575,,605.63,,139,,11492,,4028,,904,,16563,,92.39,,27613,,135543,,756.06,,10141,,54,,210,,2359,,12560,,1457,,56,,625,,3147,,256,,6010896307.81152,613062.690184724
160462,12068,Brandenburg,,,2022,,12068,OSTPRIGNITZ-RUPPIN,5943,,60.15,,59034,,597.46,,136,,7218,,3548,,721,,11623,,117.63,,21981,,76600,,775.24,,5720,,19,,204,,1112,,6630,,814,,33,,265,,3026,,257,,6958733101.94434,632798.822305163
160463,12065,Brandenburg,,,2023,,12065,OBERHAVEL,14998,,69.5,,125830,,583.1,,136,,12737,,3274,,850,,16997,,78.76,,30630,,157825,,731.37,,14626,,162,,210,,3775,,14286,,2134,,45,,690,,2386,,198,,4961125097.76074,597144.534550792
160464,12066,Brandenburg,,,2023,,12066,OBERSPREEWALD-LAUSITZ,6449,,59.96,,65329,,607.38,,42,,6559,,3194,,700,,10495,,97.58,,18605,,82273,,764.92,,6259,,32,,158,,1008,,6605,,628,,38,,341,,2470,,383,,3167863285.63477,409187.486513139
160465,12067,Brandenburg,,,2023,,12067,ODER-SPREE,10878,,60.69,,109195,,609.19,,154,,11631,,4154,,929,,16868,,94.11,,28339,,136941,,763.99,,10606,,69,,203,,2408,,13165,,1613,,56,,618,,3275,,261,,6010896307.81152,613062.690184724
160466,12068,Brandenburg,,,2023,,12068,OSTPRIGNITZ-RUPPIN,6155,,62.28,,59072,,597.72,,139,,7399,,3588,,714,,11840,,119.8,,22514,,77067,,779.8,,5932,,23,,200,,1110,,6921,,913,,32,,235,,3090,,263,,6958733101.94434,632798.822305163
160467,12065,Brandenburg,,,2024,,12065,OBERHAVEL,15408,,70.5,,126219,,577.53,,132,,12725,,3320,,884,,17061,,78.06,,31267,,158688,,726.09,,15043,,163,,202,,3856,,14954,,2284,,45,,703,,2426,,191,,4961125097.76074,597144.534550792
160468,12066,Brandenburg,,,2024,,12066,OBERSPREEWALD-LAUSITZ,6574,,60.72,,65275,,602.93,,44,,6629,,3222,,721,,10616,,98.06,,18935,,82465,,761.71,,6381,,40,,153,,1000,,6918,,704,,38,,322,,2516,,384,,3167863285.63477,409187.486513139
160469,12067,Brandenburg,,,2024,,12067,ODER-SPREE,11172,,61.25,,109632,,601.05,,155,,11784,,4207,,949,,17095,,93.72,,28743,,137899,,756.02,,10896,,79,,197,,2423,,13814,,1764,,64,,584,,3367,,256,,6010896307.81152,613062.690184724
160470,12064,Brandenburg,,,2025,,12064,MAERKISCH-ODERLAND,15044,,74.8,,122737,,610.29,,164,,14290,,4087,,1143,,19684,,97.88,,31721,,157465,,782.98,,14673,,156,,215,,2714,,15351,,2290,,43,,553,,3337,,197,,5840118071.64746,519550.687556156
160471,12065,Brandenburg,,,2025,,12065,OBERHAVEL,15768,,72.05,,127835,,584.11,,135,,12939,,3333,,873,,17280,,78.96,,31656,,160883,,735.11,,15419,,166,,183,,3863,,15661,,2501,,48,,691,,2447,,195,,4961125097.76074,597144.534550792
160472,12066,Brandenburg,,,2025,,12066,OBERSPREEWALD-LAUSITZ,6680,,62.11,,65392,,608.03,,43,,6862,,3284,,702,,10891,,101.27,,19178,,82963,,771.41,,6493,,42,,145,,1017,,7298,,775,,38,,315,,2588,,381,,3167863285.63477,409187.486513139
160473,12067,Brandenburg,,,2025,,12067,ODER-SPREE,11334,,61.95,,110424,,603.54,,149,,11831,,4299,,959,,17238,,94.22,,29132,,138996,,759.71,,11068,,87,,179,,2472,,14544,,1963,,62,,578,,3475,,246,,6010896307.81152,613062.690184724
160474,12069,Brandenburg,,,2022,,12069,POTSDAM-MITTELMARK,13799,,63.31,,131389,,602.83,,272,,13809,,5030,,1230,,20341,,93.33,,31420,,165529,,759.47,,13371,,110,,318,,4681,,15599,,2040,,54,,530,,4119,,381,,6905662978.71582,772149.28058863
160475,12070,Brandenburg,,,2022,,12070,PRIGNITZ,3890,,51.12,,46487,,610.9,,101,,5692,,3736,,619,,10148,,133.36,,16274,,60525,,795.38,,3697,,20,,173,,822,,5551,,597,,25,,262,,3268,,206,,5924117097.44922,523856.469971559
160476,12071,Brandenburg,,,2022,,12071,SPREE-NEISSE,7143,,63.21,,71078,,628.95,,103,,7844,,3839,,763,,12549,,111.04,,21145,,90770,,803.2,,6912,,46,,185,,1330,,7799,,650,,44,,457,,3010,,372,,4318472137.79883,564587.623219757
160477,12072,Brandenburg,,,2022,,12072,TELTOW-FLAEMING,11949,,69.65,,106104,,618.49,,175,,12183,,3833,,1677,,17868,,104.15,,25050,,135921,,792.29,,11644,,107,,198,,3051,,11586,,1321,,58,,915,,2637,,281,,5559843946.86914,519394.0446667
160478,12069,Brandenburg,,,2023,,12069,POTSDAM-MITTELMARK,14291,,65.1,,132024,,601.42,,286,,13884,,5184,,1268,,20622,,93.94,,32317,,166937,,760.46,,13875,,110,,306,,4745,,16173,,2284,,56,,533,,4267,,384,,6905662978.71582,772149.28058863
160479,12070,Brandenburg,,,2023,,12070,PRIGNITZ,3991,,52.81,,46608,,616.72,,103,,5841,,3790,,647,,10381,,137.36,,16773,,60980,,806.89,,3809,,22,,160,,813,,5751,,647,,27,,251,,3332,,207,,5924117097.44922,523856.469971559
160480,12071,Brandenburg,,,2023,,12071,SPREE-NEISSE,7402,,66.12,,71075,,634.85,,106,,8022,,3984,,771,,12883,,115.07,,21627,,91360,,816.04,,7167,,49,,186,,1345,,8115,,758,,44,,444,,3175,,365,,4318472137.79883,564587.623219757
160481,12068,Brandenburg,,,2024,,12068,OSTPRIGNITZ-RUPPIN,6284,,62.92,,59485,,595.62,,145,,7476,,3634,,718,,11973,,119.88,,22972,,77742,,778.42,,6066,,29,,189,,1147,,7203,,1013,,35,,221,,3157,,256,,6958733101.94434,632798.822305163
160482,12069,Brandenburg,,,2024,,12069,POTSDAM-MITTELMARK,14673,,65.93,,133323,,599.02,,293,,14122,,5217,,1278,,20910,,93.95,,32869,,168906,,758.89,,14261,,115,,297,,4804,,16994,,2508,,60,,503,,4328,,386,,6905662978.71582,772149.28058863
160483,12070,Brandenburg,,,2024,,12070,PRIGNITZ,4075,,53.59,,46133,,606.65,,100,,5894,,3834,,666,,10494,,138,,17055,,60702,,798.24,,3906,,22,,147,,821,,5901,,727,,27,,256,,3379,,199,,5924117097.44922,523856.469971559
160484,12071,Brandenburg,,,2024,,12071,SPREE-NEISSE,7607,,67.62,,71257,,633.43,,100,,8137,,4065,,771,,13073,,116.21,,21906,,91937,,817.27,,7381,,47,,179,,1335,,8493,,832,,39,,446,,3259,,360,,4318472137.79883,564587.623219757
160485,12068,Brandenburg,,,2025,,12068,OSTPRIGNITZ-RUPPIN,6406,,64.11,,59508,,595.5,,139,,7537,,3657,,736,,12069,,120.78,,23253,,77983,,780.38,,6188,,31,,187,,1156,,7488,,1126,,34,,202,,3204,,251,,6958733101.94434,632798.822305163
160486,12069,Brandenburg,,,2025,,12069,POTSDAM-MITTELMARK,14993,,67.07,,134754,,602.84,,287,,14325,,5327,,1276,,21215,,94.91,,33462,,170962,,764.82,,14588,,123,,282,,4827,,17879,,2749,,62,,504,,4430,,393,,6905662978.71582,772149.28058863
160487,12070,Brandenburg,,,2025,,12070,PRIGNITZ,4196,,55.33,,46130,,608.29,,100,,6021,,3837,,656,,10614,,139.96,,17247,,60940,,803.58,,4034,,26,,136,,809,,6143,,821,,26,,267,,3373,,197,,5924117097.44922,523856.469971559
160488,12071,Brandenburg,,,2025,,12071,SPREE-NEISSE,7765,,69.35,,71289,,636.7,,104,,8239,,4155,,795,,13293,,118.72,,22207,,92347,,824.78,,7549,,51,,165,,1355,,8876,,901,,44,,455,,3335,,365,,4318472137.79883,564587.623219757
160489,12073,Brandenburg,,,2022,,12073,UCKERMARK,6955,,58.82,,68585,,580,,172,,7072,,4300,,866,,12410,,104.95,,20933,,87950,,743.76,,6704,,30,,221,,1023,,8124,,671,,47,,457,,3655,,188,,8558935105.51953,655456.439125878
160490,13003,Mecklenburg-Vorpommern,,,2022,,13003,"ROSTOCK, STADT",5251,,25.12,,87057,,416.42,,108,,6332,,1125,,559,,8124,,38.86,,22063,,100432,,480.4,,5136,,44,,71,,1753,,8295,,1292,,53,,739,,369,,17,,527900147.869141,150967.197306819
160491,13004,Mecklenburg-Vorpommern,,,2022,,13004,"SCHWERIN, STADT",2326,,24.33,,44702,,467.55,,54,,3514,,292,,987,,4847,,50.7,,5909,,51875,,542.57,,2282,,14,,30,,804,,4333,,665,,39,,80,,195,,17,,369112433.198242,117100.150214639
160492,12072,Brandenburg,,,2023,,12072,TELTOW-FLAEMING,12358,,71.62,,107428,,622.61,,172,,12135,,3971,,1764,,18042,,104.56,,25851,,137828,,798.79,,12034,,123,,201,,3082,,12243,,1480,,56,,997,,2699,,275,,5559843946.86914,519394.0446667
160493,12073,Brandenburg,,,2023,,12073,UCKERMARK,7230,,61.62,,68453,,583.39,,172,,7262,,4404,,893,,12731,,108.5,,21405,,88414,,753.51,,6998,,34,,198,,1035,,8455,,745,,47,,431,,3787,,186,,8558935105.51953,655456.439125878
160494,13003,Mecklenburg-Vorpommern,,,2023,,13003,"ROSTOCK, STADT",5287,,25.37,,86347,,414.33,,120,,6446,,1207,,551,,8324,,39.94,,23315,,99958,,479.64,,5172,,47,,68,,1734,,8454,,1430,,55,,798,,393,,16,,527900147.869141,150967.197306819
160495,13004,Mecklenburg-Vorpommern,,,2023,,13004,"SCHWERIN, STADT",2427,,25.35,,44642,,466.28,,58,,3638,,299,,1011,,5006,,52.29,,6046,,52075,,543.92,,2381,,18,,28,,831,,4570,,744,,38,,78,,203,,18,,369112433.198242,117100.150214639
160496,12072,Brandenburg,,,2024,,12072,TELTOW-FLAEMING,12767,,72.27,,109099,,617.61,,180,,12528,,4061,,1843,,18612,,105.36,,26702,,140478,,795.24,,12460,,119,,188,,3157,,12970,,1641,,53,,986,,2799,,276,,5559843946.86914,519394.0446667
160497,12073,Brandenburg,,,2024,,12073,UCKERMARK,7421,,62.97,,68684,,582.83,,175,,7395,,4563,,917,,13050,,110.74,,21754,,89155,,756.54,,7192,,40,,189,,1044,,8779,,847,,51,,428,,3946,,189,,8558935105.51953,655456.439125878
160498,13003,Mecklenburg-Vorpommern,,,2024,,13003,"ROSTOCK, STADT",5354,,25.5,,86409,,411.63,,136,,6566,,1191,,554,,8447,,40.24,,23278,,100210,,477.37,,5238,,51,,65,,1718,,8794,,1546,,56,,785,,388,,18,,527900147.869141,150967.197306819
160499,13004,Mecklenburg-Vorpommern,,,2024,,13004,"SCHWERIN, STADT",2485,,25.2,,44731,,453.68,,58,,3669,,305,,1045,,5077,,51.49,,6147,,52293,,530.38,,2441,,21,,23,,839,,4778,,822,,42,,68,,224,,13,,369112433.198242,117100.150214639
160500,12072,Brandenburg,,,2025,,12072,TELTOW-FLAEMING,13135,,73.59,,110695,,620.2,,183,,12907,,4139,,1864,,19093,,106.97,,27117,,142923,,800.77,,12821,,129,,185,,3132,,13742,,1814,,51,,1012,,2850,,277,,5559843946.86914,519394.0446667
160501,12073,Brandenburg,,,2025,,12073,UCKERMARK,7541,,64.01,,68643,,582.69,,170,,7677,,4563,,891,,13301,,112.91,,22090,,89485,,759.62,,7317,,39,,185,,1058,,9144,,919,,51,,426,,3953,,184,,8558935105.51953,655456.439125878
160502,13003,Mecklenburg-Vorpommern,,,2025,,13003,"ROSTOCK, STADT",5487,,26.03,,86405,,409.9,,140,,6621,,1178,,542,,8481,,40.23,,23697,,100373,,476.16,,5367,,54,,66,,1716,,9237,,1653,,57,,758,,401,,19,,527900147.869141,150967.197306819
160503,13004,Mecklenburg-Vorpommern,,,2025,,13004,"SCHWERIN, STADT",2529,,25.61,,45343,,459.25,,60,,3812,,313,,1072,,5257,,53.24,,6252,,53129,,538.11,,2488,,22,,19,,833,,4974,,870,,41,,66,,229,,18,,369112433.198242,117100.150214639
160504,13071,Mecklenburg-Vorpommern,,,2022,,13071,MECKLENBURGISCHE SEENPLA,14007,,54.28,,146616,,568.15,,305,,16970,,7520,,1581,,26376,,102.21,,43521,,186999,,724.64,,13490,,102,,415,,2317,,17388,,1894,,105,,1246,,6057,,217,,15533808712.4688,868772.478795528
160505,13072,Mecklenburg-Vorpommern,,,2022,,13072,ROSTOCK,11578,,53.34,,128424,,591.62,,222,,15145,,6544,,1493,,23404,,107.82,,36102,,163406,,752.77,,11204,,97,,277,,2844,,15911,,1858,,77,,1163,,5184,,197,,9864302852.85254,799089.349679871
160506,13073,Mecklenburg-Vorpommern,,,2022,,13073,VORPOMMERN-RUEGEN,10768,,47.78,,125981,,558.96,,241,,13603,,4821,,1199,,19864,,88.13,,34289,,156613,,694.87,,10384,,102,,282,,2718,,15830,,2010,,88,,565,,4103,,153,,9411967549.38184,1869068.5138768
160507,13074,Mecklenburg-Vorpommern,,,2022,,13074,NORDWESTMECKLENBURG,8908,,56.39,,91926,,581.9,,216,,9545,,4491,,880,,15132,,95.79,,23774,,115966,,734.08,,8640,,52,,216,,2041,,10356,,1472,,45,,458,,3785,,248,,6088410585.02393,713306.722060651
160508,13071,Mecklenburg-Vorpommern,,,2023,,13071,MECKLENBURGISCHE SEENPLA,14605,,56.71,,146410,,568.53,,318,,17117,,7789,,1651,,26875,,104.36,,44722,,187890,,729.6,,14077,,107,,421,,2358,,18024,,2156,,105,,1209,,6360,,220,,15533808712.4688,868772.478795528
160509,13072,Mecklenburg-Vorpommern,,,2023,,13072,ROSTOCK,11953,,54.88,,129161,,593.04,,235,,15498,,6772,,1552,,24057,,110.46,,37335,,165171,,758.37,,11593,,95,,265,,2910,,16503,,2134,,80,,1168,,5406,,198,,9864302852.85254,799089.349679871
160510,13073,Mecklenburg-Vorpommern,,,2023,,13073,VORPOMMERN-RUEGEN,11448,,50.68,,126076,,558.11,,263,,13897,,5022,,1273,,20455,,90.55,,35136,,157979,,699.33,,11066,,112,,270,,2781,,16355,,2253,,87,,576,,4296,,150,,9411967549.38184,1869068.5138768
160511,13074,Mecklenburg-Vorpommern,,,2023,,13074,NORDWESTMECKLENBURG,9285,,58.6,,92201,,581.9,,212,,9718,,4640,,906,,15476,,97.67,,24581,,116962,,738.17,,9009,,65,,211,,2050,,10712,,1647,,59,,458,,3937,,245,,6088410585.02393,713306.722060651
160512,13071,Mecklenburg-Vorpommern,,,2024,,13071,MECKLENBURGISCHE SEENPLA,14953,,57.61,,146981,,566.25,,325,,17492,,7928,,1708,,27453,,105.76,,45628,,189387,,729.62,,14438,,110,,405,,2377,,18827,,2384,,108,,1182,,6517,,229,,15533808712.4688,868772.478795528
160513,13072,Mecklenburg-Vorpommern,,,2024,,13072,ROSTOCK,12346,,55.91,,129829,,587.98,,231,,15947,,7017,,1555,,24750,,112.09,,38344,,166925,,755.98,,12001,,96,,249,,2895,,17174,,2402,,74,,1210,,5614,,193,,9864302852.85254,799089.349679871
160514,13073,Mecklenburg-Vorpommern,,,2024,,13073,VORPOMMERN-RUEGEN,11932,,52.41,,126499,,555.59,,257,,13976,,5104,,1312,,20649,,90.69,,35707,,159080,,698.69,,11557,,115,,260,,2821,,16892,,2468,,92,,556,,4396,,152,,9411967549.38184,1869068.5138768
160515,13074,Mecklenburg-Vorpommern,,,2024,,13074,NORDWESTMECKLENBURG,9576,,59.74,,92624,,577.86,,223,,9894,,4730,,917,,15764,,98.35,,25089,,117964,,735.95,,9313,,78,,185,,2067,,11156,,1768,,58,,460,,4027,,243,,6088410585.02393,713306.722060651
160516,13071,Mecklenburg-Vorpommern,,,2025,,13071,MECKLENBURGISCHE SEENPLA,15232,,58.74,,147450,,568.62,,324,,17793,,8057,,1701,,27875,,107.5,,46416,,190557,,734.86,,14730,,120,,382,,2414,,19492,,2651,,109,,1154,,6671,,232,,15533808712.4688,868772.478795528
160517,13072,Mecklenburg-Vorpommern,,,2025,,13072,ROSTOCK,12803,,57.82,,130712,,590.31,,279,,16310,,7109,,1596,,25294,,114.23,,38988,,168809,,762.35,,12456,,109,,238,,2886,,17902,,2645,,73,,1221,,5690,,198,,9864302852.85254,799089.349679871
160518,13073,Mecklenburg-Vorpommern,,,2025,,13073,VORPOMMERN-RUEGEN,12082,,53.05,,126916,,557.27,,272,,14253,,5188,,1308,,21021,,92.3,,36099,,160019,,702.62,,11708,,119,,255,,2835,,17452,,2707,,99,,539,,4504,,145,,9411967549.38184,1869068.5138768
160519,13075,Mecklenburg-Vorpommern,,,2022,,13075,VORPOMMERN-GREIFSWALD,12295,,52.15,,127304,,539.94,,274,,12840,,5436,,1173,,19723,,83.65,,35528,,159322,,675.74,,11920,,80,,295,,2065,,15267,,1474,,103,,461,,4756,,219,,11300603620.0156,1331768.00046556
160520,13076,Mecklenburg-Vorpommern,,,2022,,13076,LUDWIGSLUST-PARCHIM,12520,,59.1,,129388,,610.77,,265,,14154,,8590,,1392,,24401,,115.18,,44296,,166309,,785.05,,12045,,60,,415,,2529,,14519,,1930,,80,,999,,7098,,493,,13416204344.5845,914753.891391177
160521,14511,Sachsen,,,2022,,14511,"CHEMNITZ, STADT",8933,,36.55,,126382,,517.11,,137,,10728,,1387,,923,,13175,,53.91,,13458,,148490,,607.57,,8709,,66,,158,,2346,,15038,,1251,,155,,447,,883,,57,,553196241.457031,151855.602003405
160522,14521,Sachsen,,,2022,,14521,ERZGEBIRGSKREIS,22367,,67.39,,203063,,611.79,,399,,20113,,7954,,1488,,29954,,90.25,,35949,,255384,,769.42,,21779,,97,,491,,3036,,39606,,1753,,25,,687,,6640,,627,,4530684110.17578,499160.516258984
160523,13075,Mecklenburg-Vorpommern,,,2023,,13075,VORPOMMERN-GREIFSWALD,12988,,55.16,,127202,,540.25,,318,,13019,,5644,,1211,,20192,,85.76,,36676,,160382,,681.17,,12615,,90,,283,,2096,,15839,,1637,,101,,481,,4944,,219,,11300603620.0156,1331768.00046556
160524,13076,Mecklenburg-Vorpommern,,,2023,,13076,LUDWIGSLUST-PARCHIM,12962,,61.17,,129362,,610.49,,308,,14396,,8762,,1432,,24898,,117.5,,45440,,167222,,789.16,,12501,,64,,397,,2563,,15042,,2097,,80,,975,,7301,,486,,13416204344.5845,914753.891391177
160525,14511,Sachsen,,,2023,,14511,"CHEMNITZ, STADT",9189,,37.8,,125893,,517.85,,148,,10872,,1414,,944,,13378,,55.03,,13612,,148460,,610.68,,8966,,77,,146,,2377,,15531,,1405,,159,,432,,929,,53,,553196241.457031,151855.602003405
160526,14521,Sachsen,,,2023,,14521,ERZGEBIRGSKREIS,23206,,70.6,,202897,,617.28,,406,,20290,,8271,,1514,,30481,,92.73,,36857,,256584,,780.61,,22637,,94,,475,,3088,,40619,,1987,,29,,689,,6965,,617,,4530684110.17578,499160.516258984
160527,13075,Mecklenburg-Vorpommern,,,2024,,13075,VORPOMMERN-GREIFSWALD,13624,,57.4,,127358,,536.57,,353,,13237,,5794,,1239,,20623,,86.89,,37478,,161605,,680.86,,13258,,97,,269,,2112,,16496,,1785,,104,,516,,5055,,223,,11300603620.0156,1331768.00046556
160528,13076,Mecklenburg-Vorpommern,,,2024,,13076,LUDWIGSLUST-PARCHIM,13324,,62.21,,129841,,606.28,,295,,14612,,8993,,1456,,25356,,118.4,,46405,,168521,,786.89,,12879,,76,,369,,2589,,15803,,2337,,79,,1012,,7493,,488,,13416204344.5845,914753.891391177
160529,14511,Sachsen,,,2024,,14511,"CHEMNITZ, STADT",9514,,38.28,,126100,,507.32,,177,,11036,,1426,,973,,13612,,54.76,,13810,,149226,,600.35,,9294,,81,,139,,2380,,16016,,1515,,174,,429,,944,,53,,553196241.457031,151855.602003405
160530,13074,Mecklenburg-Vorpommern,,,2025,,13074,NORDWESTMECKLENBURG,9811,,61.24,,93014,,580.59,,223,,9869,,4809,,925,,15826,,98.79,,25659,,118651,,740.62,,9556,,78,,177,,2075,,11580,,1963,,57,,455,,4112,,242,,6088410585.02393,713306.722060651
160531,13075,Mecklenburg-Vorpommern,,,2025,,13075,VORPOMMERN-GREIFSWALD,13938,,58.76,,127861,,539.08,,362,,13436,,5893,,1235,,20926,,88.23,,38188,,162725,,686.07,,13591,,104,,243,,2157,,17159,,1998,,120,,495,,5181,,217,,11300603620.0156,1331768.00046556
160532,13076,Mecklenburg-Vorpommern,,,2025,,13076,LUDWIGSLUST-PARCHIM,13705,,64.03,,130553,,609.9,,287,,14720,,9026,,1514,,25547,,119.35,,47110,,169805,,793.27,,13266,,80,,359,,2601,,16490,,2557,,80,,982,,7568,,476,,13416204344.5845,914753.891391177
160533,14511,Sachsen,,,2025,,14511,"CHEMNITZ, STADT",9746,,38.88,,126488,,504.58,,173,,11150,,1451,,989,,13763,,54.9,,13899,,149997,,598.36,,9519,,84,,143,,2374,,16471,,1624,,184,,425,,972,,54,,553196241.457031,151855.602003405
160534,14522,Sachsen,,,2022,,14522,MITTELSACHSEN,18781,,62.3,,180151,,597.57,,404,,18758,,8427,,1587,,29176,,96.78,,39382,,228108,,756.64,,18241,,104,,436,,3060,,23137,,1850,,58,,1027,,6887,,513,,5322481434.62793,588171.230819386
160535,14523,Sachsen,,,2022,,14523,VOGTLANDKREIS,13094,,58.48,,137193,,612.73,,198,,14350,,6699,,1139,,22386,,99.98,,27314,,172673,,771.19,,12731,,54,,309,,2888,,22569,,1290,,165,,720,,5206,,773,,3479913888.95996,489368.764794838
160536,14524,Sachsen,,,2022,,14524,ZWICKAU,17530,,56.18,,186314,,597.1,,267,,18076,,5820,,1296,,25459,,81.59,,30785,,229303,,734.87,,17106,,90,,334,,3887,,21795,,1738,,19,,1476,,3890,,454,,2369152928.3418,374180.2322355
160537,14612,Sachsen,,,2022,,14612,"DRESDEN, STADT",16760,,30.13,,232009,,417.11,,376,,20039,,1418,,1660,,23493,,42.24,,23095,,272262,,489.48,,16360,,199,,201,,5380,,25309,,3362,,196,,409,,926,,83,,829647985.128906,200673.618480332
160538,14522,Sachsen,,,2023,,14522,MITTELSACHSEN,19424,,64.89,,179810,,600.71,,408,,19170,,8589,,1605,,29772,,99.46,,40339,,229006,,765.06,,18904,,107,,413,,3145,,23840,,2060,,58,,995,,7098,,496,,5322481434.62793,588171.230819386
160539,14523,Sachsen,,,2023,,14523,VOGTLANDKREIS,13439,,60.71,,137043,,619.05,,209,,14592,,6863,,1151,,22815,,103.06,,27947,,173297,,782.82,,13090,,63,,286,,2985,,23131,,1431,,165,,708,,5392,,763,,3479913888.95996,489368.764794838
160540,14524,Sachsen,,,2023,,14524,ZWICKAU,18162,,58.66,,186673,,602.91,,311,,18467,,6090,,1333,,26201,,84.62,,31581,,231036,,746.19,,17739,,103,,320,,3922,,22502,,2015,,16,,1593,,4047,,450,,2369152928.3418,374180.2322355
160541,14521,Sachsen,,,2024,,14521,ERZGEBIRGSKREIS,23601,,71.77,,202867,,616.9,,415,,20609,,8523,,1536,,31083,,94.52,,37480,,257551,,783.19,,23055,,99,,447,,3138,,41616,,2212,,33,,729,,7194,,600,,4530684110.17578,499160.516258984
160542,14522,Sachsen,,,2024,,14522,MITTELSACHSEN,19952,,66.37,,180182,,599.33,,409,,19420,,8743,,1666,,30238,,100.58,,41062,,230372,,766.27,,19439,,115,,398,,3225,,24668,,2282,,61,,943,,7298,,502,,5322481434.62793,588171.230819386
160543,14523,Sachsen,,,2024,,14523,VOGTLANDKREIS,13660,,61.35,,136959,,615.09,,213,,14818,,6995,,1140,,23166,,104.04,,28437,,173785,,780.47,,13312,,60,,288,,2989,,23603,,1583,,173,,705,,5536,,754,,3479913888.95996,489368.764794838
160544,14524,Sachsen,,,2024,,14524,ZWICKAU,18469,,59.42,,186771,,600.86,,331,,18688,,6149,,1370,,26538,,85.38,,31928,,231778,,745.66,,18057,,102,,310,,3932,,23240,,2196,,16,,1585,,4125,,439,,2369152928.3418,374180.2322355
160545,14521,Sachsen,,,2025,,14521,ERZGEBIRGSKREIS,24035,,73.52,,203180,,621.54,,411,,20823,,8626,,1527,,31387,,96.02,,37938,,258602,,791.08,,23486,,117,,432,,3126,,42511,,2392,,32,,665,,7381,,580,,4530684110.17578,499160.516258984
160546,14522,Sachsen,,,2025,,14522,MITTELSACHSEN,20426,,68.02,,180652,,601.56,,403,,19599,,8801,,1664,,30467,,101.45,,41553,,231545,,771.03,,19932,,117,,377,,3266,,25491,,2481,,68,,872,,7444,,485,,5322481434.62793,588171.230819386
160547,14523,Sachsen,,,2025,,14523,VOGTLANDKREIS,13889,,62.58,,136911,,616.85,,210,,14970,,7024,,1131,,23335,,105.13,,28853,,174135,,784.56,,13552,,56,,281,,3004,,24185,,1740,,177,,683,,5601,,740,,3479913888.95996,489368.764794838
160548,14524,Sachsen,,,2025,,14524,ZWICKAU,19018,,61.33,,187055,,603.19,,320,,18886,,6213,,1390,,26809,,86.45,,32329,,232882,,750.96,,18600,,119,,299,,3943,,24068,,2420,,14,,1548,,4229,,436,,2369152928.3418,374180.2322355
160549,14625,Sachsen,,,2022,,14625,BAUTZEN,17016,,57.1,,182041,,610.86,,341,,18329,,8409,,1576,,28655,,96.15,,41099,,227712,,764.11,,16437,,107,,472,,3103,,20341,,1775,,85,,848,,6881,,680,,6111005537.52539,553045.733054508
160550,14626,Sachsen,,,2022,,14626,GOERLITZ,13471,,53.76,,143721,,573.6,,273,,13669,,6496,,1310,,21748,,86.8,,31784,,178940,,714.17,,13136,,53,,282,,2183,,15859,,1334,,86,,929,,5058,,509,,5375332739.34473,546586.612754203
160551,14627,Sachsen,,,2022,,14627,MEISSEN,12272,,51.05,,139610,,580.81,,212,,15259,,5280,,1362,,22113,,92,,30339,,173995,,723.86,,11929,,69,,274,,3030,,14627,,1565,,95,,940,,3896,,444,,3712811055.45703,418626.586040549
160552,14612,Sachsen,,,2023,,14612,"DRESDEN, STADT",17300,,31.15,,230581,,415.2,,373,,20409,,1453,,1777,,24012,,43.24,,23619,,271893,,489.59,,16892,,208,,200,,5416,,26031,,3783,,202,,408,,958,,87,,829647985.128906,200673.618480332
160553,14625,Sachsen,,,2023,,14625,BAUTZEN,17692,,59.71,,182108,,614.63,,331,,18470,,8678,,1570,,29049,,98.04,,42118,,228849,,772.38,,17136,,118,,438,,3130,,21076,,1990,,87,,853,,7137,,688,,6111005537.52539,553045.733054508
160554,14626,Sachsen,,,2023,,14626,GOERLITZ,13861,,55.83,,143745,,578.98,,319,,13891,,6702,,1364,,22276,,89.72,,32495,,179882,,724.53,,13526,,62,,273,,2220,,16502,,1467,,89,,906,,5289,,507,,5375332739.34473,546586.612754203
160555,14627,Sachsen,,,2023,,14627,MEISSEN,12801,,53.48,,140141,,585.52,,220,,15621,,5422,,1386,,22649,,94.63,,31052,,175591,,733.63,,12461,,84,,256,,3097,,15180,,1780,,90,,939,,4039,,444,,3712811055.45703,418626.586040549
160556,14612,Sachsen,,,2024,,14612,"DRESDEN, STADT",17824,,31.64,,229949,,408.21,,392,,20847,,1478,,1856,,24573,,43.62,,23892,,272346,,483.47,,17406,,221,,197,,5444,,26989,,4068,,202,,398,,991,,89,,829647985.128906,200673.618480332
160557,14625,Sachsen,,,2024,,14625,BAUTZEN,18040,,60.6,,182097,,611.66,,326,,18606,,8812,,1570,,29314,,98.46,,42943,,229451,,770.72,,17518,,121,,401,,3201,,21970,,2149,,87,,812,,7315,,685,,6111005537.52539,553045.733054508
160558,14626,Sachsen,,,2024,,14626,GOERLITZ,14201,,56.88,,143753,,575.75,,332,,14217,,6900,,1420,,22869,,91.59,,33152,,180823,,724.22,,13879,,67,,255,,2242,,17233,,1622,,98,,925,,5470,,505,,5375332739.34473,546586.612754203
160559,14627,Sachsen,,,2024,,14627,MEISSEN,13167,,54.56,,141129,,584.77,,231,,15955,,5500,,1374,,23060,,95.55,,31654,,177356,,734.87,,12831,,88,,248,,3116,,15994,,1964,,90,,929,,4144,,427,,3712811055.45703,418626.586040549
160560,14612,Sachsen,,,2025,,14612,"DRESDEN, STADT",18313,,32.34,,229637,,405.56,,389,,21229,,1497,,1887,,25002,,44.16,,24019,,272952,,482.06,,17881,,239,,193,,5428,,27898,,4343,,213,,409,,1002,,86,,829647985.128906,200673.618480332
160561,14625,Sachsen,,,2025,,14625,BAUTZEN,18357,,61.91,,182162,,614.36,,331,,18708,,8946,,1580,,29565,,99.71,,43450,,230084,,775.98,,17865,,127,,365,,3264,,22658,,2365,,94,,808,,7456,,682,,6111005537.52539,553045.733054508
160562,14626,Sachsen,,,2025,,14626,GOERLITZ,14484,,58.29,,143700,,578.32,,303,,14425,,6914,,1450,,23092,,92.93,,33573,,181276,,729.54,,14172,,74,,238,,2268,,17765,,1778,,95,,821,,5593,,500,,5375332739.34473,546586.612754203
160563,14627,Sachsen,,,2025,,14627,MEISSEN,13484,,55.91,,141613,,587.22,,226,,16193,,5582,,1360,,23361,,96.87,,32041,,178458,,740,,13153,,96,,235,,3154,,16613,,2115,,83,,949,,4212,,421,,3712811055.45703,418626.586040549
160564,14628,Sachsen,,,2022,,14628,SAECHS.SCHWEIZ-OSTERZGEB,14417,,58.91,,144837,,591.84,,399,,15079,,5559,,1193,,22230,,90.84,,29361,,181484,,741.59,,13945,,113,,359,,2909,,21751,,1845,,102,,337,,4904,,318,,4155024787.86035,457267.77551474
160565,14713,Sachsen,,,2022,,14713,"LEIPZIG, STADT",15414,,25.8,,234324,,392.18,,299,,18043,,1497,,1641,,21480,,35.95,,23720,,271218,,453.93,,15064,,145,,205,,5058,,22623,,2939,,160,,506,,929,,62,,764936318.735352,193311.118172261
160566,14729,Sachsen,,,2022,,14729,LEIPZIG,14876,,57.57,,155719,,602.66,,268,,16337,,5900,,1278,,23783,,92.04,,37811,,194378,,752.28,,14439,,88,,349,,3651,,16068,,1585,,70,,1097,,4326,,477,,4204556956.23926,543628.261470344
160567,14730,Sachsen,,,2022,,14730,NORDSACHSEN,11312,,57.29,,117291,,594.05,,208,,13452,,5202,,1199,,20061,,101.6,,33567,,148664,,752.94,,10913,,69,,330,,1999,,11640,,1087,,54,,782,,4017,,403,,5218070426.03027,658150.587365449
160568,14628,Sachsen,,,2023,,14628,SAECHS.SCHWEIZ-OSTERZGEB,15049,,61.67,,145322,,595.56,,409,,15431,,5762,,1218,,22820,,93.52,,30198,,183191,,750.76,,14581,,126,,342,,2935,,22331,,2094,,108,,338,,5107,,317,,4155024787.86035,457267.77551474
160569,14713,Sachsen,,,2023,,14713,"LEIPZIG, STADT",15981,,26.55,,233713,,388.31,,299,,18511,,1518,,1758,,22086,,36.7,,24194,,271780,,451.56,,15619,,161,,201,,5098,,23792,,3281,,172,,504,,952,,62,,764936318.735352,193311.118172261
160570,14729,Sachsen,,,2023,,14729,LEIPZIG,15309,,59.29,,155950,,603.96,,276,,16601,,6060,,1247,,24184,,93.66,,38604,,195443,,756.9,,14874,,103,,332,,3671,,16662,,1810,,73,,1080,,4504,,476,,4204556956.23926,543628.261470344
160571,14730,Sachsen,,,2023,,14730,NORDSACHSEN,11777,,59.62,,117636,,595.54,,215,,13685,,5309,,1229,,20438,,103.47,,34357,,149851,,758.63,,11391,,73,,313,,2063,,12162,,1251,,56,,802,,4100,,407,,5218070426.03027,658150.587365449
160572,14628,Sachsen,,,2024,,14628,SAECHS.SCHWEIZ-OSTERZGEB,15521,,63.04,,146096,,593.39,,399,,15793,,5878,,1246,,23316,,94.7,,30715,,184933,,751.14,,15056,,132,,333,,2986,,23092,,2257,,112,,335,,5239,,304,,4155024787.86035,457267.77551474
160573,14713,Sachsen,,,2024,,14713,"LEIPZIG, STADT",16277,,26.42,,233901,,379.65,,297,,18941,,1518,,1803,,22559,,36.62,,24359,,272737,,442.69,,15920,,174,,183,,5132,,24964,,3579,,158,,487,,969,,62,,764936318.735352,193311.118172261
160574,14729,Sachsen,,,2024,,14729,LEIPZIG,15762,,60.52,,157285,,603.95,,272,,17010,,6184,,1251,,24717,,94.91,,39145,,197764,,759.38,,15319,,105,,338,,3731,,17515,,2009,,77,,1070,,4641,,473,,4204556956.23926,543628.261470344
160575,14730,Sachsen,,,2024,,14730,NORDSACHSEN,12166,,60.88,,118173,,591.39,,226,,13946,,5380,,1271,,20823,,104.21,,34946,,151162,,756.48,,11783,,90,,293,,2090,,12877,,1409,,60,,775,,4202,,403,,5218070426.03027,658150.587365449
160576,14628,Sachsen,,,2025,,14628,SAECHS.SCHWEIZ-OSTERZGEB,15992,,65.01,,147006,,597.56,,395,,15986,,5983,,1283,,23647,,96.12,,31129,,186645,,758.69,,15540,,142,,310,,3055,,23940,,2498,,119,,330,,5349,,304,,4155024787.86035,457267.77551474
160577,14713,Sachsen,,,2025,,14713,"LEIPZIG, STADT",16666,,26.89,,234947,,379.02,,335,,19265,,1470,,1857,,22927,,36.99,,24453,,274540,,442.89,,16311,,180,,175,,5044,,26075,,3898,,159,,437,,969,,64,,764936318.735352,193311.118172261
160578,14729,Sachsen,,,2025,,14729,LEIPZIG,16226,,62.03,,158209,,604.84,,283,,17230,,6250,,1222,,24985,,95.52,,39594,,199420,,762.39,,15783,,117,,326,,3764,,18308,,2228,,77,,1037,,4748,,465,,4204556956.23926,543628.261470344
160579,15001,Sachsen-Anhalt,,,2022,,15001,"DESSAU-ROSSLAU,STADT",3037,,38.27,,41994,,529.2,,34,,3162,,734,,247,,4177,,52.64,,6354,,49208,,620.11,,2973,,21,,43,,863,,3876,,413,,56,,336,,359,,39,,644429007.273438,187650.236034064
160580,15002,Sachsen-Anhalt,,,2022,,15002,"HALLE (SAALE),STADT",5963,,25.07,,95746,,402.52,,193,,7401,,736,,466,,8796,,36.98,,10280,,110505,,464.57,,5803,,69,,91,,1854,,8506,,716,,98,,349,,346,,41,,349659886.388672,124696.084926786
160581,15003,Sachsen-Anhalt,,,2022,,15003,"MAGDEBURG, STADT",6294,,26.69,,112237,,476.03,,83,,8862,,854,,1277,,11076,,46.98,,12220,,129607,,549.71,,6150,,50,,94,,2349,,10138,,930,,141,,320,,465,,69,,532186955.285645,137327.176126401
160582,15081,Sachsen-Anhalt,,,2022,,15081,ALTMARKKREIS SALZWEDEL,4614,,55.8,,50923,,615.85,,196,,5546,,4210,,714,,10666,,128.99,,17750,,66203,,800.65,,4457,,28,,129,,779,,5793,,628,,17,,156,,3637,,417,,6256846862.37793,500793.712797362
160583,15001,Sachsen-Anhalt,,,2023,,15001,"DESSAU-ROSSLAU,STADT",3083,,39.16,,41667,,529.23,,32,,3246,,801,,249,,4328,,54.97,,6537,,49078,,623.36,,3013,,22,,48,,863,,4052,,443,,60,,389,,373,,39,,644429007.273438,187650.236034064
160584,15002,Sachsen-Anhalt,,,2023,,15002,"HALLE (SAALE),STADT",7244,,30.43,,95364,,400.59,,200,,7668,,765,,474,,9107,,38.25,,10492,,111715,,469.27,,7092,,72,,80,,1840,,8897,,805,,95,,368,,358,,39,,349659886.388672,124696.084926786
160585,15003,Sachsen-Anhalt,,,2023,,15003,"MAGDEBURG, STADT",6463,,27.36,,111784,,473.28,,83,,9040,,874,,1293,,11290,,47.8,,12494,,129537,,548.45,,6312,,58,,93,,2283,,10758,,1070,,135,,319,,485,,70,,532186955.285645,137327.176126401
160586,15081,Sachsen-Anhalt,,,2023,,15081,ALTMARKKREIS SALZWEDEL,4730,,57.69,,50810,,619.74,,183,,5643,,4288,,723,,10837,,132.18,,18154,,66377,,809.61,,4581,,26,,123,,811,,5939,,676,,16,,164,,3708,,416,,6256846862.37793,500793.712797362
160587,15001,Sachsen-Anhalt,,,2024,,15001,"DESSAU-ROSSLAU,STADT",3105,,38.98,,41614,,522.43,,31,,3294,,782,,288,,4395,,55.18,,6593,,49114,,616.58,,3041,,22,,42,,834,,4260,,484,,73,,355,,388,,39,,644429007.273438,187650.236034064
160588,15002,Sachsen-Anhalt,,,2024,,15002,"HALLE (SAALE),STADT",6354,,26.25,,95228,,393.37,,198,,7762,,780,,488,,9228,,38.12,,10661,,110810,,457.74,,6196,,81,,77,,1855,,9305,,892,,94,,378,,365,,37,,349659886.388672,124696.084926786
160589,15003,Sachsen-Anhalt,,,2024,,15003,"MAGDEBURG, STADT",6573,,27.46,,111646,,466.43,,81,,9215,,903,,1332,,11531,,48.17,,12694,,129750,,542.06,,6433,,58,,82,,2222,,11241,,1175,,135,,319,,510,,74,,532186955.285645,137327.176126401
160590,14730,Sachsen,,,2025,,14730,NORDSACHSEN,12493,,62.56,,118907,,595.46,,216,,14256,,5388,,1302,,21162,,105.98,,35506,,152562,,764,,12098,,101,,294,,2090,,13481,,1550,,57,,757,,4228,,403,,5218070426.03027,658150.587365449
160591,15001,Sachsen-Anhalt,,,2025,,15001,"DESSAU-ROSSLAU,STADT",3194,,40.08,,41487,,520.63,,28,,3394,,770,,311,,4503,,56.51,,6631,,49184,,617.22,,3137,,24,,33,,840,,4471,,533,,81,,332,,395,,43,,644429007.273438,187650.236034064
160592,15002,Sachsen-Anhalt,,,2025,,15002,"HALLE (SAALE),STADT",6512,,26.89,,94888,,391.82,,201,,7800,,795,,493,,9289,,38.36,,10796,,110689,,457.07,,6352,,84,,76,,1828,,9724,,992,,94,,381,,381,,33,,349659886.388672,124696.084926786
160593,15003,Sachsen-Anhalt,,,2025,,15003,"MAGDEBURG, STADT",6767,,28.18,,112342,,467.87,,83,,9562,,902,,1391,,11938,,49.72,,12815,,131047,,545.77,,6628,,59,,80,,2197,,11942,,1248,,134,,321,,519,,62,,532186955.285645,137327.176126401
160594,15082,Sachsen-Anhalt,,,2022,,15082,ANHALT-BITTERFELD,7660,,48.72,,92920,,591.03,,343,,8910,,3259,,913,,13425,,85.39,,21414,,114005,,725.14,,7382,,47,,231,,1690,,9079,,662,,58,,697,,2386,,176,,3813064851.50684,547763.965841748
160595,15083,Sachsen-Anhalt,,,2022,,15083,BOERDE,9688,,56.8,,106934,,626.93,,136,,10702,,5749,,1089,,17676,,103.63,,27721,,134298,,787.36,,9304,,66,,318,,1938,,11180,,1072,,45,,1452,,4031,,266,,6322889758.83057,605983.488412303
160596,15084,Sachsen-Anhalt,,,2022,,15084,BURGENLANDKREIS,9663,,54.41,,102463,,576.96,,178,,10223,,5183,,984,,16568,,93.29,,21660,,128694,,724.67,,9301,,46,,316,,1785,,11238,,771,,47,,737,,4048,,398,,3600798922.80078,470411.224080212
160597,15085,Sachsen-Anhalt,,,2022,,15085,HARZ,10329,,48.96,,124090,,588.17,,239,,11782,,4686,,882,,17589,,83.37,,26067,,152008,,720.5,,9893,,51,,385,,2400,,14943,,1347,,56,,825,,3576,,285,,5509267491.55518,526355.559915666
160598,15082,Sachsen-Anhalt,,,2023,,15082,ANHALT-BITTERFELD,7866,,50.46,,92663,,594.37,,357,,9034,,3286,,915,,13592,,87.18,,22019,,114121,,732.01,,7617,,49,,200,,1713,,9503,,769,,55,,654,,2452,,180,,3813064851.50684,547763.965841748
160599,15083,Sachsen-Anhalt,,,2023,,15083,BOERDE,9955,,58.52,,106687,,627.18,,141,,10925,,5872,,1098,,18036,,106.03,,28406,,134678,,791.73,,9592,,67,,296,,1937,,11551,,1177,,45,,1496,,4112,,264,,6322889758.83057,605983.488412303
160600,15084,Sachsen-Anhalt,,,2023,,15084,BURGENLANDKREIS,9983,,56.61,,102506,,581.32,,191,,10367,,5510,,1013,,17081,,96.87,,22253,,129570,,734.8,,9628,,47,,308,,1798,,11602,,875,,46,,821,,4285,,404,,3600798922.80078,470411.224080212
160601,15081,Sachsen-Anhalt,,,2024,,15081,ALTMARKKREIS SALZWEDEL,4837,,58.66,,50754,,615.52,,173,,5739,,4320,,719,,10951,,132.81,,18425,,66542,,806.99,,4697,,22,,118,,809,,6136,,757,,16,,162,,3743,,415,,6256846862.37793,500793.712797362
160602,15082,Sachsen-Anhalt,,,2024,,15082,ANHALT-BITTERFELD,8072,,51.34,,92908,,590.89,,357,,9164,,3346,,920,,13787,,87.68,,22484,,114767,,729.91,,7831,,52,,189,,1731,,9959,,847,,52,,651,,2507,,188,,3813064851.50684,547763.965841748
160603,15083,Sachsen-Anhalt,,,2024,,15083,BOERDE,10222,,59.64,,107283,,625.95,,146,,11026,,6050,,1139,,18361,,107.13,,28950,,135866,,792.72,,9859,,75,,288,,1948,,12191,,1325,,46,,1549,,4234,,267,,6322889758.83057,605983.488412303
160604,15084,Sachsen-Anhalt,,,2024,,15084,BURGENLANDKREIS,10258,,57.89,,102578,,578.84,,182,,10567,,5564,,1041,,17354,,97.93,,22629,,130190,,734.66,,9913,,54,,291,,1826,,12117,,1004,,41,,757,,4408,,399,,3600798922.80078,470411.224080212
160605,15081,Sachsen-Anhalt,,,2025,,15081,ALTMARKKREIS SALZWEDEL,4986,,60.92,,50721,,619.67,,174,,5866,,4368,,713,,11121,,135.87,,18732,,66828,,816.46,,4839,,26,,121,,800,,6377,,857,,16,,182,,3784,,402,,6256846862.37793,500793.712797362
160606,15082,Sachsen-Anhalt,,,2025,,15082,ANHALT-BITTERFELD,8227,,52.52,,93396,,596.24,,362,,9277,,3307,,929,,13875,,88.58,,22836,,115498,,737.34,,8001,,53,,173,,1711,,10456,,970,,52,,575,,2556,,176,,3813064851.50684,547763.965841748
160607,15083,Sachsen-Anhalt,,,2025,,15083,BOERDE,10450,,61.12,,107910,,631.11,,142,,11292,,6104,,1137,,18675,,109.22,,29415,,137035,,801.45,,10107,,72,,271,,1972,,12713,,1514,,53,,1547,,4291,,266,,6322889758.83057,605983.488412303
160608,15084,Sachsen-Anhalt,,,2025,,15084,BURGENLANDKREIS,10418,,58.8,,102952,,581.08,,186,,10715,,5655,,1069,,17625,,99.48,,22993,,130995,,739.36,,10070,,62,,286,,1826,,12660,,1177,,52,,710,,4545,,400,,3600798922.80078,470411.224080212
160609,15086,Sachsen-Anhalt,,,2022,,15086,JERICHOWER LAND,5032,,56.28,,54513,,609.74,,112,,5909,,2837,,721,,9579,,107.14,,16320,,69124,,773.17,,4858,,25,,149,,1173,,5928,,537,,30,,593,,2115,,129,,4235270391.61133,404761.022525524
160610,15087,Sachsen-Anhalt,,,2022,,15087,MANSFELD-SUEDHARZ,7657,,57.27,,79822,,597.07,,172,,7326,,4320,,734,,12552,,93.89,,16694,,100031,,748.23,,7203,,42,,412,,1407,,10127,,589,,35,,343,,3726,,251,,3757943521.19678,532526.306666327
160611,15088,Sachsen-Anhalt,,,2022,,15088,SAALEKREIS,10985,,59.89,,115431,,629.28,,141,,12116,,4161,,1249,,17667,,96.31,,24947,,144083,,785.48,,10582,,92,,311,,2266,,12144,,875,,75,,1043,,2930,,188,,3698971567.16553,595544.20577508
160612,15085,Sachsen-Anhalt,,,2023,,15085,HARZ,10568,,50.54,,123758,,591.81,,242,,11937,,4832,,910,,17921,,85.7,,26835,,152247,,728.05,,10149,,59,,360,,2395,,15445,,1517,,56,,844,,3699,,289,,5509267491.55518,526355.559915666
160613,15086,Sachsen-Anhalt,,,2023,,15086,JERICHOWER LAND,5222,,58.6,,54593,,612.59,,116,,5970,,2960,,731,,9777,,109.71,,16842,,69592,,780.9,,5056,,29,,137,,1188,,6207,,611,,30,,629,,2199,,132,,4235270391.61133,404761.022525524
160614,15087,Sachsen-Anhalt,,,2023,,15087,MANSFELD-SUEDHARZ,7838,,59.24,,79548,,601.19,,211,,7493,,4432,,745,,12881,,97.35,,17232,,100267,,757.78,,7404,,48,,386,,1400,,10344,,651,,39,,330,,3856,,246,,3757943521.19678,532526.306666327
160615,15088,Sachsen-Anhalt,,,2023,,15088,SAALEKREIS,11364,,62.16,,115435,,631.43,,144,,12243,,4337,,1268,,17992,,98.42,,25644,,144791,,792.01,,10947,,99,,318,,2285,,12562,,984,,67,,1123,,3028,,186,,3698971567.16553,595544.20577508
160616,15085,Sachsen-Anhalt,,,2024,,15085,HARZ,10777,,51.23,,123841,,588.65,,242,,12091,,4905,,919,,18157,,86.31,,27349,,152775,,726.18,,10376,,62,,339,,2403,,15988,,1681,,56,,814,,3798,,293,,5509267491.55518,526355.559915666
160617,15086,Sachsen-Anhalt,,,2024,,15086,JERICHOWER LAND,5424,,60.1,,54716,,606.23,,119,,6045,,3025,,742,,9931,,110.03,,17148,,70071,,776.36,,5261,,35,,128,,1193,,6472,,684,,34,,643,,2255,,127,,4235270391.61133,404761.022525524
160618,15087,Sachsen-Anhalt,,,2024,,15087,MANSFELD-SUEDHARZ,7851,,59.46,,79474,,601.92,,153,,7614,,4502,,767,,13036,,98.73,,17527,,100361,,760.11,,7451,,49,,351,,1407,,10696,,721,,40,,331,,3926,,245,,3757943521.19678,532526.306666327
160619,15088,Sachsen-Anhalt,,,2024,,15088,SAALEKREIS,11686,,63.52,,115861,,629.77,,144,,12424,,4396,,1276,,18240,,99.14,,26119,,145787,,792.43,,11285,,100,,301,,2299,,13220,,1107,,72,,1139,,3068,,189,,3698971567.16553,595544.20577508
160620,15085,Sachsen-Anhalt,,,2025,,15085,HARZ,10900,,52.2,,124018,,593.94,,245,,12120,,4932,,952,,18249,,87.4,,27751,,153167,,733.54,,10510,,67,,323,,2414,,16505,,1894,,58,,786,,3849,,297,,5509267491.55518,526355.559915666
160621,15086,Sachsen-Anhalt,,,2025,,15086,JERICHOWER LAND,5501,,61.18,,54937,,610.99,,112,,6060,,3043,,754,,9969,,110.87,,17471,,70407,,783.05,,5346,,37,,118,,1181,,6779,,734,,35,,640,,2283,,120,,4235270391.61133,404761.022525524
160622,15087,Sachsen-Anhalt,,,2025,,15087,MANSFELD-SUEDHARZ,7969,,60.8,,79474,,606.34,,148,,7823,,4591,,760,,13322,,101.64,,17821,,100765,,768.78,,7595,,48,,326,,1411,,11030,,848,,40,,336,,4010,,245,,3757943521.19678,532526.306666327
160623,15088,Sachsen-Anhalt,,,2025,,15088,SAALEKREIS,11967,,64.95,,116567,,632.64,,145,,12737,,4349,,1258,,18489,,100.34,,26609,,147023,,797.93,,11585,,115,,267,,2294,,13851,,1237,,73,,1053,,3110,,186,,3698971567.16553,595544.20577508
160624,15089,Sachsen-Anhalt,,,2022,,15089,SALZLANDKREIS,9208,,49.12,,105452,,562.54,,141,,9542,,3622,,854,,14159,,75.53,,21835,,128819,,687.19,,8933,,63,,212,,1931,,9989,,797,,53,,791,,2683,,148,,3754828036.24609,427144.216377033
160625,15090,Sachsen-Anhalt,,,2022,,15090,STENDAL,5334,,48.28,,63895,,578.31,,225,,7274,,4068,,781,,12348,,111.76,,19403,,81577,,738.35,,5091,,19,,224,,1094,,7010,,624,,58,,302,,3564,,202,,6623768138.36914,639673.690054278
160626,15091,Sachsen-Anhalt,,,2022,,15091,WITTENBERG,7139,,57.49,,75667,,609.31,,89,,7811,,3805,,696,,12401,,99.86,,22737,,95207,,766.65,,6871,,39,,229,,1438,,8096,,775,,28,,617,,2881,,307,,5076747055.89258,465984.958005336
160627,16051,Thüringen,,,2022,,16051,"ERFURT, STADT",7598,,35.56,,99026,,463.41,,77,,9018,,1278,,1210,,11583,,54.2,,11735,,118207,,553.17,,7407,,61,,130,,2200,,12052,,1126,,66,,253,,946,,79,,681349731.496094,169462.881436903
160628,15089,Sachsen-Anhalt,,,2023,,15089,SALZLANDKREIS,9417,,50.77,,105102,,566.6,,146,,9650,,3719,,872,,14387,,77.56,,22341,,128906,,694.93,,9133,,75,,209,,1965,,10390,,867,,52,,795,,2775,,149,,3754828036.24609,427144.216377033
160629,15090,Sachsen-Anhalt,,,2023,,15090,STENDAL,5502,,50.13,,63749,,580.88,,237,,7441,,4116,,814,,12608,,114.88,,19861,,81859,,745.9,,5262,,20,,220,,1114,,7176,,696,,71,,292,,3624,,200,,6623768138.36914,639673.690054278
160630,15091,Sachsen-Anhalt,,,2023,,15091,WITTENBERG,7374,,59.79,,75477,,611.94,,101,,7930,,3879,,705,,12615,,102.28,,23209,,95466,,774,,7118,,44,,212,,1444,,8293,,910,,25,,599,,2968,,312,,5076747055.89258,465984.958005336
160631,16051,Thüringen,,,2023,,16051,"ERFURT, STADT",7950,,37.28,,98569,,462.27,,76,,9243,,1333,,1274,,11926,,55.93,,12074,,118445,,555.49,,7745,,76,,129,,2198,,12562,,1279,,68,,251,,1005,,77,,681349731.496094,169462.881436903
160632,15089,Sachsen-Anhalt,,,2024,,15089,SALZLANDKREIS,9607,,51.53,,104949,,562.97,,190,,9763,,3801,,875,,14629,,78.47,,22868,,129185,,692.98,,9319,,77,,211,,1999,,10965,,988,,57,,823,,2832,,146,,3754828036.24609,427144.216377033
160633,15090,Sachsen-Anhalt,,,2024,,15090,STENDAL,5565,,50.46,,63745,,577.97,,232,,7550,,4171,,808,,12761,,115.7,,20319,,82071,,744.13,,5347,,25,,193,,1114,,7471,,771,,57,,312,,3658,,201,,6623768138.36914,639673.690054278
160634,15091,Sachsen-Anhalt,,,2024,,15091,WITTENBERG,7680,,61.99,,75682,,610.89,,109,,8031,,3952,,723,,12815,,103.44,,23664,,96177,,776.32,,7418,,52,,210,,1445,,8695,,997,,27,,579,,3060,,313,,5076747055.89258,465984.958005336
160635,16051,Thüringen,,,2024,,16051,"ERFURT, STADT",8250,,38.38,,98440,,457.93,,76,,9304,,1386,,1318,,12084,,56.21,,12176,,118774,,552.52,,8044,,82,,124,,2178,,13053,,1414,,71,,281,,1029,,76,,681349731.496094,169462.881436903
160636,15089,Sachsen-Anhalt,,,2025,,15089,SALZLANDKREIS,9846,,53.24,,105083,,568.19,,200,,9837,,3809,,874,,14720,,79.59,,23229,,129649,,701.02,,9559,,80,,207,,1988,,11535,,1110,,54,,792,,2874,,143,,3754828036.24609,427144.216377033
160637,15090,Sachsen-Anhalt,,,2025,,15090,STENDAL,5631,,51.38,,63934,,583.38,,224,,7737,,4208,,819,,12988,,118.51,,20666,,82553,,753.28,,5420,,28,,183,,1137,,7863,,864,,63,,332,,3680,,196,,6623768138.36914,639673.690054278
160638,15091,Sachsen-Anhalt,,,2025,,15091,WITTENBERG,7864,,63.81,,75900,,615.84,,112,,8227,,3937,,731,,13007,,105.54,,24028,,96771,,785.19,,7607,,57,,200,,1446,,9021,,1109,,29,,538,,3084,,315,,5076747055.89258,465984.958005336
160639,16052,Thüringen,,,2022,,16052,"GERA, STADT",2958,,32.11,,46017,,499.5,,71,,3472,,772,,236,,4551,,49.4,,5693,,53526,,581.01,,2880,,14,,64,,908,,5446,,439,,30,,80,,600,,92,,382094787.914063,119322.779967114
160640,16053,Thüringen,,,2022,,16053,"JENA, STADT",3296,,29.77,,45365,,409.69,,66,,3172,,519,,273,,4030,,36.39,,4435,,52691,,475.85,,3230,,15,,51,,790,,5802,,585,,17,,42,,430,,47,,288819842.083984,109627.714667616
160641,16054,Thüringen,,,2022,,16054,"SUHL, STADT",1736,,47.7,,20111,,552.58,,42,,1689,,433,,126,,2290,,62.92,,3031,,24137,,663.2,,1683,,13,,40,,372,,3905,,259,,8,,43,,363,,27,,354461228.926758,141070.690250323
160642,16055,Thüringen,,,2022,,16055,"WEIMAR, STADT",2197,,33.75,,30681,,471.3,,43,,2155,,325,,172,,2695,,41.4,,3301,,35573,,546.45,,2155,,13,,29,,713,,3476,,379,,15,,18,,267,,40,,212542178.660645,101461.070374399
160643,16052,Thüringen,,,2023,,16052,"GERA, STADT",3009,,32.93,,45852,,501.84,,70,,3496,,817,,249,,4632,,50.7,,5825,,53493,,585.47,,2934,,16,,59,,925,,5571,,480,,28,,78,,646,,93,,382094787.914063,119322.779967114
160644,16053,Thüringen,,,2023,,16053,"JENA, STADT",3353,,30.34,,45069,,407.86,,70,,3155,,538,,281,,4044,,36.6,,4567,,52466,,474.8,,3289,,19,,45,,776,,5989,,651,,20,,43,,450,,45,,288819842.083984,109627.714667616
160645,16054,Thüringen,,,2023,,16054,"SUHL, STADT",1778,,49.31,,19877,,551.31,,44,,1665,,455,,132,,2296,,63.68,,3058,,23951,,664.31,,1729,,14,,35,,371,,3947,,290,,9,,40,,386,,29,,354461228.926758,141070.690250323
160646,16055,Thüringen,,,2023,,16055,"WEIMAR, STADT",2245,,34.47,,30112,,462.28,,44,,2182,,344,,177,,2747,,42.17,,3397,,35104,,538.92,,2197,,16,,32,,712,,3596,,420,,15,,20,,284,,40,,212542178.660645,101461.070374399
160647,16052,Thüringen,,,2024,,16052,"GERA, STADT",3068,,32.77,,45974,,491,,73,,3559,,822,,246,,4700,,50.2,,5901,,53742,,573.96,,2993,,19,,56,,935,,5762,,549,,30,,78,,654,,90,,382094787.914063,119322.779967114
160648,16053,Thüringen,,,2024,,16053,"JENA, STADT",3304,,29.71,,44862,,403.47,,71,,3153,,562,,289,,4075,,36.65,,4640,,52241,,469.83,,3238,,21,,45,,760,,6178,,736,,21,,37,,483,,42,,288819842.083984,109627.714667616
160649,16054,Thüringen,,,2024,,16054,"SUHL, STADT",1807,,48.83,,19690,,532.03,,42,,1649,,468,,132,,2291,,61.9,,3065,,23788,,642.76,,1757,,16,,34,,391,,4015,,302,,9,,33,,404,,31,,354461228.926758,141070.690250323
160650,16051,Thüringen,,,2025,,16051,"ERFURT, STADT",8449,,39.17,,98641,,457.36,,81,,9581,,1424,,1422,,12508,,57.99,,12390,,119598,,554.53,,8256,,83,,110,,2214,,13587,,1517,,93,,308,,1044,,72,,681349731.496094,169462.881436903
160651,16052,Thüringen,,,2025,,16052,"GERA, STADT",3105,,32.74,,46023,,485.23,,73,,3654,,826,,258,,4811,,50.72,,5963,,53939,,568.69,,3020,,26,,59,,947,,5986,,593,,29,,70,,665,,91,,382094787.914063,119322.779967114
160652,16053,Thüringen,,,2025,,16053,"JENA, STADT",3366,,30.38,,44908,,405.34,,70,,3215,,576,,277,,4138,,37.35,,4656,,52412,,473.07,,3303,,21,,42,,746,,6417,,793,,20,,40,,493,,43,,288819842.083984,109627.714667616
160653,16054,Thüringen,,,2025,,16054,"SUHL, STADT",1820,,49.21,,19459,,526.12,,44,,1646,,473,,130,,2293,,62,,3074,,23572,,637.32,,1776,,15,,29,,403,,4048,,314,,9,,28,,414,,31,,354461228.926758,141070.690250323
160654,16061,Thüringen,,,2022,,16061,EICHSFELD,5672,,57.03,,60926,,612.55,,100,,7525,,4802,,563,,12990,,130.6,,14529,,79588,,800.18,,5299,,27,,346,,1171,,8411,,599,,20,,668,,3624,,510,,2538859197.69336,337837.017334106
160655,16062,Thüringen,,,2022,,16062,NORDHAUSEN,4102,,49.75,,47500,,576.06,,88,,3929,,2504,,488,,7009,,85,,10838,,58611,,710.82,,3909,,21,,172,,1001,,6100,,475,,23,,206,,2148,,150,,1840641514.5332,298103.744980678
160656,16063,Thüringen,,,2022,,16063,WARTBURGKREIS,9027,,76.52,,95383,,808.56,,183,,7961,,5918,,761,,14823,,125.65,,20572,,119233,,1010.73,,8518,,65,,444,,2035,,14238,,1300,,40,,451,,4700,,767,,3439840684.83447,570042.073521284
160657,16064,Thüringen,,,2022,,16064,UNSTRUT-HAINICH-KREIS,5274,,51.86,,57158,,562.04,,120,,7148,,3563,,560,,11391,,112.01,,14309,,73823,,725.9,,4983,,35,,256,,1217,,7208,,624,,26,,315,,2834,,414,,2366445564.5918,350889.589937885
160658,16061,Thüringen,,,2023,,16061,EICHSFELD,6266,,63.09,,64211,,646.48,,116,,8172,,5224,,616,,14128,,142.24,,16037,,84605,,851.81,,5881,,33,,352,,1265,,9099,,702,,22,,667,,4002,,555,,2538859197.69336,337837.017334106
160659,16062,Thüringen,,,2023,,16062,NORDHAUSEN,4155,,50.86,,47352,,579.68,,94,,4050,,2600,,491,,7235,,88.57,,11152,,58742,,719.11,,3980,,18,,157,,1006,,6312,,520,,19,,214,,2242,,144,,1840641514.5332,298103.744980678
160660,16063,Thüringen,,,2023,,16063,WARTBURGKREIS,9188,,57.82,,95332,,599.95,,195,,8227,,6008,,780,,15210,,95.72,,21018,,119730,,753.49,,8704,,61,,423,,2054,,14601,,1442,,40,,407,,4843,,758,,3439840684.83447,570042.073521284
160661,16055,Thüringen,,,2024,,16055,"WEIMAR, STADT",2269,,34.58,,30160,,459.62,,47,,2174,,357,,174,,2752,,41.94,,3483,,35181,,536.13,,2223,,19,,27,,716,,3690,,462,,17,,24,,296,,37,,212542178.660645,101461.070374399
160662,16061,Thüringen,,,2024,,16061,EICHSFELD,6483,,64.77,,65073,,650.14,,112,,8451,,5374,,634,,14571,,145.58,,16562,,86127,,860.49,,6120,,35,,328,,1306,,9625,,804,,21,,706,,4108,,560,,2538859197.69336,337837.017334106
160663,16062,Thüringen,,,2024,,16062,NORDHAUSEN,4240,,51.43,,47278,,573.46,,93,,4153,,2673,,510,,7429,,90.11,,11332,,58947,,714.99,,4076,,19,,145,,1019,,6475,,570,,20,,217,,2311,,145,,1840641514.5332,298103.744980678
160664,16063,Thüringen,,,2024,,16063,WARTBURGKREIS,9354,,58.63,,95582,,599.11,,185,,8314,,6121,,796,,15416,,96.63,,21527,,120352,,754.37,,8899,,65,,390,,2053,,15090,,1551,,41,,414,,4952,,755,,3439840684.83447,570042.073521284
160665,16055,Thüringen,,,2025,,16055,"WEIMAR, STADT",2327,,35.47,,30393,,463.23,,47,,2229,,373,,178,,2827,,43.09,,3534,,35547,,541.78,,2281,,20,,26,,711,,3857,,520,,16,,24,,315,,34,,212542178.660645,101461.070374399
160666,16061,Thüringen,,,2025,,16061,EICHSFELD,6570,,63.51,,65066,,629.02,,113,,8593,,5387,,646,,14739,,142.49,,16822,,86375,,835.02,,6216,,36,,318,,1284,,9899,,913,,21,,671,,4165,,551,,2538859197.69336,337837.017334106
160667,16062,Thüringen,,,2025,,16062,NORDHAUSEN,4305,,52.39,,47415,,576.97,,93,,4182,,2734,,513,,7522,,91.53,,11519,,59242,,720.89,,4154,,21,,130,,1028,,6729,,634,,24,,207,,2382,,145,,1840641514.5332,298103.744980678
160668,16063,Thüringen,,,2025,,16063,WARTBURGKREIS,9516,,59.77,,95517,,599.98,,193,,8498,,6179,,814,,15684,,98.52,,21808,,120717,,758.27,,9080,,75,,361,,2035,,15503,,1719,,42,,388,,5050,,741,,3439840684.83447,570042.073521284
160669,16065,Thüringen,,,2022,,16065,KYFFHAEUSERKREIS,4451,,60.54,,44323,,602.85,,82,,3933,,3342,,442,,7799,,106.08,,10015,,56573,,769.47,,4193,,19,,239,,787,,5233,,364,,8,,135,,2915,,292,,2653624845.68311,436912.115184132
160670,16066,Thüringen,,,2022,,16066,SCHMALKALDEN-MEININGEN,7259,,58.43,,76359,,614.6,,156,,7968,,4894,,677,,13695,,110.23,,17653,,97313,,783.26,,6973,,35,,251,,1515,,14161,,937,,28,,344,,3857,,693,,3105330854.53906,456437.79507243
160671,16067,Thüringen,,,2022,,16067,GOTHA,6633,,49.29,,76731,,570.22,,134,,7668,,3386,,748,,11936,,88.7,,16285,,95300,,708.22,,6335,,52,,246,,1707,,10467,,931,,33,,315,,2745,,326,,2350685498.01172,319178.566445635
160672,16064,Thüringen,,,2023,,16064,UNSTRUT-HAINICH-KREIS,5022,,49.59,,53876,,532.01,,122,,6969,,3397,,541,,11029,,108.91,,13720,,69927,,690.51,,4766,,36,,220,,1170,,7063,,656,,26,,339,,2697,,361,,2366445564.5918,350889.589937885
160673,16065,Thüringen,,,2023,,16065,KYFFHAEUSERKREIS,4566,,62.58,,44178,,605.48,,89,,4029,,3431,,455,,8004,,109.7,,10307,,56748,,777.75,,4300,,19,,247,,771,,5418,,416,,8,,135,,3008,,288,,2653624845.68311,436912.115184132
160674,16066,Thüringen,,,2023,,16066,SCHMALKALDEN-MEININGEN,7516,,60.91,,76213,,617.59,,158,,8057,,4982,,696,,13893,,112.58,,18055,,97622,,791.08,,7234,,40,,242,,1529,,14488,,1004,,29,,325,,3969,,688,,3105330854.53906,456437.79507243
160675,16067,Thüringen,,,2023,,16067,GOTHA,6877,,51.39,,76650,,572.76,,134,,7813,,3470,,762,,12179,,91.01,,16755,,95706,,715.16,,6587,,60,,230,,1755,,10828,,1070,,34,,325,,2816,,329,,2350685498.01172,319178.566445635
160676,16064,Thüringen,,,2024,,16064,UNSTRUT-HAINICH-KREIS,5123,,50.1,,53537,,523.56,,131,,6895,,3442,,559,,11027,,107.84,,13801,,69687,,681.5,,4869,,37,,217,,1166,,7297,,712,,28,,320,,2765,,357,,2366445564.5918,350889.589937885
160677,16065,Thüringen,,,2024,,16065,KYFFHAEUSERKREIS,4741,,64.34,,44131,,598.87,,88,,4112,,3525,,461,,8186,,111.09,,10578,,57058,,774.3,,4484,,25,,232,,743,,5608,,465,,8,,137,,3100,,288,,2653624845.68311,436912.115184132
160678,16066,Thüringen,,,2024,,16066,SCHMALKALDEN-MEININGEN,7755,,62.57,,76287,,615.52,,160,,8189,,5068,,706,,14123,,113.95,,18307,,98165,,792.04,,7459,,50,,246,,1518,,14865,,1121,,28,,319,,4080,,669,,3105330854.53906,456437.79507243
160679,16067,Thüringen,,,2024,,16067,GOTHA,7051,,52.25,,76707,,568.45,,132,,7925,,3521,,749,,12327,,91.35,,17122,,96085,,712.05,,6776,,67,,208,,1761,,11281,,1141,,33,,311,,2879,,331,,2350685498.01172,319178.566445635
160680,16064,Thüringen,,,2025,,16064,UNSTRUT-HAINICH-KREIS,5223,,53.17,,53962,,549.33,,128,,7031,,3562,,558,,11279,,114.82,,14066,,70464,,717.31,,4985,,37,,201,,1168,,7624,,808,,28,,332,,2872,,358,,2366445564.5918,350889.589937885
160681,16065,Thüringen,,,2025,,16065,KYFFHAEUSERKREIS,4861,,66.39,,44157,,603.11,,89,,4212,,3540,,461,,8302,,113.39,,10837,,57320,,782.89,,4601,,29,,231,,730,,5845,,514,,9,,139,,3122,,279,,2653624845.68311,436912.115184132
160682,16066,Thüringen,,,2025,,16066,SCHMALKALDEN-MEININGEN,7944,,64.44,,76248,,618.52,,161,,8318,,5114,,717,,14310,,116.08,,18450,,98502,,799.05,,7654,,57,,233,,1519,,15166,,1238,,30,,310,,4159,,645,,3105330854.53906,456437.79507243
160683,16067,Thüringen,,,2025,,16067,GOTHA,7178,,53.38,,76725,,570.56,,134,,8071,,3594,,747,,12546,,93.3,,17399,,96449,,717.24,,6911,,70,,197,,1748,,11638,,1279,,35,,287,,2975,,332,,2350685498.01172,319178.566445635
160684,16068,Thüringen,,,2022,,16068,SOEMMERDA,4113,,59.52,,40659,,588.35,,64,,4709,,2593,,409,,7775,,112.51,,10235,,52547,,760.37,,3844,,39,,230,,747,,4753,,387,,27,,170,,2188,,235,,2048746893.60986,368509.292260982
160685,16069,Thüringen,,,2022,,16069,HILDBURGHAUSEN,3948,,63.01,,39236,,626.21,,85,,3940,,3534,,353,,7912,,126.28,,10968,,51096,,815.5,,3762,,27,,159,,637,,6559,,414,,6,,107,,2840,,587,,2308447466.07617,417366.625033525
160686,16070,Thüringen,,,2022,,16070,ILM-KREIS,5579,,52.83,,59092,,559.55,,99,,5582,,2740,,499,,8920,,84.46,,11994,,73591,,696.84,,5383,,33,,163,,1027,,9551,,694,,26,,279,,2202,,259,,2004097735.0376,352054.139221787
160687,16071,Thüringen,,,2022,,16071,WEIMARER-LAND,5153,,62.62,,48804,,593.07,,120,,6012,,3287,,432,,9851,,119.71,,11307,,63808,,775.39,,4927,,34,,192,,931,,6293,,564,,13,,151,,2774,,362,,2026105576.42578,428742.512334617
160688,16068,Thüringen,,,2023,,16068,SOEMMERDA,4197,,61.08,,40604,,590.89,,69,,4802,,2660,,422,,7953,,115.74,,10465,,52754,,767.7,,3938,,44,,215,,754,,4909,,419,,23,,165,,2265,,230,,2048746893.60986,368509.292260982
160689,16069,Thüringen,,,2023,,16069,HILDBURGHAUSEN,5991,,96.49,,39304,,633.03,,82,,4062,,3623,,345,,8112,,130.65,,11227,,53407,,860.17,,5806,,28,,157,,636,,6752,,460,,8,,101,,2939,,583,,2308447466.07617,417366.625033525
160690,16070,Thüringen,,,2023,,16070,ILM-KREIS,5707,,54.16,,59043,,560.36,,105,,5710,,2821,,509,,9145,,86.79,,12239,,73895,,701.31,,5509,,38,,160,,1051,,9738,,763,,28,,276,,2291,,254,,2004097735.0376,352054.139221787
160691,16071,Thüringen,,,2023,,16071,WEIMARER-LAND,5387,,65.61,,49011,,596.95,,118,,6098,,3394,,444,,10054,,122.46,,11633,,64452,,785.01,,5170,,36,,181,,967,,6487,,658,,15,,143,,2891,,360,,2026105576.42578,428742.512334617
160692,16068,Thüringen,,,2024,,16068,SOEMMERDA,4249,,61.01,,40606,,583.03,,75,,4882,,2750,,429,,8136,,116.82,,10590,,52991,,760.86,,4000,,39,,210,,753,,5069,,476,,25,,164,,2359,,227,,2048746893.60986,368509.292260982
160693,16069,Thüringen,,,2024,,16069,HILDBURGHAUSEN,5865,,94.71,,39167,,632.48,,87,,4145,,3660,,357,,8249,,133.21,,11373,,53281,,860.4,,5685,,33,,147,,651,,6900,,492,,9,,95,,2993,,572,,2308447466.07617,417366.625033525
160694,16070,Thüringen,,,2024,,16070,ILM-KREIS,5737,,53.73,,58980,,552.37,,104,,5776,,2853,,512,,9245,,86.58,,12315,,73962,,692.68,,5565,,35,,137,,1075,,9967,,813,,26,,259,,2348,,246,,2004097735.0376,352054.139221787
160695,16071,Thüringen,,,2024,,16071,WEIMARER-LAND,5501,,66.13,,49340,,593.18,,122,,6190,,3495,,449,,10256,,123.3,,11987,,65097,,782.61,,5298,,43,,160,,991,,6756,,723,,14,,144,,2995,,356,,2026105576.42578,428742.512334617
160696,16068,Thüringen,,,2025,,16068,SOEMMERDA,4336,,62.46,,40754,,587.08,,74,,4890,,2788,,423,,8175,,117.76,,10758,,53265,,767.31,,4096,,42,,198,,757,,5237,,545,,27,,151,,2411,,226,,2048746893.60986,368509.292260982
160697,16069,Thüringen,,,2025,,16069,HILDBURGHAUSEN,4266,,69.56,,39021,,636.26,,85,,4245,,3695,,360,,8385,,136.72,,11508,,51672,,842.54,,4094,,37,,135,,659,,7022,,551,,10,,87,,3037,,571,,2308447466.07617,417366.625033525
160698,16070,Thüringen,,,2025,,16070,ILM-KREIS,5918,,55.42,,58999,,552.55,,97,,5831,,2911,,499,,9338,,87.45,,12506,,74255,,695.43,,5751,,34,,133,,1050,,10244,,874,,26,,249,,2419,,243,,2004097735.0376,352054.139221787
160699,16072,Thüringen,,,2022,,16072,SONNEBERG,3346,,58.66,,34867,,611.23,,60,,2884,,1912,,243,,5099,,89.39,,6845,,43312,,759.27,,3241,,12,,93,,613,,7222,,238,,27,,136,,1432,,344,,1133424115.54199,252985.860110166
160700,16073,Thüringen,,,2022,,16073,SAALFELD-RUDOLSTADT,6375,,62.41,,60360,,590.96,,219,,6338,,4479,,534,,11570,,113.28,,14295,,78305,,766.65,,6139,,31,,205,,1010,,10118,,613,,28,,170,,3576,,733,,2504893035.99023,456659.4795548
160701,16074,Thüringen,,,2022,,16074,SAALE-HOLZLANDKREIS,4896,,59.12,,49777,,601.06,,110,,5250,,4171,,502,,10033,,121.15,,12026,,64706,,781.32,,4719,,23,,154,,880,,6786,,583,,25,,309,,3253,,609,,2047878580.44434,373888.685243469
160702,16075,Thüringen,,,2022,,16075,SAALE-ORLA-KREIS,5139,,64.53,,50465,,633.73,,27,,5791,,5390,,492,,11700,,146.93,,15772,,67304,,845.19,,4934,,19,,186,,798,,7393,,471,,23,,300,,4120,,970,,2852765526.98535,402560.987506661
160703,16072,Thüringen,,,2023,,16072,SONNEBERG,3517,,62.24,,34752,,615.04,,63,,2932,,1942,,254,,5191,,91.87,,7022,,43460,,769.15,,3417,,14,,86,,614,,7322,,270,,25,,118,,1486,,338,,1133424115.54199,252985.860110166
160704,16073,Thüringen,,,2023,,16073,SAALFELD-RUDOLSTADT,6459,,63.97,,59950,,593.75,,221,,6422,,4615,,538,,11796,,116.83,,14655,,78205,,774.54,,6234,,31,,194,,1024,,10217,,695,,30,,173,,3704,,738,,2504893035.99023,456659.4795548
160705,16074,Thüringen,,,2023,,16074,SAALE-HOLZLANDKREIS,5087,,61.65,,49732,,602.72,,117,,5424,,4285,,501,,10327,,125.16,,12441,,65146,,789.52,,4923,,23,,141,,857,,7004,,644,,23,,290,,3393,,602,,2047878580.44434,373888.685243469
160706,16075,Thüringen,,,2023,,16075,SAALE-ORLA-KREIS,5245,,66.37,,50260,,635.96,,31,,5815,,5487,,501,,11834,,149.74,,16070,,67339,,852.07,,5049,,20,,176,,794,,7609,,532,,26,,299,,4237,,951,,2852765526.98535,402560.987506661
160707,16072,Thüringen,,,2024,,16072,SONNEBERG,3568,,62.68,,34763,,610.71,,64,,2947,,1966,,266,,5243,,92.11,,7190,,43574,,765.5,,3469,,14,,85,,593,,7389,,307,,25,,115,,1510,,341,,1133424115.54199,252985.860110166
160708,16073,Thüringen,,,2024,,16073,SAALFELD-RUDOLSTADT,6599,,65.02,,59955,,590.72,,224,,6561,,4721,,542,,12048,,118.71,,14867,,78602,,774.45,,6368,,39,,192,,1041,,10509,,776,,29,,171,,3826,,724,,2504893035.99023,456659.4795548
160709,16074,Thüringen,,,2024,,16074,SAALE-HOLZLANDKREIS,5193,,62.39,,49815,,598.49,,114,,5574,,4350,,514,,10552,,126.78,,12681,,65560,,787.66,,5041,,24,,128,,878,,7283,,710,,25,,266,,3491,,593,,2047878580.44434,373888.685243469
160710,16071,Thüringen,,,2025,,16071,WEIMARER-LAND,5501,,66.36,,49550,,597.77,,116,,6272,,3581,,453,,10422,,125.73,,12249,,65473,,789.86,,5313,,40,,148,,1007,,7035,,779,,15,,142,,3087,,352,,2026105576.42578,428742.512334617
160711,16072,Thüringen,,,2025,,16072,SONNEBERG,3718,,65.88,,34534,,611.94,,69,,2989,,1970,,259,,5287,,93.68,,7314,,43539,,771.5,,3624,,14,,80,,599,,7463,,334,,3,,116,,1524,,330,,1133424115.54199,252985.860110166
160712,16073,Thüringen,,,2025,,16073,SAALFELD-RUDOLSTADT,6678,,66.09,,59933,,593.14,,237,,6651,,4758,,536,,12182,,120.56,,15037,,78793,,779.79,,6443,,44,,191,,1023,,10810,,833,,27,,158,,3891,,709,,2504893035.99023,456659.4795548
160713,16074,Thüringen,,,2025,,16074,SAALE-HOLZLANDKREIS,5295,,63.3,,49905,,596.64,,114,,5654,,4394,,518,,10680,,127.69,,12862,,65880,,787.63,,5142,,26,,127,,872,,7481,,800,,31,,240,,3568,,586,,2047878580.44434,373888.685243469
160714,16076,Thüringen,,,2022,,16076,GREIZ,5996,,62.03,,60165,,622.39,,95,,7364,,4263,,664,,12386,,128.13,,14548,,78547,,812.54,,5791,,29,,176,,1177,,8265,,623,,15,,444,,3331,,488,,2110886074.65088,456534.325472582
160715,16077,Thüringen,,,2022,,16077,ALTENBURGER LAND,5055,,57.21,,51456,,582.37,,88,,4906,,1824,,426,,7244,,81.99,,10702,,63755,,721.57,,4930,,35,,90,,911,,5068,,424,,18,,314,,1403,,107,,1433295097.05371,252564.374858178
160716,16076,Thüringen,,,2023,,16076,GREIZ,6141,,63.9,,60031,,624.66,,106,,7349,,4307,,676,,12438,,129.42,,14836,,78610,,817.99,,5926,,31,,184,,1216,,8429,,690,,15,,349,,3482,,476,,2110886074.65088,456534.325472582
160717,16077,Thüringen,,,2023,,16077,ALTENBURGER LAND,5265,,59.96,,51195,,583.04,,87,,4988,,1879,,446,,7400,,84.28,,10972,,63860,,727.28,,5147,,37,,81,,933,,5192,,474,,18,,335,,1442,,102,,1433295097.05371,252564.374858178
160718,16075,Thüringen,,,2024,,16075,SAALE-ORLA-KREIS,5356,,67.65,,50196,,633.96,,27,,5946,,5627,,503,,12103,,152.86,,16510,,67655,,854.47,,5169,,18,,169,,810,,7813,,578,,22,,328,,4360,,939,,2852765526.98535,402560.987506661
160719,16076,Thüringen,,,2024,,16076,GREIZ,6321,,65.58,,59909,,621.59,,112,,7422,,4379,,702,,12615,,130.89,,15095,,78845,,818.06,,6101,,35,,185,,1239,,8648,,775,,16,,325,,3579,,475,,2110886074.65088,456534.325472582
160720,16077,Thüringen,,,2024,,16077,ALTENBURGER LAND,5405,,60.88,,51337,,578.2,,91,,5059,,1941,,453,,7544,,84.97,,11151,,64286,,724.05,,5285,,36,,84,,947,,5358,,528,,17,,308,,1527,,106,,1433295097.05371,252564.374858178
160721,16075,Thüringen,,,2025,,16075,SAALE-ORLA-KREIS,5519,,70.2,,50099,,637.24,,15,,6053,,5690,,516,,12274,,156.12,,16716,,67892,,863.56,,5338,,22,,159,,810,,7971,,608,,22,,342,,4441,,907,,2852765526.98535,402560.987506661
160722,16076,Thüringen,,,2025,,16076,GREIZ,6459,,67.59,,59981,,627.66,,113,,7430,,4427,,691,,12661,,132.49,,15250,,79101,,827.74,,6236,,36,,187,,1237,,8888,,872,,17,,287,,3675,,465,,2110886074.65088,456534.325472582
160723,16077,Thüringen,,,2025,,16077,ALTENBURGER LAND,5516,,62.19,,51313,,578.55,,92,,5079,,1908,,457,,7536,,84.97,,11307,,64365,,725.71,,5398,,35,,83,,940,,5580,,567,,18,,262,,1545,,101,,1433295097.05371,252564.374858178
