OBJECTID1,Kreis,Berichtszeitpunkt,Schlüssel Zulassungsbezirk,Zulassungsbezirk,Pkw Insgesamt,ZS Pkw Insgesamt,Pkw Elektro,ZS Pkw Elektro,Pkw BEV,ZS Pkw BEV,Pkw Plug In Hybrid,ZS Pkw Plug In Hybrid,Pkw Brennstoffzelle,ZS Pkw Brennstoffzelle,Pkw Elektro Anteil,ZS Pkw Elektro Anteil,Pkw BEV Anteil,ZS Pkw BEV Anteil,Pkw Plug In Hybrid Anteil,ZS Pkw Plug In Hybrid Anteil,Pkw Brennstoffzelle Anteil,ZS Pkw Brennstoffzelle Anteil,BEZ,Shape__Area,Shape__Length
1,,2023.01,03103,Wolfsburg,121579,,0,.,0,.,0,.,0,.,7.9,,3.9,,4,,0,,Kreisfreie Stadt,204942168.826172,91494.3940080182
2,,2023.01,03102,Salzgitter,56502,,0,.,0,.,0,.,0,.,2.2,,1.3,,0.9,,0,-,Kreisfreie Stadt,225241578.612305,109481.843532545
3,,2023.01,03101,Braunschweig,149301,,0,.,0,.,0,.,0,.,7.1,,4.9,,2.1,,0,,Kreisfreie Stadt,192263016.94043,96253.2221066206
4,,2023.01,02000,Hamburg,813644,,0,.,0,.,0,.,0,.,5.5,,2.5,,3,,0,,Kreisfreie Stadt,752486078.693359,218319.223917463
5,,2023.01,01062,Stormarn,155853,,0,.,0,.,0,.,0,.,4.2,,2.3,,1.9,,0,,Kreis,766059006.546875,254492.948218965
6,,2023.01,01061,Steinburg,83325,,0,.,0,.,0,.,0,.,2.8,,1.9,,0.9,,0,,Kreis,1055624123.08594,193429.843760563
7,,2023.01,01060,Segeberg,173281,,0,.,0,.,0,.,0,.,3.8,,2.2,,1.6,,0,,Kreis,1345767960.55859,287287.284105907
8,,2023.01,01059,Schleswig-Flensburg,133348,,0,.,0,.,0,.,0,.,3.6,,2.6,,1,,0,,Kreis,2070852562.36133,356669.588409604
9,,2023.01,01058,Rendsburg-Eckernförde,178841,,0,.,0,.,0,.,0,.,3.6,,2.4,,1.2,,0,,Kreis,2188406603.16406,351411.986073704
10,,2023.01,01057,Plön,82434,,0,.,0,.,0,.,0,.,3.4,,2.4,,1.1,,0,,Kreis,1083370335.23828,228552.625170368
11,,2023.01,01056,Pinneberg,180611,,0,.,0,.,0,.,0,.,3.8,,2.2,,1.6,,0,,Kreis,663713966.863281,158271.717662983
12,,2023.01,01055,Ostholstein,131197,,0,.,0,.,0,.,0,.,3.2,,1.9,,1.2,,0,-,Kreis,1394318441.49023,334074.13334403
13,,2023.01,01054,Nordfriesland,107293,,0,.,0,.,0,.,0,.,4.4,,3.1,,1.2,,0.1,,Kreis,2090311784.12012,636064.144512072
14,,2023.01,01053,Herzogtum Lauenburg,121756,,0,.,0,.,0,.,0,.,3.4,,2,,1.3,,0,,Kreis,1262927896.33203,256458.727199694
15,,2023.01,01051,Dithmarschen,84029,,0,.,0,.,0,.,0,.,2.7,,1.9,,0.8,,0,,Kreis,1443991936.72363,245572.111008473
16,,2023.01,01004,Neumünster,43444,,0,.,0,.,0,.,0,.,3.9,,2.4,,1.5,,0,,Kreisfreie Stadt,71631910.9277344,54213.2416336757
17,,2023.01,01003,Lübeck,102139,,0,.,0,.,0,.,0,.,3.4,,1.8,,1.7,,0,-,Kreisfreie Stadt,211688220.145508,146471.981758647
18,,2023.01,01002,Kiel,111539,,0,.,0,.,0,.,0,.,3.7,,2.2,,1.6,,0,,Kreisfreie Stadt,119698137.066406,84659.240789817
19,,2023.01,01001,Flensburg,45398,,0,.,0,.,0,.,0,.,4,,2.4,,1.6,,0,,Kreisfreie Stadt,56888946.234375,37654.0538300401
20,,2023.01,08435,Bodenseekreis,142071,,0,.,0,.,0,.,0,.,4.6,,2.3,,2.4,,0,,Landkreis,665234832.079102,196264.544875067
21,,2023.01,08426,Biberach,136070,,0,.,0,.,0,.,0,.,3.5,,2.3,,1.2,,0,-,Landkreis,1409893821.0918,294123.862292792
22,,2023.01,08425,Alb-Donau-Kreis,132984,,0,.,0,.,0,.,0,.,3.6,,2.2,,1.3,,0,,Landkreis,1357392728.38867,400613.419260071
23,,2023.01,08421,Ulm,67727,,0,.,0,.,0,.,0,.,4.8,,2.6,,2.2,,0,,Stadtkreis,119244615.334961,90886.1258529902
24,,2023.01,08417,Zollernalbkreis,131213,,0,.,0,.,0,.,0,.,3.6,,1.8,,1.7,,0,,Landkreis,917298672.389648,200702.700707429
25,,2023.01,08416,Tübingen,129003,,0,.,0,.,0,.,0,.,4.2,,2.3,,1.9,,0,,Landkreis,519905356.571289,168209.697087106
26,,2023.01,08415,Reutlingen,183480,,0,.,0,.,0,.,0,.,4,,2.1,,1.9,,0,,Landkreis,1092260476.94043,248486.106887773
27,,2023.01,08337,Waldshut,110500,,0,.,0,.,0,.,0,.,3.8,,2.4,,1.4,,0,,Landkreis,1130807825.95508,276819.835436996
28,,2023.01,08336,Lörrach,139232,,0,.,0,.,0,.,0,.,3.8,,2.4,,1.4,,0,-,Landkreis,807128916.5625,166962.443862911
29,,2023.01,08335,Konstanz,165023,,0,.,0,.,0,.,0,.,4.1,,2.5,,1.6,,0,,Landkreis,817527869.484375,301955.873771339
30,,2023.01,08327,Tuttlingen,92082,,0,.,0,.,0,.,0,.,4.4,,2.2,,2.2,,0,,Landkreis,734058016.166992,181332.840700999
31,,2023.01,08326,Schwarzwald-Baar-Kreis,134908,,0,.,0,.,0,.,0,.,3.8,,2,,1.9,,0,,Landkreis,1025911911.13281,230407.440447965
32,,2023.01,08325,Rottweil,96677,,0,.,0,.,0,.,0,.,3.7,,2,,1.7,,0,-,Landkreis,769493816.008789,216136.447502954
33,,2023.01,08317,Ortenaukreis,280455,,0,.,0,.,0,.,0,.,3.6,,2.2,,1.4,,0,-,Landkreis,1859817895.98926,262096.114408608
34,,2023.01,08316,Emmendingen,104546,,0,.,0,.,0,.,0,.,3.5,,2.3,,1.2,,0,,Landkreis,680398795.238281,172702.629780998
35,,2023.01,08315,Breisgau-Hochschwarzwald,162886,,0,.,0,.,0,.,0,.,3.8,,2.5,,1.3,,0,,Landkreis,1377672370.40137,370399.271266305
36,,2023.01,08311,Freiburg im Breisgau,95149,,0,.,0,.,0,.,0,.,4.4,,2.6,,1.8,,0,,Stadtkreis,153849224.488281,91014.02371589
37,,2023.01,08237,Freudenstadt,79815,,0,.,0,.,0,.,0,.,3.7,,1.9,,1.8,,0,-,Landkreis,870890176.946289,218933.236918359
38,,2023.01,08236,Enzkreis,136264,,0,.,0,.,0,.,0,.,4.2,,2.4,,1.8,,0,,Landkreis,573013700.561523,230073.925261016
39,,2023.01,08235,Calw,109045,,0,.,0,.,0,.,0,.,4.6,,3.1,,1.5,,0,,Landkreis,797593878.895508,205429.753223687
40,,2023.01,08231,Pforzheim,63725,,0,.,0,.,0,.,0,.,4.3,,2.1,,2.2,,0,,Stadtkreis,98240899.1787109,58511.2928561087
41,,2023.01,08226,Rhein-Neckar-Kreis,358462,,0,.,0,.,0,.,0,.,5.2,,2.5,,2.6,,0,,Landkreis,1060897378.24121,376735.935318718
42,,2023.01,08225,Neckar-Odenwald-Kreis,97042,,0,.,0,.,0,.,0,.,3.4,,1.9,,1.5,,0,-,Landkreis,1125803071.23047,245427.437803649
43,,2023.01,08222,Mannheim,156176,,0,.,0,.,0,.,0,.,4.5,,2,,2.5,,0,,Stadtkreis,145282582.120117,66145.7280531458
44,,2023.01,08221,Heidelberg,61102,,0,.,0,.,0,.,0,.,4.6,,2.3,,2.2,,0,,Stadtkreis,109177300.727539,67290.2437024899
45,,2023.01,08216,Rastatt,153608,,0,.,0,.,0,.,0,.,4.1,,2.4,,1.8,,0,,Landkreis,738745337.001953,298562.837436705
46,,2023.01,08215,Karlsruhe,286622,,0,.,0,.,0,.,0,.,3.9,,2.3,,1.6,,0,,Landkreis,1084489419.02441,286288.605541561
47,,2023.01,08212,Karlsruhe,141504,,0,.,0,.,0,.,0,.,5.4,,2.8,,2.6,,0,,Stadtkreis,174089896.172852,81609.5077277984
48,,2023.01,08211,Baden-Baden,36044,,0,.,0,.,0,.,0,.,4.9,,2.7,,2.2,,0,,Stadtkreis,139961040.21582,98183.8804621679
49,,2023.01,08136,Ostalbkreis,210202,,0,.,0,.,0,.,0,.,3.7,,1.9,,1.8,,0,,Landkreis,1510452892.5166,349788.857320175
50,,2023.01,08135,Heidenheim,86649,,0,.,0,.,0,.,0,.,3,,1.6,,1.4,,0,,Landkreis,627374007.889648,235445.457306892
51,,2023.01,08128,Main-Tauber-Kreis,91749,,0,.,0,.,0,.,0,.,3.1,,1.7,,1.4,,0,-,Landkreis,1304839178.17285,358765.85369454
52,,2023.01,08127,Schwäbisch Hall,134607,,0,.,0,.,0,.,0,.,3.7,,2.2,,1.6,,0,,Landkreis,1483983603.97168,341804.115831159
53,,2023.01,08126,Hohenlohekreis,86203,,0,.,0,.,0,.,0,.,3.6,,2.1,,1.5,,0,,Landkreis,777128184.59375,231938.728929931
54,,2023.01,08125,Heilbronn,251077,,0,.,0,.,0,.,0,.,3.8,,2.1,,1.7,,0,,Landkreis,1098643452.9082,359071.410841577
55,,2023.01,08121,Heilbronn,69024,,0,.,0,.,0,.,0,.,4.1,,1.8,,2.3,,0,,Stadtkreis,100623181.72168,67074.2189974283
56,,2023.01,08119,Rems-Murr-Kreis,271193,,0,.,0,.,0,.,0,.,4.5,,2.3,,2.2,,0,,Landkreis,857365536.928711,214668.079545342
57,,2023.01,08118,Ludwigsburg,336479,,0,.,0,.,0,.,0,.,4.8,,2.3,,2.4,,0,,Landkreis,686632531.452148,212148.528068176
58,,2023.01,08117,Göppingen,169407,,0,.,0,.,0,.,0,.,4,,2.1,,1.9,,0,,Landkreis,642609816.006836,194509.684601541
59,,2023.01,08116,Esslingen,341655,,0,.,0,.,0,.,0,.,5.3,,3,,2.3,,0,,Landkreis,639790912.260742,192186.178502883
60,,2023.01,08115,Böblingen,261103,,0,.,0,.,0,.,0,.,7.8,,3.7,,4.1,,0,,Landkreis,617166961.571289,192935.175303125
61,,2023.01,08111,Stuttgart,299695,,0,.,0,.,0,.,0,.,8.8,,3.8,,5,,0,,Stadtkreis,209953423.669922,96275.2293088448
62,,2023.01,07340,Südwestpfalz,68092,,0,.,0,.,0,.,0,.,2.8,,1.6,,1.2,,0,,Landkreis,954113160.211914,287839.002459541
63,,2023.01,07339,Mainz-Bingen,143858,,0,.,0,.,0,.,0,.,3.7,,2.2,,1.5,,0,-,Landkreis,605620457.03125,228891.65320828
64,,2023.01,07338,Rhein-Pfalz-Kreis,102765,,0,.,0,.,0,.,0,.,3.1,,1.8,,1.2,,0,,Landkreis,304388992.862305,182456.8069609
65,,2023.01,07337,Südliche Weinstraße,78600,,0,.,0,.,0,.,0,.,3.4,,2.1,,1.2,,0,-,Landkreis,639681013.71582,271814.586706335
66,,2023.01,07336,Kusel,47851,,0,.,0,.,0,.,0,.,2.2,,1.3,,1,,0,-,Landkreis,573837615.500977,183994.7760021
67,,2023.01,07335,Kaiserslautern,69861,,0,.,0,.,0,.,0,.,3.1,,1.8,,1.3,,0,-,Landkreis,640571447.892578,268252.938579891
68,,2023.01,07334,Germersheim,84421,,0,.,0,.,0,.,0,.,3.3,,1.8,,1.5,,0,-,Landkreis,463330213.0625,139027.58003438
69,,2023.01,07333,Donnersbergkreis,51659,,0,.,0,.,0,.,0,.,3.1,,2.1,,1,,0,,Landkreis,644631752.258789,159577.632166307
70,,2023.01,07332,Bad Dürkheim,92548,,0,.,0,.,0,.,0,.,3.6,,2.2,,1.4,,0,-,Landkreis,593988929.787109,196085.16675297
71,,2023.01,07331,Alzey-Worms,87807,,0,.,0,.,0,.,0,.,3.4,,2.1,,1.3,,0,-,Landkreis,588117875.958984,189546.478189532
72,,2023.01,07320,Zweibrücken,21609,,0,.,0,.,0,.,0,.,3.6,,1.9,,1.6,,0,-,Kreisfreie Stadt,70802893.0361328,59253.9537753324
73,,2023.01,07319,Worms,46294,,0,.,0,.,0,.,0,.,3.2,,1.6,,1.6,,0,-,Kreisfreie Stadt,108771236.600586,73957.693231704
74,,2023.01,07318,Speyer,29562,,0,.,0,.,0,.,0,.,3.2,,1.8,,1.5,,0,-,Kreisfreie Stadt,42871205.4169922,40161.5178323398
75,,2023.01,07317,Pirmasens,23169,,0,.,0,.,0,.,0,.,3.4,,1.6,,1.7,,0,-,Kreisfreie Stadt,61586073.3691406,48933.9179410104
76,,2023.01,07316,Neustadt an der Weinstraße,33594,,0,.,0,.,0,.,0,.,3.8,,2.3,,1.5,,0,-,Kreisfreie Stadt,117196960.166016,74425.9014137383
77,,2023.01,07315,Mainz,101053,,0,.,0,.,0,.,0,.,4.2,,2.1,,2.1,,0,,Kreisfreie Stadt,97639723.5410156,62475.8854668958
78,,2023.01,07314,Ludwigshafen am Rhein,84662,,0,.,0,.,0,.,0,.,3.8,,1.7,,2.1,,0,,Kreisfreie Stadt,78001717.6855469,51846.815686425
79,,2023.01,07313,Landau in der Pfalz,28225,,0,.,0,.,0,.,0,.,4.9,,2.5,,2.3,,0,-,Kreisfreie Stadt,82985492.3359375,87908.82313436
80,,2023.01,07312,Kaiserslautern,49731,,0,.,0,.,0,.,0,.,4.3,,2.2,,2.1,,0,,Kreisfreie Stadt,140338623.198242,76154.15074223
81,,2023.01,07311,Frankenthal (Pfalz),26973,,0,.,0,.,0,.,0,.,3,,1.3,,1.8,,0,-,Kreisfreie Stadt,43781479.5527344,41147.8587057006
82,,2023.01,07233,Vulkaneifel,42787,,0,.,0,.,0,.,0,.,2.9,,1.6,,1.4,,0,-,Landkreis,911674505.946289,257481.984540412
83,,2023.01,07232,Eifelkreis Bitburg-Prüm,69112,,0,.,0,.,0,.,0,.,3.1,,1.9,,1.2,,0,,Landkreis,1627922517.46289,260563.165497522
84,,2023.01,07231,Bernkastel-Wittlich,76994,,0,.,0,.,0,.,0,.,3.2,,1.8,,1.4,,0,-,Landkreis,1168681557.4209,212499.209410563
85,,2023.01,07211,Trier,157496,,0,.,0,.,0,.,0,.,4.2,,2.5,,1.6,,0,-,Kreisfreie Stadt,1220946433.32129,239144.771120695
86,,2023.01,07143,Westerwaldkreis,140922,,0,.,0,.,0,.,0,.,3.9,,2.2,,1.7,,0,-,Landkreis,990180403.595703,258826.416348373
87,,2023.01,07141,Rhein-Lahn-Kreis,81598,,0,.,0,.,0,.,0,.,3.2,,1.9,,1.3,,0,,Landkreis,781516859.424805,212678.488053315
88,,2023.01,07140,Rhein-Hunsrück-Kreis,72465,,0,.,0,.,0,.,0,.,3.1,,1.9,,1.2,,0,-,Landkreis,991218488.785156,222923.974650335
89,,2023.01,07138,Neuwied,123202,,0,.,0,.,0,.,0,.,3.4,,1.8,,1.6,,0,-,Landkreis,627652391.993164,179551.528669657
90,,2023.01,07137,Mayen-Koblenz,142443,,0,.,0,.,0,.,0,.,3.5,,1.9,,1.7,,0,,Landkreis,816507263.657227,280699.935462887
91,,2023.01,07135,Cochem-Zell,42448,,0,.,0,.,0,.,0,.,3.2,,2,,1.2,,0,,Landkreis,693071688.401367,185715.450794408
92,,2023.01,07134,Birkenfeld,52980,,0,.,0,.,0,.,0,.,2.3,,1.3,,1,,0,-,Landkreis,776624723.824219,174346.642558535
93,,2023.01,07133,Bad Kreuznach,102538,,0,.,0,.,0,.,0,.,3.1,,1.8,,1.3,,0,-,Landkreis,864147548.796875,190511.509267926
94,,2023.01,07132,Altenkirchen (Westerwald),85867,,0,.,0,.,0,.,0,.,3.4,,1.8,,1.6,,0,,Landkreis,641192280.124023,226666.627454279
95,,2023.01,07131,Ahrweiler,86516,,0,.,0,.,0,.,0,.,3.1,,1.6,,1.5,,0,,Landkreis,787045522.314453,198523.740877045
96,,2023.01,07111,Koblenz,64459,,0,.,0,.,0,.,0,.,4.8,,1.9,,2.9,,0,,Kreisfreie Stadt,105904244.056641,60287.0431391488
97,,2023.01,06636,Werra-Meißner-Kreis,63485,,0,.,0,.,0,.,0,.,2.8,,1.7,,1.1,,0,,Landkreis,1024390382.30957,277652.532707859
98,,2023.01,06635,Waldeck-Frankenberg,106784,,0,.,0,.,0,.,0,.,3.1,,2,,1.1,,0,-,Landkreis,1847907077.81836,315498.946529771
99,,2023.01,06634,Schwalm-Eder-Kreis,121179,,0,.,0,.,0,.,0,.,3.3,,2.2,,1.1,,0,-,Landkreis,1539557454.19043,265332.770302823
100,,2023.01,06633,Kassel,152947,,0,.,0,.,0,.,0,.,4.1,,2.6,,1.6,,0,,Landkreis,1294912578.55566,372267.148483234
101,,2023.01,06632,Hersfeld-Rotenburg,80464,,0,.,0,.,0,.,0,.,2.6,,1.5,,1.1,,0,-,Landkreis,1097989054.38477,239660.411478028
102,,2023.01,06631,Fulda,146398,,0,.,0,.,0,.,0,.,3.7,,2.3,,1.4,,0,-,Landkreis,1381379533.09277,249554.88527543
103,,2023.01,06611,Kassel,91211,,0,.,0,.,0,.,0,.,4.6,,2.4,,2.2,,0,,Kreisfreie Stadt,104921361.786133,63284.3782922191
104,,2023.01,06535,Vogelsbergkreis,73113,,0,.,0,.,0,.,0,.,2.8,,1.6,,1.2,,0,,Landkreis,1458289489.31641,281352.484060151
105,,2023.01,06534,Marburg-Biedenkopf,145515,,0,.,0,.,0,.,0,.,2.9,,1.9,,1.1,,0,,Landkreis,1262136369.50879,219577.755636121
106,,2023.01,06533,Limburg-Weilburg,114462,,0,.,0,.,0,.,0,.,3.8,,2.1,,1.7,,0,,Landkreis,738799141.473633,172150.712110974
107,,2023.01,06532,Lahn-Dill-Kreis,166111,,0,.,0,.,0,.,0,.,3.4,,1.8,,1.6,,0,,Landkreis,1065703391.12305,219282.031563173
108,,2023.01,06531,Gießen,157470,,0,.,0,.,0,.,0,.,3.8,,2.1,,1.8,,0,,Landkreis,855487307.994141,217540.28512267
109,,2023.01,06440,Wetteraukreis,196850,,0,.,0,.,0,.,0,.,3.8,,2,,1.9,,0,,Landkreis,1100715408.88379,263849.646027959
110,,2023.01,06439,Rheingau-Taunus-Kreis,123491,,0,.,0,.,0,.,0,.,4.1,,2.3,,1.8,,0,,Landkreis,811919270.723633,202814.412874961
111,,2023.01,06438,Offenbach,219548,,0,.,0,.,0,.,0,.,3.6,,1.8,,1.8,,0,,Landkreis,356325742.489258,116884.314834115
112,,2023.01,06437,Odenwaldkreis,63454,,0,.,0,.,0,.,0,.,3.2,,1.7,,1.4,,0,-,Landkreis,624772037.275391,175001.809901493
113,,2023.01,06436,Main-Taunus-Kreis,186323,,0,.,0,.,0,.,0,.,4.1,,1.8,,2.3,,0,,Landkreis,221572678.726563,117470.580064287
114,,2023.01,06435,Main-Kinzig-Kreis,263855,,0,.,0,.,0,.,0,.,3.2,,1.7,,1.4,,0,,Landkreis,1396882132.06348,301311.443067471
115,,2023.01,06434,Hochtaunuskreis,164008,,0,.,0,.,0,.,0,.,5,,2.4,,2.6,,0,,Landkreis,480907993.546875,149540.699349362
116,,2023.01,06433,Groß-Gerau,157450,,0,.,0,.,0,.,0,.,3.7,,1.7,,2,,0,,Landkreis,453325723.345703,139558.201442013
117,,2023.01,06432,Darmstadt-Dieburg,189974,,0,.,0,.,0,.,0,.,3.9,,2.2,,1.6,,0,,Landkreis,658153392.793945,213944.367990509
118,,2023.01,06431,Bergstraße,176662,,0,.,0,.,0,.,0,.,3.8,,2,,1.8,,0,,Landkreis,718875616.819336,230665.645395089
119,,2023.01,06414,Wiesbaden,213111,,0,.,0,.,0,.,0,.,14.7,,7.8,,6.8,,0,,Kreisfreie Stadt,203813810.47168,76452.2375274593
120,,2023.01,06413,Offenbach am Main,59192,,0,.,0,.,0,.,0,.,4.5,,1.9,,2.2,,0.3,,Kreisfreie Stadt,45319131.9121094,40703.3801450091
121,,2023.01,06412,Frankfurt am Main,347638,,0,.,0,.,0,.,0,.,8.6,,3.8,,4.7,,0,,Kreisfreie Stadt,248120855.9375,107738.706029347
122,,2023.01,06411,Darmstadt,73020,,0,.,0,.,0,.,0,.,5.3,,2.6,,2.7,,0,,Kreisfreie Stadt,122738117.188477,62500.6786556625
123,,2023.01,05978,Unna,242913,,0,.,0,.,0,.,0,.,3.6,,2,,1.6,,0,,Kreis,542824039.868164,199548.421166447
124,,2023.01,05974,Soest,195380,,0,.,0,.,0,.,0,.,4.3,,2.5,,1.8,,0,,Kreis,1329390562.89063,220152.441730781
125,,2023.01,05970,Siegen-Wittgenstein,179021,,0,.,0,.,0,.,0,.,4.1,,2,,2.1,,0,,Kreis,1134040384.64648,221838.742179044
126,,2023.01,05966,Olpe,91308,,0,.,0,.,0,.,0,.,3.8,,1.9,,1.9,,0,,Kreis,711944622.895508,191915.420333218
127,,2023.01,05962,Märkischer Kreis,256655,,0,.,0,.,0,.,0,.,3.4,,1.6,,1.8,,0,,Kreis,1060666564.4502,204522.776842104
128,,2023.01,05958,Hochsauerlandkreis,171631,,0,.,0,.,0,.,0,.,3.7,,2.1,,1.6,,0,,Kreis,1960082964.80859,346919.353405294
129,,2023.01,05954,Ennepe-Ruhr-Kreis,202134,,0,.,0,.,0,.,0,.,3.7,,1.9,,1.8,,0,,Kreis,410907296.693359,167823.691284811
130,,2023.01,05916,Herne,78784,,0,.,0,.,0,.,0,.,2.6,,1.2,,1.4,,0,,Kreisfreie Stadt,51509648.4521484,39643.8392912932
131,,2023.01,05915,Hamm,99677,,0,.,0,.,0,.,0,.,3.2,,1.8,,1.3,,0,,Kreisfreie Stadt,227720983.532227,93458.3884714458
132,,2023.01,05914,Hagen,99840,,0,.,0,.,0,.,0,.,3.3,,1.5,,1.8,,0,,Kreisfreie Stadt,160316710.286133,85106.2549919045
133,,2023.01,05913,Dortmund,297945,,0,.,0,.,0,.,0,.,4,,1.8,,2.1,,0,,Kreisfreie Stadt,279662802.373047,98303.0284601238
134,,2023.01,05911,Bochum,214175,,0,.,0,.,0,.,0,.,4.6,,2.1,,2.5,,0,,Kreisfreie Stadt,144803780.694336,64025.0873014356
135,,2023.01,05774,Paderborn,188943,,0,.,0,.,0,.,0,.,4.6,,2.9,,1.7,,0,,Kreis,1246777280.7627,204588.642993027
136,,2023.01,05770,Minden-Lübbecke,206941,,0,.,0,.,0,.,0,.,3.5,,2.1,,1.3,,0,-,Kreis,1151990376.89063,261061.025532273
137,,2023.01,05766,Lippe,220417,,0,.,0,.,0,.,0,.,3.7,,2.3,,1.4,,0,-,Kreis,1245878538.81934,235200.589696812
138,,2023.01,05762,Höxter,91601,,0,.,0,.,0,.,0,.,3.5,,2.2,,1.3,,0,-,Kreis,1200707448.32422,216307.222826842
139,,2023.01,05758,Herford,165929,,0,.,0,.,0,.,0,.,4.3,,2.6,,1.7,,0,,Kreis,450726367.121094,152051.688893975
140,,2023.01,05754,Gütersloh,236894,,0,.,0,.,0,.,0,.,4.3,,2.5,,1.8,,0,,Kreis,969612643.183594,211345.177555524
141,,2023.01,05711,Bielefeld,178189,,0,.,0,.,0,.,0,.,4.8,,2.9,,1.9,,0,,Kreisfreie Stadt,259184268.935547,98214.7178138864
142,,2023.01,05570,Warendorf,178018,,0,.,0,.,0,.,0,.,3.6,,2.3,,1.3,,0,,Kreis,1318578231.76758,239020.016740479
143,,2023.01,05566,Steinfurt,282484,,0,.,0,.,0,.,0,.,4.2,,2.6,,1.6,,0,,Kreis,1795416420.94824,253521.367273162
144,,2023.01,05562,Recklinghausen,361273,,0,.,0,.,0,.,0,.,3,,1.6,,1.4,,0,,Kreis,761405655.898438,195517.150872042
145,,2023.01,05558,Coesfeld,143727,,0,.,0,.,0,.,0,.,3.9,,2.5,,1.4,,0,,Kreis,1112317887.10254,218543.143405152
146,,2023.01,05554,Borken,232866,,0,.,0,.,0,.,0,.,4.4,,2.7,,1.7,,0,,Kreis,1421361804.71777,271032.558216467
147,,2023.01,05515,Münster,151318,,0,.,0,.,0,.,0,.,5.2,,2.8,,2.4,,0,,Kreisfreie Stadt,303536651.791016,104146.926446906
148,,2023.01,05513,Gelsenkirchen,124445,,0,.,0,.,0,.,0,.,2.8,,1.4,,1.5,,0,,Kreisfreie Stadt,105321074.493164,57216.534225466
149,,2023.01,05512,Bottrop,70110,,0,.,0,.,0,.,0,.,3.1,,1.6,,1.4,,0,,Kreisfreie Stadt,100248242.984375,57675.0683142118
150,,2023.01,05382,Rhein-Sieg-Kreis,375141,,0,.,0,.,0,.,0,.,3.6,,1.9,,1.6,,0,,Kreis,1152349724.42285,315908.196767241
151,,2023.01,05378,Rheinisch-Bergischer Kreis,184798,,0,.,0,.,0,.,0,.,4.6,,2.4,,2.2,,0,,Kreis,438100913.793945,166197.113748431
152,,2023.01,05374,Oberbergischer Kreis,182092,,0,.,0,.,0,.,0,.,3.7,,1.9,,1.8,,0,-,Kreis,918229534.572266,223732.776465669
153,,2023.01,05370,Heinsberg,166958,,0,.,0,.,0,.,0,.,3.4,,1.8,,1.6,,0,,Kreis,627392069.150391,166228.096673107
154,,2023.01,05366,Euskirchen,151535,,0,.,0,.,0,.,0,.,7.1,,4.6,,2.4,,0,-,Kreis,1250281279.92773,290405.800465605
155,,2023.01,05362,Rhein-Erft-Kreis,288878,,0,.,0,.,0,.,0,.,3.7,,1.9,,1.8,,0,,Kreis,703016562.010742,194838.575207755
156,,2023.01,05358,Düren,168041,,0,.,0,.,0,.,0,.,3.9,,2.3,,1.6,,0,,Kreis,940371029.933594,239403.533273169
157,,2023.01,05334,Städteregion Aachen,300636,,0,.,0,.,0,.,0,.,4.3,,2.3,,2.1,,0,,Kreis,704441130.219727,270249.499551821
158,,2023.01,05316,Leverkusen,91542,,0,.,0,.,0,.,0,.,4.5,,2,,2.5,,0,,Kreisfreie Stadt,78780864.5332031,52325.2401412013
159,,2023.01,05315,Köln,493614,,0,.,0,.,0,.,0,.,5,,2,,3,,0,,Kreisfreie Stadt,406768174.274414,122756.879624915
160,,2023.01,05314,Bonn,174650,,0,.,0,.,0,.,0,.,4.7,,2.4,,2.3,,0,,Kreisfreie Stadt,141610673.71582,65631.2890915728
161,,2023.01,05170,Wesel,293795,,0,.,0,.,0,.,0,.,3.6,,2.1,,1.5,,0,,Kreis,1042254695.52344,236903.50644036
162,,2023.01,05166,Viersen,192881,,0,.,0,.,0,.,0,.,3.6,,2.1,,1.5,,0,,Kreis,563607848.28418,149013.658961646
163,,2023.01,05162,Rhein-Kreis Neuss,279152,,0,.,0,.,0,.,0,.,3.9,,2,,1.9,,0,,Kreis,576484962.40332,171376.374023709
164,,2023.01,05158,Mettmann,301305,,0,.,0,.,0,.,0,.,4.6,,2.3,,2.3,,0,,Kreis,407951393.454102,178740.284376613
165,,2023.01,05154,Kleve,201523,,0,.,0,.,0,.,0,.,3.6,,1.9,,1.7,,0,,Kreis,1233480468.46582,273797.765568249
166,,2023.01,05124,Wuppertal,178584,,0,.,0,.,0,.,0,.,3.9,,2,,2,,0,,Kreisfreie Stadt,168439928.404297,87139.7015602039
167,,2023.01,05122,Solingen,98745,,0,.,0,.,0,.,0,.,4.7,,2.8,,1.9,,0,,Kreisfreie Stadt,88995921.1865234,60702.010830767
168,,2023.01,05120,Remscheid,63907,,0,.,0,.,0,.,0,.,3.9,,1.8,,2,,0,,Kreisfreie Stadt,74084053.7412109,46566.6416204877
169,,2023.01,05119,Oberhausen,113678,,0,.,0,.,0,.,0,.,3.2,,1.6,,1.6,,0,,Kreisfreie Stadt,77442381.3349609,47165.0388934437
170,,2023.01,05117,Mülheim an der Ruhr,95070,,0,.,0,.,0,.,0,.,4,,1.9,,2.1,,0,,Kreisfreie Stadt,91288609.5791016,47771.7305814314
171,,2023.01,05116,Mönchengladbach,143152,,0,.,0,.,0,.,0,.,3.8,,1.7,,2,,0,,Kreisfreie Stadt,170626170.893555,84169.1695040052
172,,2023.01,05114,Krefeld,121798,,0,.,0,.,0,.,0,.,3.5,,1.7,,1.8,,0,,Kreisfreie Stadt,136588715.342773,63616.6954308927
173,,2023.01,05113,Essen,295308,,0,.,0,.,0,.,0,.,4.3,,1.8,,2.5,,0,,Kreisfreie Stadt,210457058.47168,81440.8394355414
174,,2023.01,05112,Duisburg,237099,,0,.,0,.,0,.,0,.,2.6,,1.3,,1.3,,0,,Kreisfreie Stadt,233192439.330078,95785.9402818368
175,,2023.01,05111,Düsseldorf,321540,,0,.,0,.,0,.,0,.,6.5,,2.3,,4.1,,0,,Kreisfreie Stadt,217546071.861328,112285.366144823
176,,2023.01,04012,Bremerhaven,51997,,0,.,0,.,0,.,0,.,2.8,,1.5,,1.3,,0,-,Kreisfreie Stadt,94128150.2773438,77653.3498236271
177,,2023.01,04011,Bremen,247326,,0,.,0,.,0,.,0,.,3.7,,1.7,,2,,0,,Kreisfreie Stadt,326188860.736328,152668.942381665
178,,2023.01,03462,Wittmund,37301,,0,.,0,.,0,.,0,.,2.2,,1.4,,0.8,,0,-,Landkreis,660805508.28125,237460.49211554
179,,2023.01,03461,Wesermarsch,54494,,0,.,0,.,0,.,0,.,2.5,,1.6,,0.9,,0,-,Landkreis,827952082.020508,201926.225735977
180,,2023.01,03460,Vechta,90929,,0,.,0,.,0,.,0,.,4.1,,2.5,,1.6,,0,-,Landkreis,813816410.000977,175258.930309861
181,,2023.01,03459,Osnabrück,236397,,0,.,0,.,0,.,0,.,3.5,,2.2,,1.4,,0,,Landkreis,2121066219.41406,375663.605339353
182,,2023.01,03458,Oldenburg,86374,,0,.,0,.,0,.,0,.,3.4,,2,,1.3,,0,-,Landkreis,1065025726.70703,198207.041247946
183,,2023.01,03457,Leer,106570,,0,.,0,.,0,.,0,.,2.9,,1.8,,1,,0,,Landkreis,1089662558.6543,230485.427283503
184,,2023.01,03456,Grafschaft Bentheim,87613,,0,.,0,.,0,.,0,.,4.4,,2.6,,1.7,,0,-,Landkreis,982099052.395508,194064.715881315
185,,2023.01,03455,Friesland,67562,,0,.,0,.,0,.,0,.,3.1,,1.9,,1.1,,0,,Landkreis,618912788.368164,207826.195154195
186,,2023.01,03454,Emsland,210022,,0,.,0,.,0,.,0,.,3.9,,2.4,,1.5,,0,,Landkreis,2883746490.64648,300655.969692117
187,,2023.01,03453,Cloppenburg,106139,,0,.,0,.,0,.,0,.,3.3,,2,,1.3,,0,,Landkreis,1421047102.89844,228211.076254937
188,,2023.01,03452,Aurich,120048,,0,.,0,.,0,.,0,.,2.9,,1.9,,1,,0,,Landkreis,1298652890.11816,359604.750190608
189,,2023.01,03451,Ammerland,82228,,0,.,0,.,0,.,0,.,3.3,,2.1,,1.3,,0,-,Landkreis,730131105.62207,153874.205387695
190,,2023.01,03405,Wilhelmshaven,40363,,0,.,0,.,0,.,0,.,2.2,,1.2,,1.1,,0,,Kreisfreie Stadt,108248172.838867,56249.714135824
191,,2023.01,03404,Osnabrück,87973,,0,.,0,.,0,.,0,.,4.8,,2.6,,2.2,,0,,Kreisfreie Stadt,120208161.90625,72502.7445112705
192,,2023.01,03403,Oldenburg (Oldb),90544,,0,.,0,.,0,.,0,.,4.9,,2.5,,2.4,,0,,Kreisfreie Stadt,103735226.646484,51943.3296956358
193,,2023.01,03402,Emden,25450,,0,.,0,.,0,.,0,.,3.7,,2.4,,1.3,,0,,Kreisfreie Stadt,111796448.801758,67063.655941761
194,,2023.01,03401,Delmenhorst,42955,,0,.,0,.,0,.,0,.,2.7,,1.3,,1.4,,0,,Kreisfreie Stadt,62467798.5947266,46257.9381557184
195,,2023.01,03361,Verden,88683,,0,.,0,.,0,.,0,.,3.2,,1.9,,1.3,,0,,Landkreis,789081710.703125,224811.846339036
196,,2023.01,03360,Uelzen,58345,,0,.,0,.,0,.,0,.,3.6,,2.1,,1.5,,0,-,Landkreis,1462207700.17188,220612.035508098
197,,2023.01,03359,Stade,128472,,0,.,0,.,0,.,0,.,3.4,,1.9,,1.5,,0,-,Landkreis,1269075763.50293,265280.850857743
198,,2023.01,03358,Heidekreis,90463,,0,.,0,.,0,.,0,.,2.8,,1.7,,1.1,,0,,Landkreis,1881746242.97168,365225.831866227
199,,2023.01,03357,Rotenburg (Wümme),118963,,0,.,0,.,0,.,0,.,3.3,,2,,1.3,,0,,Landkreis,2073801406.19531,353552.266818007
200,,2023.01,03356,Osterholz,74478,,0,.,0,.,0,.,0,.,3.2,,2,,1.2,,0,,Landkreis,653279865,179710.225107181
201,,2023.01,03355,Lüneburg,107484,,0,.,0,.,0,.,0,.,3.8,,2.2,,1.6,,0,,Landkreis,1327357220.72852,318554.960422675
202,,2023.01,03354,Lüchow-Dannenberg,31531,,0,.,0,.,0,.,0,.,2.8,,1.7,,1.1,,0,-,Landkreis,1226546093.60547,227707.256898562
203,,2023.01,03353,Harburg,170824,,0,.,0,.,0,.,0,.,3.7,,2.1,,1.6,,0,,Landkreis,1249117601.8291,256626.86543829
204,,2023.01,03352,Cuxhaven,128299,,0,.,0,.,0,.,0,.,2.5,,1.5,,1,,0,,Landkreis,2058739992.30664,308454.913252573
205,,2023.01,03351,Celle,112327,,0,.,0,.,0,.,0,.,3.2,,1.8,,1.5,,0,,Landkreis,1550684013.71582,246181.705103521
206,,2023.01,03257,Schaumburg,104081,,0,.,0,.,0,.,0,.,3.2,,2.1,,1.1,,0,-,Landkreis,676300755.381836,206397.981008128
207,,2023.01,03256,Nienburg (Weser),79539,,0,.,0,.,0,.,0,.,3,,1.9,,1.1,,0,,Landkreis,1400917922.84375,317688.390120049
208,,2023.01,03255,Holzminden,45584,,0,.,0,.,0,.,0,.,2.8,,1.5,,1.3,,0,-,Landkreis,694472629.105469,189171.307052356
209,,2023.01,03254,Hildesheim,163581,,0,.,0,.,0,.,0,.,3.2,,1.9,,1.3,,0,,Landkreis,1207789320.64551,251154.965666091
210,,2023.01,03252,Hameln-Pyrmont,93961,,0,.,0,.,0,.,0,.,3,,1.8,,1.2,,0,,Landkreis,797764574.958984,210020.338817558
211,,2023.01,03251,Diepholz,144969,,0,.,0,.,0,.,0,.,3.5,,2,,1.4,,0,,Landkreis,1991034474.31836,308652.494010019
212,,2023.01,03241,Region Hannover,595382,,0,.,0,.,0,.,0,.,3.9,,2.1,,1.8,,0,,Landkreis,2297326127.13477,379374.837502092
213,,2023.01,03159,Göttingen,186011,,0,.,0,.,0,.,0,.,3.4,,2,,1.4,,0,-,Landkreis,1754861833.00781,385590.386200199
214,,2023.01,03158,Wolfenbüttel,76307,,0,.,0,.,0,.,0,.,3.3,,2.2,,1.1,,0,,Landkreis,724065535.433594,215640.850159417
215,,2023.01,03157,Peine,86831,,0,.,0,.,0,.,0,.,3.3,,2.2,,1.1,,0,,Landkreis,536101104.076172,149602.771432759
216,,2023.01,03155,Northeim,89362,,0,.,0,.,0,.,0,.,3.1,,1.9,,1.2,,0,-,Landkreis,1269651774.30176,228982.313706335
217,,2023.01,03154,Helmstedt,57120,,0,.,0,.,0,.,0,.,3.4,,2.2,,1.2,,0,,Landkreis,675687788.225586,231289.034806608
218,,2023.01,03153,Goslar,80947,,0,.,0,.,0,.,0,.,2.9,,1.6,,1.3,,0,,Landkreis,969210805.345703,233890.968622506
219,,2023.01,03151,Gifhorn,111115,,0,.,0,.,0,.,0,.,3.7,,2.6,,1.1,,0,,Landkreis,1569205053.24512,282161.609724976
220,,2023.01,16077,Altenburger Land,51195,,0,.,0,.,0,.,0,.,1.8,,0.8,,1,,0,,Landkreis,569495813.860352,159208.499301686
221,,2023.01,16076,Greiz,60031,,0,.,0,.,0,.,0,.,1.7,,0.9,,0.8,,0,-,Landkreis,846194830.068359,288937.795198219
222,,2023.01,16075,Saale-Orla-Kreis,50260,,0,.,0,.,0,.,0,.,1.5,,0.8,,0.7,,0,-,Landkreis,1151738096.22656,255786.812284021
223,,2023.01,16074,Saale-Holzland-Kreis,49732,,0,.,0,.,0,.,0,.,2.3,,1.2,,1.1,,0,-,Landkreis,815508565.787109,235948.734812389
224,,2023.01,16073,Saalfeld-Rudolstadt,59950,,0,.,0,.,0,.,0,.,2,,1,,1,,0,-,Landkreis,1008735679.04199,289884.18985615
225,,2023.01,16072,Sonneberg,34752,,0,.,0,.,0,.,0,.,2,,0.9,,1.1,,0,,Landkreis,460681672.719727,161297.158075011
226,,2023.01,16071,Weimarer Land,49011,,0,.,0,.,0,.,0,.,2.3,,1.2,,1,,0,,Landkreis,804514564.327148,270201.373476309
227,,2023.01,16070,Ilm-Kreis,59043,,0,.,0,.,0,.,0,.,2.5,,1.5,,1.1,,0,,Landkreis,803588201.576172,223009.896391042
228,,2023.01,16069,Hildburghausen,39304,,0,.,0,.,0,.,0,.,1.9,,1,,0.9,,0,-,Landkreis,937768356.192383,266027.275919908
229,,2023.01,16068,Sömmerda,40604,,0,.,0,.,0,.,0,.,1.9,,1,,0.9,,0,-,Landkreis,807021507.053711,231271.168225578
230,,2023.01,16067,Gotha,76650,,0,.,0,.,0,.,0,.,2.2,,1.1,,1.1,,0,,Landkreis,935833051.850586,201383.912823013
231,,2023.01,16066,Schmalkalden-Meiningen,76213,,0,.,0,.,0,.,0,.,2,,1,,1,,0,-,Landkreis,1251050645.04785,289746.940316977
232,,2023.01,16065,Kyffhäuserkreis,44178,,0,.,0,.,0,.,0,.,1.5,,0.9,,0.7,,0,-,Landkreis,1037770304.01953,273300.806525077
233,,2023.01,16064,Unstrut-Hainich-Kreis,53876,,0,.,0,.,0,.,0,.,2.6,,1.3,,1.3,,0,-,Landkreis,931296290.730469,220159.559866101
234,,2023.01,16063,Wartburgkreis,95332,,0,.,0,.,0,.,0,.,2.1,,1.1,,1,,0,-,Landkreis,1369998788.58398,359739.228310871
235,,2023.01,16062,Nordhausen,47352,,0,.,0,.,0,.,0,.,2,,0.9,,1.1,,0,,Landkreis,714291367.835938,185722.419164402
236,,2023.01,16061,Eichsfeld,64211,,0,.,0,.,0,.,0,.,2.7,,1.5,,1.3,,0,-,Landkreis,990529967.28418,211025.563666031
237,,2023.01,16055,Weimar,30112,,0,.,0,.,0,.,0,.,3.3,,1.7,,1.6,,0,,Kreisfreie Stadt,84371242.5537109,63917.4037953295
238,,2023.01,16054,Suhl,19877,,0,.,0,.,0,.,0,.,2.5,,1.3,,1.2,,0,-,Kreisfreie Stadt,142863361.462891,89565.7719743408
239,,2023.01,16053,Jena,45069,,0,.,0,.,0,.,0,.,3.1,,1.6,,1.5,,0,-,Kreisfreie Stadt,114916066.803711,69161.7063041314
240,,2023.01,16052,Gera,45852,,0,.,0,.,0,.,0,.,2.2,,1.2,,1.1,,0,,Kreisfreie Stadt,152224963.852539,75323.7031332036
241,,2023.01,16051,Erfurt,98569,,0,.,0,.,0,.,0,.,3.2,,1.6,,1.6,,0,,Kreisfreie Stadt,270412481.84668,106760.438648397
242,,2023.01,15091,Wittenberg,75477,,0,.,0,.,0,.,0,.,1.7,,0.8,,0.8,,0,-,Landkreis,1942799199.44336,288331.940418521
243,,2023.01,15090,Stendal,63749,,0,.,0,.,0,.,0,.,1.7,,0.9,,0.8,,0,-,Landkreis,2437018945.38281,388099.364972118
244,,2023.01,15089,Salzlandkreis,105102,,0,.,0,.,0,.,0,.,1.5,,0.8,,0.7,,0,-,Landkreis,1434906372.00391,264035.613726712
245,,2023.01,15088,Saalekreis,115435,,0,.,0,.,0,.,0,.,2,,0.9,,1,,0,-,Landkreis,1440237602.55957,371586.717822968
246,,2023.01,15087,Mansfeld-Südharz,79548,,0,.,0,.,0,.,0,.,1.6,,0.9,,0.7,,0,-,Landkreis,1456203560.97266,331487.311274932
247,,2023.01,15086,Jerichower Land,54593,,0,.,0,.,0,.,0,.,1.9,,1,,0.9,,0,-,Landkreis,1589285902.17285,247755.483552346
248,,2023.01,15085,Harz,123758,,0,.,0,.,0,.,0,.,2.2,,1.2,,1,,0,-,Landkreis,2108206001.10352,325892.061240799
249,,2023.01,15084,Burgenlandkreis,102506,,0,.,0,.,0,.,0,.,1.8,,0.8,,0.9,,0,,Landkreis,1419035819.56836,295284.252349554
250,,2023.01,15083,Börde,106687,,0,.,0,.,0,.,0,.,1.8,,1,,0.8,,0,,Landkreis,2376921623.70215,371548.321413939
251,,2023.01,15082,Anhalt-Bitterfeld,92663,,0,.,0,.,0,.,0,.,1.6,,0.8,,0.8,,0,-,Landkreis,1460781901.5127,339057.665260413
252,,2023.01,15081,Altmarkkreis Salzwedel,50810,,0,.,0,.,0,.,0,.,1.9,,1,,0.8,,0,-,Landkreis,2303788808.49023,303821.084721262
253,,2023.01,15003,Magdeburg,111784,,0,.,0,.,0,.,0,.,2.7,,1.2,,1.5,,0,,Kreisfreie Stadt,200999393.913086,84386.2998201417
254,,2023.01,15002,Halle (Saale),95364,,0,.,0,.,0,.,0,.,2.4,,1.2,,1.2,,0,,Kreisfreie Stadt,135824688.286133,77730.5455395086
255,,2023.01,15001,Dessau-Roßlau,41667,,0,.,0,.,0,.,0,.,2.2,,1.1,,1.1,,0,-,Kreisfreie Stadt,246249160.496094,115997.461325231
256,,2023.01,14730,Nordsachsen,117636,,0,.,0,.,0,.,0,.,1.9,,1,,1,,0,,Landkreis,2027548084.84375,410437.981496651
257,,2023.01,14729,Leipzig,155950,,0,.,0,.,0,.,0,.,2.2,,1.2,,1,,0,,Landkreis,1651662788.13379,340686.753048234
258,,2023.01,14713,Leipzig,233713,,0,.,0,.,0,.,0,.,3.2,,1.5,,1.7,,0,,Kreisfreie Stadt,298922201.506836,120864.657877298
259,,2023.01,14628,Sächsische Schweiz-Osterzgebirge,145322,,0,.,0,.,0,.,0,.,2,,1,,1,,0,,Landkreis,1653732867.60742,288402.833770503
260,,2023.01,14627,Meißen,140141,,0,.,0,.,0,.,0,.,1.9,,1,,0.9,,0,,Landkreis,1457361541.51758,262261.856107648
261,,2023.01,14626,Görlitz,143745,,0,.,0,.,0,.,0,.,1.4,,0.7,,0.7,,0,,Landkreis,2111152045.11914,342510.820123424
262,,2023.01,14625,Bautzen,182108,,0,.,0,.,0,.,0,.,1.7,,0.9,,0.9,,0,,Landkreis,2395636437.77637,346336.618967316
263,,2023.01,14612,Dresden,230581,,0,.,0,.,0,.,0,.,2.9,,1.3,,1.6,,0,,Kreisfreie Stadt,328095164.584961,126184.878956216
264,,2023.01,14524,Zwickau,186673,,0,.,0,.,0,.,0,.,2.3,,1.2,,1.1,,0,,Landkreis,949635037.395508,236921.194806854
265,,2023.01,14523,Vogtlandkreis,137043,,0,.,0,.,0,.,0,.,1.9,,1,,0.9,,0,-,Landkreis,1412302685.4502,311749.172671271
266,,2023.01,14522,Mittelsachsen,179810,,0,.,0,.,0,.,0,.,1.7,,0.9,,0.9,,0,,Landkreis,2114833220.54395,370846.696636421
267,,2023.01,14521,Erzgebirgskreis,202897,,0,.,0,.,0,.,0,.,1.7,,0.9,,0.9,,0,-,Landkreis,1826997137.63379,316907.024888456
268,,2023.01,14511,Chemnitz,125893,,0,.,0,.,0,.,0,.,2.9,,1.4,,1.5,,0,,Kreisfreie Stadt,221028414.417969,95998.2589097507
269,,2023.01,13076,Ludwigslust-Parchim,129362,,0,.,0,.,0,.,0,.,1.4,,0.8,,0.6,,0,-,Landkreis,4767205837.64355,544987.623152899
270,,2023.01,13075,Vorpommern-Greifswald,127202,,0,.,0,.,0,.,0,.,1.6,,0.9,,0.7,,0,-,Landkreis,3951628526.83691,786666.150434142
271,,2023.01,13074,Nordwestmecklenburg,92201,,0,.,0,.,0,.,0,.,2,,1.2,,0.8,,0,,Landkreis,2125833400.80469,421255.501799993
272,,2023.01,13073,Vorpommern-Rügen,126076,,0,.,0,.,0,.,0,.,1.9,,1,,0.9,,0,,Landkreis,3214113963.38477,1089521.87046376
273,,2023.01,13072,Rostock,129161,,0,.,0,.,0,.,0,.,2.1,,1.2,,1,,0,,Landkreis,3429396493.29785,470885.235429407
274,,2023.01,13071,Mecklenburgische Seenplatte,146410,,0,.,0,.,0,.,0,.,1.6,,0.7,,0.8,,0,,Landkreis,5495373409.96094,516564.114817789
275,,2023.01,13004,Schwerin,44642,,0,.,0,.,0,.,0,.,2.4,,1.1,,1.2,,0,-,Kreisfreie Stadt,130106434.195313,69520.7229903608
276,,2023.01,13003,Rostock,86347,,0,.,0,.,0,.,0,.,2.4,,1.3,,1.1,,0,,Kreisfreie Stadt,181477390.371094,88507.9712348811
277,,2023.01,12073,Uckermark,68453,,0,.,0,.,0,.,0,.,1.6,,0.9,,0.7,,0,,Landkreis,3076108441.98047,392821.33775274
278,,2023.01,12072,Teltow-Fläming,107428,,0,.,0,.,0,.,0,.,2.9,,1.6,,1.3,,0,-,Landkreis,2103910816.79297,319624.700377854
279,,2023.01,12071,Spree-Neiße,71075,,0,.,0,.,0,.,0,.,1.5,,0.8,,0.8,,0,-,Landkreis,1657098234.44043,349641.41206109
280,,2023.01,12070,Prignitz,46608,,0,.,0,.,0,.,0,.,2.7,,0.8,,1.9,,0,-,Landkreis,2138707957.80859,314721.91601579
281,,2023.01,12069,Potsdam-Mittelmark,132024,,0,.,0,.,0,.,0,.,3.3,,2,,1.3,,0,,Landkreis,2593033934.44922,472327.251125324
282,,2023.01,12068,Ostprignitz-Ruppin,59072,,0,.,0,.,0,.,0,.,1.8,,0.9,,0.9,,0,,Landkreis,2525923984.48242,381275.632236586
283,,2023.01,12067,Oder-Spree,109195,,0,.,0,.,0,.,0,.,2.2,,1.2,,1,,0,,Landkreis,2257290888.04004,375644.78503136
284,,2023.01,12066,Oberspreewald-Lausitz,65329,,0,.,0,.,0,.,0,.,1.3,,0.7,,0.7,,0,-,Landkreis,1223208108.22656,254326.525952779
285,,2023.01,12065,Oberhavel,125830,,0,.,0,.,0,.,0,.,3,,1.7,,1.4,,0,,Landkreis,1807834068.39551,360530.244809173
286,,2023.01,12064,Märkisch-Oderland,120407,,0,.,0,.,0,.,0,.,2.4,,1.3,,1.1,,0,-,Landkreis,2157546355.48535,315778.884374255
287,,2023.01,12063,Havelland,96907,,0,.,0,.,0,.,0,.,3.1,,1.8,,1.3,,0,,Landkreis,1727373166.76465,342971.431508018
288,,2023.01,12062,Elbe-Elster,63440,,0,.,0,.,0,.,0,.,1.4,,0.7,,0.7,,0,,Landkreis,1899997386.25391,305918.130224615
289,,2023.01,12061,Dahme-Spreewald,108011,,0,.,0,.,0,.,0,.,2.8,,1.5,,1.3,,0,,Landkreis,2275819756.17969,436033.631253628
290,,2023.01,12060,Barnim,109586,,0,.,0,.,0,.,0,.,2.8,,1.6,,1.2,,0,,Landkreis,1481005522.70801,341342.860018858
291,,2023.01,12054,Potsdam,77158,,0,.,0,.,0,.,0,.,3.7,,1.8,,1.9,,0,,Kreisfreie Stadt,186950957.337891,96418.8943279986
292,,2023.01,12053,Frankfurt (Oder),28185,,0,.,0,.,0,.,0,.,1.9,,0.8,,1.1,,0,-,Kreisfreie Stadt,147780070.31543,66375.9750375522
293,,2023.01,12052,Cottbus,48656,,0,.,0,.,0,.,0,.,2.2,,1,,1.2,,0,,Kreisfreie Stadt,165033344.552734,87657.0910954755
294,,2023.01,12051,Brandenburg an der Havel,34961,,0,.,0,.,0,.,0,.,2.8,,1.5,,1.3,,0,-,Kreisfreie Stadt,229536571.996094,141971.594036605
295,,2023.01,11000,Berlin,1242504,,0,.,0,.,0,.,0,.,4.1,,2,,2.1,,0,,Kreisfreie Stadt,891789356.085938,222564.759502733
296,,2023.01,10046,St. Wendel,63251,,0,.,0,.,0,.,0,.,4.3,,2.9,,1.4,,0,-,Landkreis,476354283.110352,146866.901261139
297,,2023.01,10045,Saarpfalz-Kreis,98969,,0,.,0,.,0,.,0,.,3.5,,1.9,,1.7,,0,,Landkreis,419096935.567383,159211.807111928
298,,2023.01,10044,Saarlouis,134651,,0,.,0,.,0,.,0,.,3.1,,1.6,,1.5,,0,,Landkreis,458985903.306641,158271.168504276
299,,2023.01,10043,Neunkirchen,87265,,0,.,0,.,0,.,0,.,3.3,,1.6,,1.7,,0,-,Landkreis,248117924.852539,107822.664579199
300,,2023.01,10042,Merzig-Wadern,72846,,0,.,0,.,0,.,0,.,2.8,,1.6,,1.2,,0,-,Landkreis,556979507.769531,154721.880097438
301,,2023.01,10041,Regionalverband Saarbrücken,192978,,0,.,0,.,0,.,0,.,3.4,,1.7,,1.8,,0,,Landkreis,411489484.970703,160799.877878205
302,,2023.01,09780,Oberallgäu,104550,,0,.,0,.,0,.,0,.,3.4,,2.1,,1.3,,0,-,Landkreis,1528353119.51855,341969.342105912
303,,2023.01,09779,Donau-Ries,94656,,0,.,0,.,0,.,0,.,3.4,,1.9,,1.5,,0,-,Landkreis,1274179146.9248,334855.877078285
304,,2023.01,09778,Unterallgäu,102745,,0,.,0,.,0,.,0,.,2.8,,1.8,,1,,0,-,Landkreis,1229882513.49414,326412.465520539
305,,2023.01,09777,Ostallgäu,95667,,0,.,0,.,0,.,0,.,3.5,,2.2,,1.3,,0,-,Landkreis,1393283604.78418,408695.960385229
306,,2023.01,09776,Lindau (Bodensee),53868,,0,.,0,.,0,.,0,.,3.5,,2.2,,1.4,,0,-,Landkreis,323241962.030273,143695.537883892
307,,2023.01,09775,Neu-Ulm,113189,,0,.,0,.,0,.,0,.,3.3,,1.8,,1.5,,0,,Landkreis,515671085.181641,148988.874247824
308,,2023.01,09774,Günzburg,87338,,0,.,0,.,0,.,0,.,3.4,,1.9,,1.5,,0,,Landkreis,763345366.449219,232954.134000113
309,,2023.01,09773,Dillingen a.d.Donau,67648,,0,.,0,.,0,.,0,.,2.9,,1.7,,1.2,,0,-,Landkreis,791686690.830078,242655.202666034
310,,2023.01,09772,Augsburg,170856,,0,.,0,.,0,.,0,.,3.9,,2.1,,1.7,,0,,Landkreis,1071521962.7207,309028.860969014
311,,2023.01,09771,Aichach-Friedberg,89593,,0,.,0,.,0,.,0,.,3.7,,2.2,,1.5,,0,,Landkreis,779820964.371094,226106.141811333
312,,2023.01,09764,Memmingen,27423,,0,.,0,.,0,.,0,.,3.7,,1.9,,1.8,,0,-,Kreisfreie Stadt,69807842.7167969,63228.1848011595
313,,2023.01,09763,Kempten (Allgäu),40155,,0,.,0,.,0,.,0,.,4.3,,2.4,,1.9,,0,,Kreisfreie Stadt,63248638.9882813,53450.3530222877
314,,2023.01,09762,Kaufbeuren,26105,,0,.,0,.,0,.,0,.,3.2,,1.9,,1.4,,0,-,Kreisfreie Stadt,40431942.4960938,39470.9962520316
315,,2023.01,09761,Augsburg,140537,,0,.,0,.,0,.,0,.,3.8,,1.7,,2.1,,0,,Kreisfreie Stadt,146459229.583984,86297.542663465
316,,2023.01,09679,Würzburg,108276,,0,.,0,.,0,.,0,.,4.1,,2.5,,1.5,,0,,Landkreis,967155584.087891,337613.040360294
317,,2023.01,09678,Schweinfurt,79215,,0,.,0,.,0,.,0,.,3.4,,2.2,,1.2,,0,,Landkreis,841233412.072266,324997.501418006
318,,2023.01,09677,Main-Spessart,86795,,0,.,0,.,0,.,0,.,3.5,,1.9,,1.5,,0,-,Landkreis,1321991667.66113,287380.964912033
319,,2023.01,09676,Miltenberg,87826,,0,.,0,.,0,.,0,.,3.4,,1.6,,1.8,,0,,Landkreis,715285437.052734,225618.089550047
320,,2023.01,09675,Kitzingen,62867,,0,.,0,.,0,.,0,.,3.5,,2.2,,1.3,,0,,Landkreis,683903707.851563,201499.965144985
321,,2023.01,09674,Haßberge,59661,,0,.,0,.,0,.,0,.,3.2,,2.1,,1.1,,0,,Landkreis,956502900.063477,250394.505232398
322,,2023.01,09673,Rhön-Grabfeld,56328,,0,.,0,.,0,.,0,.,5,,3.9,,1.1,,0,-,Landkreis,1021624976.38477,256743.758245581
323,,2023.01,09672,Bad Kissingen,71888,,0,.,0,.,0,.,0,.,3.1,,2,,1.1,,0,-,Landkreis,1137656959.4668,279211.62790441
324,,2023.01,09671,Aschaffenburg,119370,,0,.,0,.,0,.,0,.,4.1,,2.3,,1.9,,0,,Landkreis,698932681.59375,229374.257908033
325,,2023.01,09663,Würzburg,64161,,0,.,0,.,0,.,0,.,4.8,,2.5,,2.3,,0,,Kreisfreie Stadt,87764401.9951172,65259.0145445697
326,,2023.01,09662,Schweinfurt,29714,,0,.,0,.,0,.,0,.,5.3,,2.1,,3.3,,0,-,Kreisfreie Stadt,35705732.7753906,39633.719962486
327,,2023.01,09661,Aschaffenburg,43586,,0,.,0,.,0,.,0,.,5.5,,2.4,,3.1,,0,-,Kreisfreie Stadt,62023548.3466797,50412.0037044716
328,,2023.01,09577,Weißenburg-Gunzenhausen,64239,,0,.,0,.,0,.,0,.,3.6,,2.2,,1.4,,0,,Landkreis,970267811.857422,223083.568343369
329,,2023.01,09576,Roth,88601,,0,.,0,.,0,.,0,.,3.5,,2,,1.5,,0,,Landkreis,895175763.526367,300336.063639876
330,,2023.01,09575,Neustadt a.d.Aisch-Bad Windsheim,69741,,0,.,0,.,0,.,0,.,3.6,,2.3,,1.3,,0,,Landkreis,1267945156.98633,286565.424246564
331,,2023.01,09574,Nürnberger Land,112884,,0,.,0,.,0,.,0,.,3.8,,2.2,,1.6,,0,,Landkreis,797630947.844727,280037.722454563
332,,2023.01,09573,Fürth,78175,,0,.,0,.,0,.,0,.,3.6,,2.1,,1.4,,0,,Landkreis,307104515.246094,119071.936100924
333,,2023.01,09572,Erlangen-Höchstadt,93819,,0,.,0,.,0,.,0,.,5.3,,2.8,,2.4,,0,,Landkreis,564516798.948242,302003.323956942
334,,2023.01,09571,Ansbach,128851,,0,.,0,.,0,.,0,.,3.1,,2,,1.2,,0,,Landkreis,1972780199.8584,438171.105364346
335,,2023.01,09565,Schwabach,26576,,0,.,0,.,0,.,0,.,4.7,,2.5,,2.2,,0,,Kreisfreie Stadt,40825280.7548828,44392.3601544875
336,,2023.01,09564,Nürnberg,247839,,0,.,0,.,0,.,0,.,3.9,,1.9,,2,,0,,Kreisfreie Stadt,187671476.236328,138424.259082801
337,,2023.01,09563,Fürth,64384,,0,.,0,.,0,.,0,.,3.6,,2,,1.7,,0,,Kreisfreie Stadt,63347123.8447266,45995.1390193326
338,,2023.01,09562,Erlangen,56078,,0,.,0,.,0,.,0,.,4.4,,2.3,,2.1,,0,,Kreisfreie Stadt,78014690.5429688,53139.0900158128
339,,2023.01,09561,Ansbach,25773,,0,.,0,.,0,.,0,.,3.7,,2,,1.8,,0,-,Kreisfreie Stadt,99853580.3564453,70278.7303360335
340,,2023.01,09479,Wunsiedel i.Fichtelgebirge,47352,,0,.,0,.,0,.,0,.,3,,1.6,,1.4,,0,,Landkreis,606192311.765625,147427.252500402
341,,2023.01,09478,Lichtenfels,45354,,0,.,0,.,0,.,0,.,2.6,,1.5,,1.1,,0,-,Landkreis,519676599.529297,188339.943949693
342,,2023.01,09477,Kulmbach,50426,,0,.,0,.,0,.,0,.,3,,1.8,,1.2,,0,,Landkreis,658004334.990234,203657.347389188
343,,2023.01,09476,Kronach,45997,,0,.,0,.,0,.,0,.,2.6,,1.5,,1.1,,0,-,Landkreis,651475772.542969,195680.596667354
344,,2023.01,09475,Hof,64389,,0,.,0,.,0,.,0,.,3,,1.6,,1.4,,0,,Landkreis,893663689.371094,293042.491814798
345,,2023.01,09474,Forchheim,79114,,0,.,0,.,0,.,0,.,3.4,,2.1,,1.3,,0,,Landkreis,642921296.804688,202014.345609455
346,,2023.01,09473,Coburg,59883,,0,.,0,.,0,.,0,.,3.4,,1.9,,1.4,,0,,Landkreis,591020889.209961,265614.514307051
347,,2023.01,09472,Bayreuth,72388,,0,.,0,.,0,.,0,.,2.9,,1.8,,1.2,,0,,Landkreis,1273584205.2207,386106.994410095
348,,2023.01,09471,Bamberg,103384,,0,.,0,.,0,.,0,.,3,,1.9,,1.2,,0,,Landkreis,1166948004.1875,363511.905725181
349,,2023.01,09464,Hof,26169,,0,.,0,.,0,.,0,.,4.6,,1.8,,2.8,,0,,Kreisfreie Stadt,58159802.2382813,54718.4550792217
350,,2023.01,09463,Coburg,25167,,0,.,0,.,0,.,0,.,4.3,,2.3,,2,,0,-,Kreisfreie Stadt,48017323.6835938,47861.9792022719
351,,2023.01,09462,Bayreuth,41831,,0,.,0,.,0,.,0,.,5.8,,3.3,,2.5,,0,,Kreisfreie Stadt,67008634.3730469,64736.4199248782
352,,2023.01,09461,Bamberg,41233,,0,.,0,.,0,.,0,.,4.1,,2.4,,1.7,,0,-,Kreisfreie Stadt,54976414.7333984,40927.3519722638
353,,2023.01,09377,Tirschenreuth,49392,,0,.,0,.,0,.,0,.,2.9,,1.5,,1.4,,0,-,Landkreis,1084534913.91406,229088.470696812
354,,2023.01,09376,Schwandorf,103363,,0,.,0,.,0,.,0,.,2.9,,1.6,,1.2,,0,-,Landkreis,1458425984.95898,347575.996306894
355,,2023.01,09375,Regensburg,130134,,0,.,0,.,0,.,0,.,3.6,,2.3,,1.4,,0,,Landkreis,1393030845.39941,411789.418124436
356,,2023.01,09374,Neustadt a.d.Waldnaab,66264,,0,.,0,.,0,.,0,.,3.1,,1.8,,1.3,,0,-,Landkreis,1428166109.66699,385732.083609104
357,,2023.01,09373,Neumarkt i.d.OPf.,91940,,0,.,0,.,0,.,0,.,3.6,,2.2,,1.5,,0,-,Landkreis,1344541220.45117,303939.946431158
358,,2023.01,09372,Cham,91350,,0,.,0,.,0,.,0,.,2.9,,1.9,,1.1,,0,,Landkreis,1526958023.89063,299328.140846534
359,,2023.01,09371,Amberg-Sulzbach,72020,,0,.,0,.,0,.,0,.,3.8,,2.5,,1.3,,0,,Landkreis,1255092290.34766,376859.42579161
360,,2023.01,09363,Weiden i.d.OPf.,26423,,0,.,0,.,0,.,0,.,3.8,,1.7,,2.1,,0,-,Kreisfreie Stadt,70605006.8857422,71839.4196751139
361,,2023.01,09362,Regensburg,81957,,0,.,0,.,0,.,0,.,5.2,,2.6,,2.7,,0,,Kreisfreie Stadt,79706492.1894531,59506.3819752187
362,,2023.01,09361,Amberg,25238,,0,.,0,.,0,.,0,.,4.2,,2.3,,1.9,,0,-,Kreisfreie Stadt,50405257.5654297,45172.0627563141
363,,2023.01,09279,Dingolfing-Landau,71368,,0,.,0,.,0,.,0,.,3.4,,2.1,,1.3,,0,,Landkreis,877379815.797852,263187.17169248
364,,2023.01,09278,Straubing-Bogen,71196,,0,.,0,.,0,.,0,.,2.9,,2,,1,,0,-,Landkreis,1200964159.71777,333805.068298285
365,,2023.01,09277,Rottal-Inn,85742,,0,.,0,.,0,.,0,.,3,,1.9,,1.2,,0,,Landkreis,1281034787.56348,290982.290980761
366,,2023.01,09276,Regen,51372,,0,.,0,.,0,.,0,.,3,,1.7,,1.3,,0,-,Landkreis,974828582.608398,194334.820631541
367,,2023.01,09275,Passau,133011,,0,.,0,.,0,.,0,.,3.5,,2.1,,1.4,,0,,Landkreis,1530226056.83984,349324.825744492
368,,2023.01,09274,Landshut,112861,,0,.,0,.,0,.,0,.,3.8,,2.3,,1.5,,0,,Landkreis,1347484584.59082,352561.699055864
369,,2023.01,09273,Kelheim,83072,,0,.,0,.,0,.,0,.,3.3,,2.1,,1.1,,0,-,Landkreis,1064782902.7373,277566.475134382
370,,2023.01,09272,Freyung-Grafenau,54298,,0,.,0,.,0,.,0,.,3,,1.6,,1.4,,0,-,Landkreis,983773696.077148,205137.074783462
371,,2023.01,09271,Deggendorf,80877,,0,.,0,.,0,.,0,.,3.3,,2,,1.4,,0,-,Landkreis,861232904.080078,214908.653550047
372,,2023.01,09263,Straubing,28134,,0,.,0,.,0,.,0,.,4,,2.1,,1.9,,0,-,Kreisfreie Stadt,67649328.3486328,55342.4542959559
373,,2023.01,09262,Passau,29824,,0,.,0,.,0,.,0,.,4.7,,2.3,,2.4,,0,,Kreisfreie Stadt,70107293.4433594,58468.6189304297
374,,2023.01,09261,Landshut,38582,,0,.,0,.,0,.,0,.,3.8,,2,,1.8,,0,,Kreisfreie Stadt,66173764.9755859,68059.4178922351
375,,2023.01,09190,Weilheim-Schongau,90570,,0,.,0,.,0,.,0,.,3.6,,2.3,,1.2,,0,-,Landkreis,967395171.895508,272636.208647296
376,,2023.01,09189,Traunstein,120900,,0,.,0,.,0,.,0,.,3.7,,2.3,,1.4,,0,-,Landkreis,1532990057.25293,315972.371520452
377,,2023.01,09188,Starnberg,89584,,0,.,0,.,0,.,0,.,5.6,,3.3,,2.3,,0,,Landkreis,486839643.578125,154838.380658794
378,,2023.01,09187,Rosenheim,176546,,0,.,0,.,0,.,0,.,3.8,,2.4,,1.4,,0,,Landkreis,1440401955.72949,378977.363111802
379,,2023.01,09186,Pfaffenhofen a.d.Ilm,86392,,0,.,0,.,0,.,0,.,3.5,,2.3,,1.2,,0,,Landkreis,760903330.470703,229356.061018572
380,,2023.01,09185,Neuburg-Schrobenhausen,67210,,0,.,0,.,0,.,0,.,2.9,,1.7,,1.1,,0,-,Landkreis,740049089.376953,221714.43570198
381,,2023.01,09184,München,240952,,0,.,0,.,0,.,0,.,8,,3.9,,4.1,,0,,Landkreis,664006064.419922,253024.576960929
382,,2023.01,09183,Mühldorf a.Inn,77350,,0,.,0,.,0,.,0,.,3.4,,2.1,,1.3,,0,,Landkreis,805046306.827148,251387.906279848
383,,2023.01,09182,Miesbach,67816,,0,.,0,.,0,.,0,.,4.3,,2.4,,1.9,,0,,Landkreis,866757960.75293,210751.517487509
384,,2023.01,09181,Landsberg am Lech,84951,,0,.,0,.,0,.,0,.,4.6,,3.3,,1.4,,0,-,Landkreis,803669334.545898,220162.735665796
385,,2023.01,09180,Garmisch-Partenkirchen,53367,,0,.,0,.,0,.,0,.,3.3,,1.9,,1.4,,0,,Landkreis,1011920317.62012,202175.405901146
386,,2023.01,09179,Fürstenfeldbruck,125494,,0,.,0,.,0,.,0,.,3.8,,2.2,,1.6,,0,,Landkreis,434651013.395508,150795.74162017
387,,2023.01,09178,Freising,111921,,0,.,0,.,0,.,0,.,3.9,,2.4,,1.5,,0,,Landkreis,798505478.394531,198190.25752764
388,,2023.01,09177,Erding,91783,,0,.,0,.,0,.,0,.,3.8,,2.2,,1.5,,0,,Landkreis,870824808.99707,184026.941276641
389,,2023.01,09176,Eichstätt,87081,,0,.,0,.,0,.,0,.,3.3,,2.1,,1.2,,0,,Landkreis,1214365067.16309,307498.835164874
390,,2023.01,09175,Ebersberg,87636,,0,.,0,.,0,.,0,.,4.8,,2.7,,2.1,,0,,Landkreis,549824040.4375,156850.433357146
391,,2023.01,09174,Dachau,95518,,0,.,0,.,0,.,0,.,3.9,,2.2,,1.7,,0,,Landkreis,579538659.702148,164328.110709436
392,,2023.01,09173,Bad Tölz-Wolfratshausen,82446,,0,.,0,.,0,.,0,.,3.5,,2,,1.5,,0,,Landkreis,1111683344.53906,234990.022505886
393,,2023.01,09172,Berchtesgadener Land,67056,,0,.,0,.,0,.,0,.,3.2,,2,,1.2,,0,-,Landkreis,839799161.021484,222421.730122155
394,,2023.01,09171,Altötting,73658,,0,.,0,.,0,.,0,.,3.5,,2.1,,1.4,,0,-,Landkreis,569350849.804688,159866.861096235
395,,2023.01,09163,Rosenheim,36020,,0,.,0,.,0,.,0,.,3.7,,2,,1.6,,0,,Kreisfreie Stadt,36954285.3867188,31415.2055751276
396,,2023.01,09162,München,761349,,0,.,0,.,0,.,0,.,7.7,,3.3,,4.4,,0,,Kreisfreie Stadt,311418892.893555,113444.364599277
397,,2023.01,09161,Ingolstadt,98747,,0,.,0,.,0,.,0,.,6.1,,4.1,,2,,0,,Kreisfreie Stadt,133437450.783203,76161.6928625865
398,,2023.01,08437,Sigmaringen,89350,,0,.,0,.,0,.,0,.,3.3,,1.9,,1.4,,0,,Landkreis,1204677491.74121,292560.594124531
399,,2023.01,08436,Ravensburg,185550,,0,.,0,.,0,.,0,.,3.8,,2.3,,1.5,,0,-,Landkreis,1631876151.00586,326018.877239601
400,,2023.04,08435,Bodenseekreis,142516,,0,.,0,.,0,.,0,.,4.9,,2.4,,2.4,,0,,Landkreis,665234832.079102,196264.544875067
401,,2023.04,08426,Biberach,136839,,0,.,0,.,0,.,0,.,3.7,,2.5,,1.2,,0,-,Landkreis,1409893821.0918,294123.862292792
402,,2023.04,08425,Alb-Donau-Kreis,133278,,0,.,0,.,0,.,0,.,3.7,,2.4,,1.3,,0,,Landkreis,1357392728.38867,400613.419260071
403,,2023.04,08421,Ulm,67679,,0,.,0,.,0,.,0,.,5.1,,2.9,,2.2,,0,,Stadtkreis,119244615.334961,90886.1258529902
404,,2023.04,08417,Zollernalbkreis,131389,,0,.,0,.,0,.,0,.,3.7,,2,,1.8,,0,,Landkreis,917298672.389648,200702.700707429
405,,2023.04,08416,Tübingen,129129,,0,.,0,.,0,.,0,.,4.4,,2.5,,1.9,,0,,Landkreis,519905356.571289,168209.697087106
406,,2023.04,08415,Reutlingen,183931,,0,.,0,.,0,.,0,.,4.2,,2.2,,2,,0,,Landkreis,1092260476.94043,248486.106887773
407,,2023.04,08337,Waldshut,110847,,0,.,0,.,0,.,0,.,3.9,,2.5,,1.4,,0,,Landkreis,1130807825.95508,276819.835436996
408,,2023.04,08336,Lörrach,139467,,0,.,0,.,0,.,0,.,4,,2.6,,1.4,,0,-,Landkreis,807128916.5625,166962.443862911
409,,2023.04,08335,Konstanz,165269,,0,.,0,.,0,.,0,.,4.3,,2.7,,1.6,,0,,Landkreis,817527869.484375,301955.873771339
410,,2023.04,08327,Tuttlingen,92458,,0,.,0,.,0,.,0,.,4.5,,2.3,,2.2,,0,,Landkreis,734058016.166992,181332.840700999
411,,2023.04,08326,Schwarzwald-Baar-Kreis,135332,,0,.,0,.,0,.,0,.,4,,2.1,,1.9,,0,,Landkreis,1025911911.13281,230407.440447965
412,,2023.04,08325,Rottweil,96894,,0,.,0,.,0,.,0,.,3.9,,2.1,,1.8,,0,-,Landkreis,769493816.008789,216136.447502954
413,,2023.04,08317,Ortenaukreis,280957,,0,.,0,.,0,.,0,.,3.7,,2.3,,1.4,,0,-,Landkreis,1859817895.98926,262096.114408608
414,,2023.04,08316,Emmendingen,104668,,0,.,0,.,0,.,0,.,3.5,,2.3,,1.2,,0,,Landkreis,680398795.238281,172702.629780998
415,,2023.04,08315,Breisgau-Hochschwarzwald,163204,,0,.,0,.,0,.,0,.,4,,2.7,,1.3,,0,,Landkreis,1377672370.40137,370399.271266305
416,,2023.04,08311,Freiburg im Breisgau,95141,,0,.,0,.,0,.,0,.,4.6,,2.8,,1.8,,0,,Stadtkreis,153849224.488281,91014.02371589
417,,2023.04,08237,Freudenstadt,80336,,0,.,0,.,0,.,0,.,3.8,,2,,1.8,,0,-,Landkreis,870890176.946289,218933.236918359
418,,2023.04,08236,Enzkreis,136503,,0,.,0,.,0,.,0,.,4.4,,2.6,,1.8,,0,,Landkreis,573013700.561523,230073.925261016
419,,2023.04,08235,Calw,109469,,0,.,0,.,0,.,0,.,4.8,,3.2,,1.6,,0,,Landkreis,797593878.895508,205429.753223687
420,,2023.04,08231,Pforzheim,63837,,0,.,0,.,0,.,0,.,4.5,,2.3,,2.2,,0,,Stadtkreis,98240899.1787109,58511.2928561087
421,,2023.04,08226,Rhein-Neckar-Kreis,359014,,0,.,0,.,0,.,0,.,5.4,,2.7,,2.7,,0,,Landkreis,1060897378.24121,376735.935318718
422,,2023.04,08225,Neckar-Odenwald-Kreis,97305,,0,.,0,.,0,.,0,.,3.5,,2,,1.5,,0,-,Landkreis,1125803071.23047,245427.437803649
423,,2023.04,08222,Mannheim,156357,,0,.,0,.,0,.,0,.,4.7,,2.1,,2.6,,0,,Stadtkreis,145282582.120117,66145.7280531458
424,,2023.04,08221,Heidelberg,61289,,0,.,0,.,0,.,0,.,4.9,,2.6,,2.3,,0,,Stadtkreis,109177300.727539,67290.2437024899
425,,2023.04,08216,Rastatt,154054,,0,.,0,.,0,.,0,.,4.3,,2.5,,1.8,,0,,Landkreis,738745337.001953,298562.837436705
426,,2023.04,08215,Karlsruhe,286774,,0,.,0,.,0,.,0,.,4.1,,2.4,,1.7,,0,,Landkreis,1084489419.02441,286288.605541561
427,,2023.04,08212,Karlsruhe,141437,,0,.,0,.,0,.,0,.,5.7,,3.1,,2.6,,0,,Stadtkreis,174089896.172852,81609.5077277984
428,,2023.04,08211,Baden-Baden,36156,,0,.,0,.,0,.,0,.,5.1,,2.9,,2.2,,0,,Stadtkreis,139961040.21582,98183.8804621679
429,,2023.04,08136,Ostalbkreis,210940,,0,.,0,.,0,.,0,.,3.8,,2.1,,1.8,,0,,Landkreis,1510452892.5166,349788.857320175
430,,2023.04,08135,Heidenheim,86837,,0,.,0,.,0,.,0,.,3.1,,1.7,,1.4,,0,,Landkreis,627374007.889648,235445.457306892
431,,2023.04,08128,Main-Tauber-Kreis,92039,,0,.,0,.,0,.,0,.,3.3,,1.8,,1.5,,0,-,Landkreis,1304839178.17285,358765.85369454
432,,2023.04,08127,Schwäbisch Hall,135103,,0,.,0,.,0,.,0,.,3.9,,2.3,,1.6,,0,,Landkreis,1483983603.97168,341804.115831159
433,,2023.04,08126,Hohenlohekreis,86499,,0,.,0,.,0,.,0,.,3.8,,2.3,,1.5,,0,,Landkreis,777128184.59375,231938.728929931
434,,2023.04,08125,Heilbronn,253035,,0,.,0,.,0,.,0,.,3.9,,2.2,,1.7,,0,,Landkreis,1098643452.9082,359071.410841577
435,,2023.04,08121,Heilbronn,69122,,0,.,0,.,0,.,0,.,4.2,,1.9,,2.3,,0,,Stadtkreis,100623181.72168,67074.2189974283
436,,2023.04,08119,Rems-Murr-Kreis,271901,,0,.,0,.,0,.,0,.,4.7,,2.5,,2.2,,0,,Landkreis,857365536.928711,214668.079545342
437,,2023.04,08118,Ludwigsburg,337242,,0,.,0,.,0,.,0,.,4.9,,2.5,,2.5,,0,,Landkreis,686632531.452148,212148.528068176
438,,2023.04,08117,Göppingen,169895,,0,.,0,.,0,.,0,.,4.1,,2.2,,1.9,,0,-,Landkreis,642609816.006836,194509.684601541
439,,2023.04,08116,Esslingen,342759,,0,.,0,.,0,.,0,.,5.6,,3.2,,2.4,,0,,Landkreis,639790912.260742,192186.178502883
440,,2023.04,08115,Böblingen,262410,,0,.,0,.,0,.,0,.,8.1,,4,,4.1,,0,,Landkreis,617166961.571289,192935.175303125
441,,2023.04,08111,Stuttgart,300360,,0,.,0,.,0,.,0,.,9.1,,3.9,,5.1,,0,,Stadtkreis,209953423.669922,96275.2293088448
442,,2023.04,07340,Südwestpfalz,68115,,0,.,0,.,0,.,0,.,3,,1.8,,1.2,,0,,Landkreis,954113160.211914,287839.002459541
443,,2023.04,07339,Mainz-Bingen,144024,,0,.,0,.,0,.,0,.,3.9,,2.4,,1.5,,0,-,Landkreis,605620457.03125,228891.65320828
444,,2023.04,07338,Rhein-Pfalz-Kreis,103039,,0,.,0,.,0,.,0,.,3.2,,2,,1.2,,0,,Landkreis,304388992.862305,182456.8069609
445,,2023.04,07337,Südliche Weinstraße,78711,,0,.,0,.,0,.,0,.,3.5,,2.3,,1.3,,0,-,Landkreis,639681013.71582,271814.586706335
446,,2023.04,07336,Kusel,47951,,0,.,0,.,0,.,0,.,2.3,,1.3,,1,,0,-,Landkreis,573837615.500977,183994.7760021
447,,2023.04,07335,Kaiserslautern,70049,,0,.,0,.,0,.,0,.,3.2,,1.9,,1.3,,0,-,Landkreis,640571447.892578,268252.938579891
448,,2023.04,07334,Germersheim,84717,,0,.,0,.,0,.,0,.,3.4,,2,,1.4,,0,-,Landkreis,463330213.0625,139027.58003438
449,,2023.04,07333,Donnersbergkreis,51841,,0,.,0,.,0,.,0,.,3.3,,2.2,,1.1,,0,,Landkreis,644631752.258789,159577.632166307
450,,2023.04,07332,Bad Dürkheim,92591,,0,.,0,.,0,.,0,.,3.8,,2.4,,1.4,,0,-,Landkreis,593988929.787109,196085.16675297
451,,2023.04,07331,Alzey-Worms,87863,,0,.,0,.,0,.,0,.,3.5,,2.2,,1.3,,0,-,Landkreis,588117875.958984,189546.478189532
452,,2023.04,07320,Zweibrücken,21628,,0,.,0,.,0,.,0,.,3.7,,2,,1.7,,0,-,Kreisfreie Stadt,70802893.0361328,59253.9537753324
453,,2023.04,07319,Worms,46315,,0,.,0,.,0,.,0,.,3.3,,1.8,,1.6,,0,-,Kreisfreie Stadt,108771236.600586,73957.693231704
454,,2023.04,07318,Speyer,29644,,0,.,0,.,0,.,0,.,3.4,,1.9,,1.5,,0,-,Kreisfreie Stadt,42871205.4169922,40161.5178323398
455,,2023.04,07317,Pirmasens,23185,,0,.,0,.,0,.,0,.,3.4,,1.7,,1.7,,0,-,Kreisfreie Stadt,61586073.3691406,48933.9179410104
456,,2023.04,07316,Neustadt an der Weinstraße,33599,,0,.,0,.,0,.,0,.,4,,2.5,,1.5,,0,-,Kreisfreie Stadt,117196960.166016,74425.9014137383
457,,2023.04,07315,Mainz,100980,,0,.,0,.,0,.,0,.,4.4,,2.3,,2.1,,0,,Kreisfreie Stadt,97639723.5410156,62475.8854668958
458,,2023.04,07314,Ludwigshafen am Rhein,84677,,0,.,0,.,0,.,0,.,4,,1.8,,2.1,,0,,Kreisfreie Stadt,78001717.6855469,51846.815686425
459,,2023.04,07313,Landau in der Pfalz,28372,,0,.,0,.,0,.,0,.,5,,2.7,,2.3,,0,-,Kreisfreie Stadt,82985492.3359375,87908.82313436
460,,2023.04,07312,Kaiserslautern,49750,,0,.,0,.,0,.,0,.,4.5,,2.4,,2.1,,0,,Kreisfreie Stadt,140338623.198242,76154.15074223
461,,2023.04,07311,Frankenthal (Pfalz),27084,,0,.,0,.,0,.,0,.,3.2,,1.4,,1.8,,0,-,Kreisfreie Stadt,43781479.5527344,41147.8587057006
462,,2023.04,07233,Vulkaneifel,42818,,0,.,0,.,0,.,0,.,3.1,,1.7,,1.4,,0,-,Landkreis,911674505.946289,257481.984540412
463,,2023.04,07232,Eifelkreis Bitburg-Prüm,69269,,0,.,0,.,0,.,0,.,3.2,,2,,1.2,,0,,Landkreis,1627922517.46289,260563.165497522
464,,2023.04,07231,Bernkastel-Wittlich,77119,,0,.,0,.,0,.,0,.,3.3,,1.9,,1.4,,0,-,Landkreis,1168681557.4209,212499.209410563
465,,2023.04,07211,Trier,157687,,0,.,0,.,0,.,0,.,4.2,,2.6,,1.6,,0,-,Kreisfreie Stadt,1220946433.32129,239144.771120695
466,,2023.04,07143,Westerwaldkreis,141357,,0,.,0,.,0,.,0,.,4,,2.3,,1.7,,0,-,Landkreis,990180403.595703,258826.416348373
467,,2023.04,07141,Rhein-Lahn-Kreis,81642,,0,.,0,.,0,.,0,.,3.3,,2,,1.3,,0,,Landkreis,781516859.424805,212678.488053315
468,,2023.04,07140,Rhein-Hunsrück-Kreis,72656,,0,.,0,.,0,.,0,.,3.3,,2,,1.2,,0,-,Landkreis,991218488.785156,222923.974650335
469,,2023.04,07138,Neuwied,123334,,0,.,0,.,0,.,0,.,3.5,,1.9,,1.6,,0,-,Landkreis,627652391.993164,179551.528669657
470,,2023.04,07137,Mayen-Koblenz,142629,,0,.,0,.,0,.,0,.,3.7,,2,,1.6,,0,,Landkreis,816507263.657227,280699.935462887
471,,2023.04,07135,Cochem-Zell,42520,,0,.,0,.,0,.,0,.,3.4,,2.2,,1.2,,0,,Landkreis,693071688.401367,185715.450794408
472,,2023.04,07134,Birkenfeld,53105,,0,.,0,.,0,.,0,.,2.3,,1.3,,1,,0,-,Landkreis,776624723.824219,174346.642558535
473,,2023.04,07133,Bad Kreuznach,102490,,0,.,0,.,0,.,0,.,3.3,,2,,1.3,,0,-,Landkreis,864147548.796875,190511.509267926
474,,2023.04,07132,Altenkirchen (Westerwald),86198,,0,.,0,.,0,.,0,.,3.5,,1.9,,1.6,,0,,Landkreis,641192280.124023,226666.627454279
475,,2023.04,07131,Ahrweiler,86746,,0,.,0,.,0,.,0,.,3.3,,1.7,,1.5,,0,,Landkreis,787045522.314453,198523.740877045
476,,2023.04,07111,Koblenz,64469,,0,.,0,.,0,.,0,.,5,,2.1,,2.9,,0,,Kreisfreie Stadt,105904244.056641,60287.0431391488
477,,2023.04,06636,Werra-Meißner-Kreis,63527,,0,.,0,.,0,.,0,.,2.9,,1.8,,1.1,,0,,Landkreis,1024390382.30957,277652.532707859
478,,2023.04,06635,Waldeck-Frankenberg,107051,,0,.,0,.,0,.,0,.,3.2,,2.1,,1.1,,0,-,Landkreis,1847907077.81836,315498.946529771
479,,2023.04,06634,Schwalm-Eder-Kreis,121417,,0,.,0,.,0,.,0,.,3.5,,2.3,,1.1,,0,-,Landkreis,1539557454.19043,265332.770302823
480,,2023.04,06633,Kassel,153120,,0,.,0,.,0,.,0,.,4.3,,2.7,,1.6,,0,,Landkreis,1294912578.55566,372267.148483234
481,,2023.04,06632,Hersfeld-Rotenburg,80498,,0,.,0,.,0,.,0,.,2.8,,1.7,,1.1,,0,-,Landkreis,1097989054.38477,239660.411478028
482,,2023.04,06631,Fulda,146755,,0,.,0,.,0,.,0,.,3.8,,2.4,,1.4,,0,-,Landkreis,1381379533.09277,249554.88527543
483,,2023.04,06611,Kassel,91466,,0,.,0,.,0,.,0,.,4.8,,2.6,,2.2,,0,,Kreisfreie Stadt,104921361.786133,63284.3782922191
484,,2023.04,06535,Vogelsbergkreis,73081,,0,.,0,.,0,.,0,.,2.9,,1.7,,1.2,,0,,Landkreis,1458289489.31641,281352.484060151
485,,2023.04,06534,Marburg-Biedenkopf,145814,,0,.,0,.,0,.,0,.,3.1,,2,,1.1,,0,,Landkreis,1262136369.50879,219577.755636121
486,,2023.04,06533,Limburg-Weilburg,114702,,0,.,0,.,0,.,0,.,4,,2.3,,1.7,,0,,Landkreis,738799141.473633,172150.712110974
487,,2023.04,06532,Lahn-Dill-Kreis,166187,,0,.,0,.,0,.,0,.,3.5,,1.9,,1.7,,0,,Landkreis,1065703391.12305,219282.031563173
488,,2023.04,06531,Gießen,157645,,0,.,0,.,0,.,0,.,4,,2.2,,1.8,,0,,Landkreis,855487307.994141,217540.28512267
489,,2023.04,06440,Wetteraukreis,197243,,0,.,0,.,0,.,0,.,3.9,,2.1,,1.8,,0,,Landkreis,1100715408.88379,263849.646027959
490,,2023.04,06439,Rheingau-Taunus-Kreis,123513,,0,.,0,.,0,.,0,.,4.2,,2.4,,1.8,,0,,Landkreis,811919270.723633,202814.412874961
491,,2023.04,06438,Offenbach,219795,,0,.,0,.,0,.,0,.,3.7,,1.9,,1.8,,0,,Landkreis,356325742.489258,116884.314834115
492,,2023.04,06437,Odenwaldkreis,63542,,0,.,0,.,0,.,0,.,3.3,,1.8,,1.5,,0,-,Landkreis,624772037.275391,175001.809901493
493,,2023.04,06436,Main-Taunus-Kreis,186314,,0,.,0,.,0,.,0,.,4.2,,1.9,,2.3,,0,,Landkreis,221572678.726563,117470.580064287
494,,2023.04,06435,Main-Kinzig-Kreis,264421,,0,.,0,.,0,.,0,.,3.3,,1.9,,1.5,,0,,Landkreis,1396882132.06348,301311.443067471
495,,2023.04,06434,Hochtaunuskreis,163780,,0,.,0,.,0,.,0,.,5,,2.5,,2.5,,0,,Landkreis,480907993.546875,149540.699349362
496,,2023.04,06433,Groß-Gerau,158271,,0,.,0,.,0,.,0,.,4,,1.9,,2.1,,0,,Landkreis,453325723.345703,139558.201442013
497,,2023.04,06432,Darmstadt-Dieburg,190413,,0,.,0,.,0,.,0,.,4.1,,2.4,,1.6,,0,,Landkreis,658153392.793945,213944.367990509
498,,2023.04,06431,Bergstraße,176891,,0,.,0,.,0,.,0,.,4,,2.2,,1.8,,0,,Landkreis,718875616.819336,230665.645395089
499,,2023.04,06414,Wiesbaden,219033,,0,.,0,.,0,.,0,.,15.3,,7.9,,7.4,,0,,Kreisfreie Stadt,203813810.47168,76452.2375274593
500,,2023.04,06413,Offenbach am Main,59290,,0,.,0,.,0,.,0,.,4.7,,2.1,,2.3,,0.3,,Kreisfreie Stadt,45319131.9121094,40703.3801450091
501,,2023.04,06412,Frankfurt am Main,346240,,0,.,0,.,0,.,0,.,8.7,,3.9,,4.8,,0,,Kreisfreie Stadt,248120855.9375,107738.706029347
502,,2023.04,06411,Darmstadt,73180,,0,.,0,.,0,.,0,.,5.5,,2.8,,2.7,,0,,Kreisfreie Stadt,122738117.188477,62500.6786556625
503,,2023.04,05978,Unna,243210,,0,.,0,.,0,.,0,.,3.7,,2.1,,1.6,,0,,Kreis,542824039.868164,199548.421166447
504,,2023.04,05974,Soest,195873,,0,.,0,.,0,.,0,.,4.4,,2.6,,1.8,,0,,Kreis,1329390562.89063,220152.441730781
505,,2023.04,05970,Siegen-Wittgenstein,179219,,0,.,0,.,0,.,0,.,4.2,,2.2,,2.1,,0,,Kreis,1134040384.64648,221838.742179044
506,,2023.04,05966,Olpe,91639,,0,.,0,.,0,.,0,.,4,,2.1,,1.9,,0,,Kreis,711944622.895508,191915.420333218
507,,2023.04,05962,Märkischer Kreis,256990,,0,.,0,.,0,.,0,.,3.5,,1.7,,1.8,,0,,Kreis,1060666564.4502,204522.776842104
508,,2023.04,05958,Hochsauerlandkreis,171802,,0,.,0,.,0,.,0,.,3.9,,2.2,,1.6,,0,-,Kreis,1960082964.80859,346919.353405294
509,,2023.04,05954,Ennepe-Ruhr-Kreis,202104,,0,.,0,.,0,.,0,.,3.9,,2,,1.8,,0,,Kreis,410907296.693359,167823.691284811
510,,2023.04,05916,Herne,78885,,0,.,0,.,0,.,0,.,2.7,,1.3,,1.4,,0,,Kreisfreie Stadt,51509648.4521484,39643.8392912932
511,,2023.04,05915,Hamm,99843,,0,.,0,.,0,.,0,.,3.3,,2,,1.4,,0,,Kreisfreie Stadt,227720983.532227,93458.3884714458
512,,2023.04,05914,Hagen,99957,,0,.,0,.,0,.,0,.,3.3,,1.6,,1.7,,0,,Kreisfreie Stadt,160316710.286133,85106.2549919045
513,,2023.04,05913,Dortmund,297912,,0,.,0,.,0,.,0,.,4.2,,2,,2.2,,0,,Kreisfreie Stadt,279662802.373047,98303.0284601238
514,,2023.04,05911,Bochum,213914,,0,.,0,.,0,.,0,.,4.6,,2.2,,2.4,,0,,Kreisfreie Stadt,144803780.694336,64025.0873014356
515,,2023.04,05774,Paderborn,189395,,0,.,0,.,0,.,0,.,4.8,,3.1,,1.8,,0,,Kreis,1246777280.7627,204588.642993027
516,,2023.04,05770,Minden-Lübbecke,207425,,0,.,0,.,0,.,0,.,3.7,,2.3,,1.4,,0,-,Kreis,1151990376.89063,261061.025532273
517,,2023.04,05766,Lippe,220582,,0,.,0,.,0,.,0,.,3.8,,2.4,,1.5,,0,-,Kreis,1245878538.81934,235200.589696812
518,,2023.04,05762,Höxter,91756,,0,.,0,.,0,.,0,.,3.7,,2.3,,1.3,,0,-,Kreis,1200707448.32422,216307.222826842
519,,2023.04,05758,Herford,166192,,0,.,0,.,0,.,0,.,4.5,,2.7,,1.8,,0,,Kreis,450726367.121094,152051.688893975
520,,2023.04,05754,Gütersloh,237384,,0,.,0,.,0,.,0,.,4.4,,2.6,,1.8,,0,,Kreis,969612643.183594,211345.177555524
521,,2023.04,05711,Bielefeld,178732,,0,.,0,.,0,.,0,.,5,,3.1,,1.9,,0,,Kreisfreie Stadt,259184268.935547,98214.7178138864
522,,2023.04,05570,Warendorf,178116,,0,.,0,.,0,.,0,.,3.8,,2.4,,1.3,,0,,Kreis,1318578231.76758,239020.016740479
523,,2023.04,05566,Steinfurt,282667,,0,.,0,.,0,.,0,.,4.3,,2.7,,1.6,,0,,Kreis,1795416420.94824,253521.367273162
524,,2023.04,05562,Recklinghausen,361641,,0,.,0,.,0,.,0,.,3.1,,1.7,,1.5,,0,,Kreis,761405655.898438,195517.150872042
525,,2023.04,05558,Coesfeld,143822,,0,.,0,.,0,.,0,.,4.1,,2.7,,1.4,,0,,Kreis,1112317887.10254,218543.143405152
526,,2023.04,05554,Borken,233577,,0,.,0,.,0,.,0,.,4.6,,2.9,,1.8,,0,,Kreis,1421361804.71777,271032.558216467
527,,2023.04,05515,Münster,151315,,0,.,0,.,0,.,0,.,5.4,,3,,2.4,,0,,Kreisfreie Stadt,303536651.791016,104146.926446906
528,,2023.04,05513,Gelsenkirchen,124646,,0,.,0,.,0,.,0,.,2.9,,1.4,,1.5,,0,,Kreisfreie Stadt,105321074.493164,57216.534225466
529,,2023.04,05512,Bottrop,70170,,0,.,0,.,0,.,0,.,3.2,,1.7,,1.5,,0,,Kreisfreie Stadt,100248242.984375,57675.0683142118
530,,2023.04,05382,Rhein-Sieg-Kreis,375708,,0,.,0,.,0,.,0,.,3.7,,2.1,,1.7,,0,,Kreis,1152349724.42285,315908.196767241
531,,2023.04,05378,Rheinisch-Bergischer Kreis,184800,,0,.,0,.,0,.,0,.,4.7,,2.5,,2.2,,0,,Kreis,438100913.793945,166197.113748431
532,,2023.04,05374,Oberbergischer Kreis,182535,,0,.,0,.,0,.,0,.,3.8,,2.1,,1.8,,0,-,Kreis,918229534.572266,223732.776465669
533,,2023.04,05370,Heinsberg,167437,,0,.,0,.,0,.,0,.,3.6,,1.9,,1.6,,0,,Kreis,627392069.150391,166228.096673107
534,,2023.04,05366,Euskirchen,154531,,0,.,0,.,0,.,0,.,7,,4.8,,2.2,,0,-,Kreis,1250281279.92773,290405.800465605
535,,2023.04,05362,Rhein-Erft-Kreis,288933,,0,.,0,.,0,.,0,.,3.8,,2,,1.8,,0,,Kreis,703016562.010742,194838.575207755
536,,2023.04,05358,Düren,167989,,0,.,0,.,0,.,0,.,3.8,,2.2,,1.6,,0,,Kreis,940371029.933594,239403.533273169
537,,2023.04,05334,Städteregion Aachen,301030,,0,.,0,.,0,.,0,.,4.5,,2.4,,2.1,,0,,Kreis,704441130.219727,270249.499551821
538,,2023.04,05316,Leverkusen,91909,,0,.,0,.,0,.,0,.,4.6,,2,,2.6,,0,,Kreisfreie Stadt,78780864.5332031,52325.2401412013
539,,2023.04,05315,Köln,495429,,0,.,0,.,0,.,0,.,5.4,,2.2,,3.2,,0,,Kreisfreie Stadt,406768174.274414,122756.879624915
540,,2023.04,05314,Bonn,174491,,0,.,0,.,0,.,0,.,5,,2.6,,2.4,,0,,Kreisfreie Stadt,141610673.71582,65631.2890915728
541,,2023.04,05170,Wesel,294214,,0,.,0,.,0,.,0,.,3.8,,2.2,,1.5,,0,,Kreis,1042254695.52344,236903.50644036
542,,2023.04,05166,Viersen,193165,,0,.,0,.,0,.,0,.,3.7,,2.2,,1.5,,0,,Kreis,563607848.28418,149013.658961646
543,,2023.04,05162,Rhein-Kreis Neuss,279492,,0,.,0,.,0,.,0,.,4,,2.1,,1.9,,0,,Kreis,576484962.40332,171376.374023709
544,,2023.04,05158,Mettmann,301752,,0,.,0,.,0,.,0,.,4.8,,2.5,,2.3,,0,,Kreis,407951393.454102,178740.284376613
545,,2023.04,05154,Kleve,201713,,0,.,0,.,0,.,0,.,3.7,,1.9,,1.7,,0,,Kreis,1233480468.46582,273797.765568249
546,,2023.04,05124,Wuppertal,178787,,0,.,0,.,0,.,0,.,4.1,,2.1,,2,,0,,Kreisfreie Stadt,168439928.404297,87139.7015602039
547,,2023.04,05122,Solingen,98109,,0,.,0,.,0,.,0,.,5,,3,,2,,0,,Kreisfreie Stadt,88995921.1865234,60702.010830767
548,,2023.04,05120,Remscheid,63995,,0,.,0,.,0,.,0,.,4,,1.9,,2.1,,0,,Kreisfreie Stadt,74084053.7412109,46566.6416204877
549,,2023.04,05119,Oberhausen,113472,,0,.,0,.,0,.,0,.,3.3,,1.7,,1.6,,0,,Kreisfreie Stadt,77442381.3349609,47165.0388934437
550,,2023.04,05117,Mülheim an der Ruhr,95227,,0,.,0,.,0,.,0,.,4.1,,2,,2.1,,0,,Kreisfreie Stadt,91288609.5791016,47771.7305814314
551,,2023.04,05116,Mönchengladbach,143295,,0,.,0,.,0,.,0,.,4,,1.9,,2.1,,0,,Kreisfreie Stadt,170626170.893555,84169.1695040052
552,,2023.04,05114,Krefeld,122005,,0,.,0,.,0,.,0,.,3.7,,1.9,,1.8,,0,,Kreisfreie Stadt,136588715.342773,63616.6954308927
553,,2023.04,05113,Essen,295991,,0,.,0,.,0,.,0,.,4.5,,2,,2.5,,0,,Kreisfreie Stadt,210457058.47168,81440.8394355414
554,,2023.04,05112,Duisburg,237860,,0,.,0,.,0,.,0,.,2.7,,1.3,,1.3,,0,,Kreisfreie Stadt,233192439.330078,95785.9402818368
555,,2023.04,05111,Düsseldorf,321149,,0,.,0,.,0,.,0,.,6.8,,2.5,,4.2,,0,,Kreisfreie Stadt,217546071.861328,112285.366144823
556,,2023.04,04012,Bremerhaven,52011,,0,.,0,.,0,.,0,.,2.9,,1.5,,1.3,,0,-,Kreisfreie Stadt,94128150.2773438,77653.3498236271
557,,2023.04,04011,Bremen,247550,,0,.,0,.,0,.,0,.,3.9,,1.9,,2,,0,,Kreisfreie Stadt,326188860.736328,152668.942381665
558,,2023.04,03462,Wittmund,37397,,0,.,0,.,0,.,0,.,2.3,,1.5,,0.8,,0,-,Landkreis,660805508.28125,237460.49211554
559,,2023.04,03461,Wesermarsch,54491,,0,.,0,.,0,.,0,.,2.6,,1.6,,1,,0,-,Landkreis,827952082.020508,201926.225735977
560,,2023.04,03460,Vechta,91041,,0,.,0,.,0,.,0,.,4.3,,2.7,,1.6,,0,-,Landkreis,813816410.000977,175258.930309861
561,,2023.04,03459,Osnabrück,236721,,0,.,0,.,0,.,0,.,3.7,,2.3,,1.4,,0,,Landkreis,2121066219.41406,375663.605339353
562,,2023.04,03458,Oldenburg,86546,,0,.,0,.,0,.,0,.,3.5,,2.2,,1.3,,0,,Landkreis,1065025726.70703,198207.041247946
563,,2023.04,03457,Leer,106817,,0,.,0,.,0,.,0,.,3,,1.9,,1,,0,,Landkreis,1089662558.6543,230485.427283503
564,,2023.04,03456,Grafschaft Bentheim,87741,,0,.,0,.,0,.,0,.,4.4,,2.7,,1.7,,0,-,Landkreis,982099052.395508,194064.715881315
565,,2023.04,03455,Friesland,67598,,0,.,0,.,0,.,0,.,3.2,,2,,1.1,,0,,Landkreis,618912788.368164,207826.195154195
566,,2023.04,03454,Emsland,210762,,0,.,0,.,0,.,0,.,4.1,,2.6,,1.5,,0,,Landkreis,2883746490.64648,300655.969692117
567,,2023.04,03453,Cloppenburg,106505,,0,.,0,.,0,.,0,.,3.4,,2.1,,1.3,,0,,Landkreis,1421047102.89844,228211.076254937
568,,2023.04,03452,Aurich,120480,,0,.,0,.,0,.,0,.,3,,2,,1,,0,,Landkreis,1298652890.11816,359604.750190608
569,,2023.04,03451,Ammerland,82310,,0,.,0,.,0,.,0,.,3.5,,2.2,,1.3,,0,-,Landkreis,730131105.62207,153874.205387695
570,,2023.04,03405,Wilhelmshaven,40324,,0,.,0,.,0,.,0,.,2.4,,1.3,,1.1,,0,,Kreisfreie Stadt,108248172.838867,56249.714135824
571,,2023.04,03404,Osnabrück,88283,,0,.,0,.,0,.,0,.,5,,2.8,,2.3,,0,,Kreisfreie Stadt,120208161.90625,72502.7445112705
572,,2023.04,03403,Oldenburg (Oldb),90600,,0,.,0,.,0,.,0,.,5.1,,2.7,,2.4,,0,,Kreisfreie Stadt,103735226.646484,51943.3296956358
573,,2023.04,03402,Emden,25477,,0,.,0,.,0,.,0,.,4,,2.7,,1.4,,0,,Kreisfreie Stadt,111796448.801758,67063.655941761
574,,2023.04,03401,Delmenhorst,42846,,0,.,0,.,0,.,0,.,2.8,,1.3,,1.4,,0,,Kreisfreie Stadt,62467798.5947266,46257.9381557184
575,,2023.04,03361,Verden,88817,,0,.,0,.,0,.,0,.,3.4,,2,,1.3,,0,,Landkreis,789081710.703125,224811.846339036
576,,2023.04,03360,Uelzen,58372,,0,.,0,.,0,.,0,.,3.7,,2.2,,1.5,,0,-,Landkreis,1462207700.17188,220612.035508098
577,,2023.04,03359,Stade,128592,,0,.,0,.,0,.,0,.,3.5,,2.1,,1.5,,0,-,Landkreis,1269075763.50293,265280.850857743
578,,2023.04,03358,Heidekreis,90625,,0,.,0,.,0,.,0,.,2.9,,1.8,,1.1,,0,,Landkreis,1881746242.97168,365225.831866227
579,,2023.04,03357,Rotenburg (Wümme),119683,,0,.,0,.,0,.,0,.,3.5,,2.2,,1.3,,0,,Landkreis,2073801406.19531,353552.266818007
580,,2023.04,03356,Osterholz,74535,,0,.,0,.,0,.,0,.,3.3,,2.1,,1.2,,0,,Landkreis,653279865,179710.225107181
581,,2023.04,03355,Lüneburg,107575,,0,.,0,.,0,.,0,.,3.9,,2.4,,1.5,,0,,Landkreis,1327357220.72852,318554.960422675
582,,2023.04,03354,Lüchow-Dannenberg,31547,,0,.,0,.,0,.,0,.,2.9,,1.8,,1.1,,0,-,Landkreis,1226546093.60547,227707.256898562
583,,2023.04,03353,Harburg,171190,,0,.,0,.,0,.,0,.,3.8,,2.2,,1.6,,0,,Landkreis,1249117601.8291,256626.86543829
584,,2023.04,03352,Cuxhaven,128310,,0,.,0,.,0,.,0,.,2.6,,1.5,,1.1,,0,,Landkreis,2058739992.30664,308454.913252573
585,,2023.04,03351,Celle,112634,,0,.,0,.,0,.,0,.,3.4,,2,,1.5,,0,,Landkreis,1550684013.71582,246181.705103521
586,,2023.04,03257,Schaumburg,104405,,0,.,0,.,0,.,0,.,3.4,,2.3,,1.1,,0,-,Landkreis,676300755.381836,206397.981008128
587,,2023.04,03256,Nienburg (Weser),79644,,0,.,0,.,0,.,0,.,3.1,,2,,1.1,,0,,Landkreis,1400917922.84375,317688.390120049
588,,2023.04,03255,Holzminden,45611,,0,.,0,.,0,.,0,.,2.8,,1.6,,1.2,,0,-,Landkreis,694472629.105469,189171.307052356
589,,2023.04,03254,Hildesheim,163718,,0,.,0,.,0,.,0,.,3.4,,2,,1.3,,0,,Landkreis,1207789320.64551,251154.965666091
590,,2023.04,03252,Hameln-Pyrmont,93988,,0,.,0,.,0,.,0,.,3.2,,2,,1.2,,0,,Landkreis,797764574.958984,210020.338817558
591,,2023.04,03251,Diepholz,145275,,0,.,0,.,0,.,0,.,3.6,,2.2,,1.4,,0,,Landkreis,1991034474.31836,308652.494010019
592,,2023.04,03241,Region Hannover,595919,,0,.,0,.,0,.,0,.,4.1,,2.3,,1.8,,0,,Landkreis,2297326127.13477,379374.837502092
593,,2023.04,03159,Göttingen,186076,,0,.,0,.,0,.,0,.,3.6,,2.1,,1.4,,0,,Landkreis,1754861833.00781,385590.386200199
594,,2023.04,03158,Wolfenbüttel,76383,,0,.,0,.,0,.,0,.,3.5,,2.4,,1.1,,0,,Landkreis,724065535.433594,215640.850159417
595,,2023.04,03157,Peine,86935,,0,.,0,.,0,.,0,.,3.4,,2.4,,1.1,,0,,Landkreis,536101104.076172,149602.771432759
596,,2023.04,03155,Northeim,89454,,0,.,0,.,0,.,0,.,3.2,,2,,1.2,,0,-,Landkreis,1269651774.30176,228982.313706335
597,,2023.04,03154,Helmstedt,57167,,0,.,0,.,0,.,0,.,3.5,,2.4,,1.1,,0,,Landkreis,675687788.225586,231289.034806608
598,,2023.04,03153,Goslar,80752,,0,.,0,.,0,.,0,.,3,,1.7,,1.3,,0,,Landkreis,969210805.345703,233890.968622506
599,,2023.04,03151,Gifhorn,111406,,0,.,0,.,0,.,0,.,3.9,,2.8,,1.1,,0,,Landkreis,1569205053.24512,282161.609724976
600,,2023.04,03103,Wolfsburg,121284,,0,.,0,.,0,.,0,.,7.6,,4,,3.5,,0,-,Kreisfreie Stadt,204942168.826172,91494.3940080182
601,,2023.04,03102,Salzgitter,56697,,0,.,0,.,0,.,0,.,2.3,,1.4,,0.9,,0,-,Kreisfreie Stadt,225241578.612305,109481.843532545
602,,2023.04,03101,Braunschweig,148913,,0,.,0,.,0,.,0,.,6.9,,4.7,,2.2,,0,,Kreisfreie Stadt,192263016.94043,96253.2221066206
603,,2023.04,02000,Hamburg,812208,,0,.,0,.,0,.,0,.,5.6,,2.7,,2.9,,0,,Kreisfreie Stadt,752486078.693359,218319.223917463
604,,2023.04,01062,Stormarn,156026,,0,.,0,.,0,.,0,.,4.4,,2.5,,1.9,,0,,Kreis,766059006.546875,254492.948218965
605,,2023.04,01061,Steinburg,83501,,0,.,0,.,0,.,0,.,3,,2.1,,1,,0,,Kreis,1055624123.08594,193429.843760563
606,,2023.04,01060,Segeberg,173527,,0,.,0,.,0,.,0,.,3.9,,2.3,,1.6,,0,,Kreis,1345767960.55859,287287.284105907
607,,2023.04,01059,Schleswig-Flensburg,133528,,0,.,0,.,0,.,0,.,3.7,,2.7,,1,,0,,Kreis,2070852562.36133,356669.588409604
608,,2023.04,01058,Rendsburg-Eckernförde,179113,,0,.,0,.,0,.,0,.,3.8,,2.6,,1.2,,0,,Kreis,2188406603.16406,351411.986073704
609,,2023.04,01057,Plön,82565,,0,.,0,.,0,.,0,.,3.6,,2.5,,1.1,,0,,Kreis,1083370335.23828,228552.625170368
610,,2023.04,01056,Pinneberg,180728,,0,.,0,.,0,.,0,.,3.9,,2.3,,1.6,,0,,Kreis,663713966.863281,158271.717662983
611,,2023.04,01055,Ostholstein,131203,,0,.,0,.,0,.,0,.,3.3,,2,,1.2,,0,-,Kreis,1394318441.49023,334074.13334403
612,,2023.04,01054,Nordfriesland,107551,,0,.,0,.,0,.,0,.,4.7,,3.3,,1.3,,0.1,,Kreis,2090311784.12012,636064.144512072
613,,2023.04,01053,Herzogtum Lauenburg,122026,,0,.,0,.,0,.,0,.,3.5,,2.2,,1.3,,0,,Kreis,1262927896.33203,256458.727199694
614,,2023.04,01051,Dithmarschen,83872,,0,.,0,.,0,.,0,.,2.8,,2,,0.8,,0,,Kreis,1443991936.72363,245572.111008473
615,,2023.04,01004,Neumünster,43371,,0,.,0,.,0,.,0,.,4,,2.5,,1.5,,0,,Kreisfreie Stadt,71631910.9277344,54213.2416336757
616,,2023.04,01003,Lübeck,102154,,0,.,0,.,0,.,0,.,3.6,,1.9,,1.7,,0,-,Kreisfreie Stadt,211688220.145508,146471.981758647
617,,2023.04,01002,Kiel,111532,,0,.,0,.,0,.,0,.,3.9,,2.3,,1.6,,0,,Kreisfreie Stadt,119698137.066406,84659.240789817
618,,2023.04,01001,Flensburg,45550,,0,.,0,.,0,.,0,.,4.2,,2.5,,1.6,,0,,Kreisfreie Stadt,56888946.234375,37654.0538300401
619,,2023.04,16077,Altenburger Land,51216,,0,.,0,.,0,.,0,.,1.9,,0.9,,1,,0,,Landkreis,569495813.860352,159208.499301686
620,,2023.04,16076,Greiz,59993,,0,.,0,.,0,.,0,.,1.8,,1,,0.9,,0,-,Landkreis,846194830.068359,288937.795198219
621,,2023.04,16075,Saale-Orla-Kreis,50217,,0,.,0,.,0,.,0,.,1.6,,0.8,,0.8,,0,-,Landkreis,1151738096.22656,255786.812284021
622,,2023.04,16074,Saale-Holzland-Kreis,49775,,0,.,0,.,0,.,0,.,2.3,,1.2,,1.1,,0,-,Landkreis,815508565.787109,235948.734812389
623,,2023.04,16073,Saalfeld-Rudolstadt,59962,,0,.,0,.,0,.,0,.,2.1,,1.1,,1,,0,-,Landkreis,1008735679.04199,289884.18985615
624,,2023.04,16072,Sonneberg,34759,,0,.,0,.,0,.,0,.,2,,0.9,,1.1,,0,,Landkreis,460681672.719727,161297.158075011
625,,2023.04,16071,Weimarer Land,49077,,0,.,0,.,0,.,0,.,2.3,,1.3,,1.1,,0,,Landkreis,804514564.327148,270201.373476309
626,,2023.04,16070,Ilm-Kreis,59067,,0,.,0,.,0,.,0,.,2.6,,1.5,,1.1,,0,,Landkreis,803588201.576172,223009.896391042
627,,2023.04,16069,Hildburghausen,39233,,0,.,0,.,0,.,0,.,1.9,,1,,0.9,,0,-,Landkreis,937768356.192383,266027.275919908
628,,2023.04,16068,Sömmerda,40641,,0,.,0,.,0,.,0,.,1.9,,1,,0.9,,0,-,Landkreis,807021507.053711,231271.168225578
629,,2023.04,16067,Gotha,76605,,0,.,0,.,0,.,0,.,2.3,,1.2,,1.1,,0,,Landkreis,935833051.850586,201383.912823013
630,,2023.04,16066,Schmalkalden-Meiningen,76244,,0,.,0,.,0,.,0,.,2.1,,1.1,,1,,0,-,Landkreis,1251050645.04785,289746.940316977
631,,2023.04,16065,Kyffhäuserkreis,44141,,0,.,0,.,0,.,0,.,1.6,,0.9,,0.7,,0,-,Landkreis,1037770304.01953,273300.806525077
632,,2023.04,16064,Unstrut-Hainich-Kreis,54334,,0,.,0,.,0,.,0,.,2.7,,1.4,,1.3,,0,-,Landkreis,931296290.730469,220159.559866101
633,,2023.04,16063,Wartburgkreis,95443,,0,.,0,.,0,.,0,.,2.2,,1.1,,1.1,,0,-,Landkreis,1369998788.58398,359739.228310871
634,,2023.04,16062,Nordhausen,47336,,0,.,0,.,0,.,0,.,2.1,,1,,1.1,,0,,Landkreis,714291367.835938,185722.419164402
635,,2023.04,16061,Eichsfeld,63887,,0,.,0,.,0,.,0,.,2.9,,1.6,,1.3,,0,-,Landkreis,990529967.28418,211025.563666031
636,,2023.04,16055,Weimar,30131,,0,.,0,.,0,.,0,.,3.4,,1.8,,1.6,,0,,Kreisfreie Stadt,84371242.5537109,63917.4037953295
637,,2023.04,16054,Suhl,19818,,0,.,0,.,0,.,0,.,2.6,,1.3,,1.2,,0,-,Kreisfreie Stadt,142863361.462891,89565.7719743408
638,,2023.04,16053,Jena,45013,,0,.,0,.,0,.,0,.,3.3,,1.7,,1.5,,0,-,Kreisfreie Stadt,114916066.803711,69161.7063041314
639,,2023.04,16052,Gera,46017,,0,.,0,.,0,.,0,.,2.3,,1.2,,1.1,,0,,Kreisfreie Stadt,152224963.852539,75323.7031332036
640,,2023.04,16051,Erfurt,98463,,0,.,0,.,0,.,0,.,3.2,,1.7,,1.6,,0,-,Kreisfreie Stadt,270412481.84668,106760.438648397
641,,2023.04,15091,Wittenberg,75551,,0,.,0,.,0,.,0,.,1.8,,0.9,,0.9,,0,-,Landkreis,1942799199.44336,288331.940418521
642,,2023.04,15090,Stendal,63755,,0,.,0,.,0,.,0,.,1.8,,1,,0.8,,0,-,Landkreis,2437018945.38281,388099.364972118
643,,2023.04,15089,Salzlandkreis,104998,,0,.,0,.,0,.,0,.,1.6,,0.8,,0.8,,0,-,Landkreis,1434906372.00391,264035.613726712
644,,2023.04,15088,Saalekreis,115587,,0,.,0,.,0,.,0,.,2.1,,1,,1.1,,0,,Landkreis,1440237602.55957,371586.717822968
645,,2023.04,15087,Mansfeld-Südharz,79584,,0,.,0,.,0,.,0,.,1.7,,0.9,,0.7,,0,-,Landkreis,1456203560.97266,331487.311274932
646,,2023.04,15086,Jerichower Land,54617,,0,.,0,.,0,.,0,.,2,,1.1,,0.9,,0,-,Landkreis,1589285902.17285,247755.483552346
647,,2023.04,15085,Harz,123616,,0,.,0,.,0,.,0,.,2.3,,1.2,,1,,0,-,Landkreis,2108206001.10352,325892.061240799
648,,2023.04,15084,Burgenlandkreis,102582,,0,.,0,.,0,.,0,.,1.8,,0.9,,0.9,,0,,Landkreis,1419035819.56836,295284.252349554
649,,2023.04,15083,Börde,106914,,0,.,0,.,0,.,0,.,2,,1.1,,0.9,,0,,Landkreis,2376921623.70215,371548.321413939
650,,2023.04,15082,Anhalt-Bitterfeld,92779,,0,.,0,.,0,.,0,.,1.7,,0.9,,0.8,,0,-,Landkreis,1460781901.5127,339057.665260413
651,,2023.04,15081,Altmarkkreis Salzwedel,50796,,0,.,0,.,0,.,0,.,1.9,,1.1,,0.8,,0,-,Landkreis,2303788808.49023,303821.084721262
652,,2023.04,15003,Magdeburg,111749,,0,.,0,.,0,.,0,.,2.8,,1.4,,1.5,,0,,Kreisfreie Stadt,200999393.913086,84386.2998201417
653,,2023.04,15002,Halle (Saale),94909,,0,.,0,.,0,.,0,.,2.4,,1.2,,1.2,,0,,Kreisfreie Stadt,135824688.286133,77730.5455395086
654,,2023.04,15001,Dessau-Roßlau,41761,,0,.,0,.,0,.,0,.,2.3,,1.2,,1.1,,0,-,Kreisfreie Stadt,246249160.496094,115997.461325231
655,,2023.04,14730,Nordsachsen,117792,,0,.,0,.,0,.,0,.,2,,1,,1,,0,,Landkreis,2027548084.84375,410437.981496651
656,,2023.04,14729,Leipzig,156159,,0,.,0,.,0,.,0,.,2.3,,1.3,,1.1,,0,,Landkreis,1651662788.13379,340686.753048234
657,,2023.04,14713,Leipzig,233588,,0,.,0,.,0,.,0,.,3.4,,1.7,,1.7,,0,,Kreisfreie Stadt,298922201.506836,120864.657877298
658,,2023.04,14628,Sächsische Schweiz-Osterzgebirge,145516,,0,.,0,.,0,.,0,.,2.1,,1.1,,1,,0,,Landkreis,1653732867.60742,288402.833770503
659,,2023.04,14627,Meißen,140425,,0,.,0,.,0,.,0,.,1.9,,1,,0.9,,0,,Landkreis,1457361541.51758,262261.856107648
660,,2023.04,14626,Görlitz,143765,,0,.,0,.,0,.,0,.,1.5,,0.7,,0.7,,0,,Landkreis,2111152045.11914,342510.820123424
661,,2023.04,14625,Bautzen,182211,,0,.,0,.,0,.,0,.,1.8,,0.9,,0.9,,0,,Landkreis,2395636437.77637,346336.618967316
662,,2023.04,14612,Dresden,230889,,0,.,0,.,0,.,0,.,3,,1.4,,1.6,,0,,Kreisfreie Stadt,328095164.584961,126184.878956216
663,,2023.04,14524,Zwickau,186680,,0,.,0,.,0,.,0,.,2.4,,1.3,,1.1,,0,,Landkreis,949635037.395508,236921.194806854
664,,2023.04,14523,Vogtlandkreis,137047,,0,.,0,.,0,.,0,.,1.9,,1,,0.9,,0,-,Landkreis,1412302685.4502,311749.172671271
665,,2023.04,14522,Mittelsachsen,179937,,0,.,0,.,0,.,0,.,1.8,,0.9,,0.9,,0,,Landkreis,2114833220.54395,370846.696636421
666,,2023.04,14521,Erzgebirgskreis,202922,,0,.,0,.,0,.,0,.,1.8,,0.9,,0.9,,0,-,Landkreis,1826997137.63379,316907.024888456
667,,2023.04,14511,Chemnitz,125797,,0,.,0,.,0,.,0,.,2.9,,1.4,,1.5,,0,,Kreisfreie Stadt,221028414.417969,95998.2589097507
668,,2023.04,13076,Ludwigslust-Parchim,129504,,0,.,0,.,0,.,0,.,1.5,,0.9,,0.6,,0,-,Landkreis,4767205837.64355,544987.623152899
669,,2023.04,13075,Vorpommern-Greifswald,126966,,0,.,0,.,0,.,0,.,1.6,,0.9,,0.7,,0,-,Landkreis,3951628526.83691,786666.150434142
670,,2023.04,13074,Nordwestmecklenburg,92297,,0,.,0,.,0,.,0,.,2.1,,1.3,,0.8,,0,,Landkreis,2125833400.80469,421255.501799993
671,,2023.04,13073,Vorpommern-Rügen,126238,,0,.,0,.,0,.,0,.,1.9,,1.1,,0.9,,0,,Landkreis,3214113963.38477,1089521.87046376
672,,2023.04,13072,Rostock,129482,,0,.,0,.,0,.,0,.,2.3,,1.3,,1,,0,,Landkreis,3429396493.29785,470885.235429407
673,,2023.04,13071,Mecklenburgische Seenplatte,146778,,0,.,0,.,0,.,0,.,1.7,,0.8,,0.9,,0,,Landkreis,5495373409.96094,516564.114817789
674,,2023.04,13004,Schwerin,44574,,0,.,0,.,0,.,0,.,2.5,,1.2,,1.2,,0,-,Kreisfreie Stadt,130106434.195313,69520.7229903608
675,,2023.04,13003,Rostock,86308,,0,.,0,.,0,.,0,.,2.6,,1.4,,1.1,,0,,Kreisfreie Stadt,181477390.371094,88507.9712348811
676,,2023.04,12073,Uckermark,68462,,0,.,0,.,0,.,0,.,1.7,,1,,0.7,,0,,Landkreis,3076108441.98047,392821.33775274
677,,2023.04,12072,Teltow-Fläming,107942,,0,.,0,.,0,.,0,.,3,,1.7,,1.3,,0,-,Landkreis,2103910816.79297,319624.700377854
678,,2023.04,12071,Spree-Neiße,71194,,0,.,0,.,0,.,0,.,1.6,,0.8,,0.8,,0,-,Landkreis,1657098234.44043,349641.41206109
679,,2023.04,12070,Prignitz,46642,,0,.,0,.,0,.,0,.,2.7,,0.9,,1.8,,0,-,Landkreis,2138707957.80859,314721.91601579
680,,2023.04,12069,Potsdam-Mittelmark,132566,,0,.,0,.,0,.,0,.,3.4,,2.1,,1.4,,0,,Landkreis,2593033934.44922,472327.251125324
681,,2023.04,12068,Ostprignitz-Ruppin,59175,,0,.,0,.,0,.,0,.,1.9,,1,,0.9,,0,,Landkreis,2525923984.48242,381275.632236586
682,,2023.04,12067,Oder-Spree,109343,,0,.,0,.,0,.,0,.,2.3,,1.3,,1,,0,,Landkreis,2257290888.04004,375644.78503136
683,,2023.04,12066,Oberspreewald-Lausitz,65414,,0,.,0,.,0,.,0,.,1.4,,0.7,,0.7,,0,-,Landkreis,1223208108.22656,254326.525952779
684,,2023.04,12065,Oberhavel,125572,,0,.,0,.,0,.,0,.,3.2,,1.8,,1.4,,0,,Landkreis,1807834068.39551,360530.244809173
685,,2023.04,12064,Märkisch-Oderland,120636,,0,.,0,.,0,.,0,.,2.5,,1.4,,1.1,,0,-,Landkreis,2157546355.48535,315778.884374255
686,,2023.04,12063,Havelland,97102,,0,.,0,.,0,.,0,.,3.2,,1.9,,1.3,,0,,Landkreis,1727373166.76465,342971.431508018
687,,2023.04,12062,Elbe-Elster,63331,,0,.,0,.,0,.,0,.,1.4,,0.8,,0.7,,0,,Landkreis,1899997386.25391,305918.130224615
688,,2023.04,12061,Dahme-Spreewald,108401,,0,.,0,.,0,.,0,.,3,,1.6,,1.3,,0,,Landkreis,2275819756.17969,436033.631253628
689,,2023.04,12060,Barnim,109839,,0,.,0,.,0,.,0,.,2.9,,1.7,,1.2,,0,,Landkreis,1481005522.70801,341342.860018858
690,,2023.04,12054,Potsdam,76743,,0,.,0,.,0,.,0,.,3.8,,1.9,,1.9,,0,,Kreisfreie Stadt,186950957.337891,96418.8943279986
691,,2023.04,12053,Frankfurt (Oder),28169,,0,.,0,.,0,.,0,.,1.9,,0.9,,1,,0,-,Kreisfreie Stadt,147780070.31543,66375.9750375522
692,,2023.04,12052,Cottbus,48540,,0,.,0,.,0,.,0,.,2.2,,1,,1.2,,0,,Kreisfreie Stadt,165033344.552734,87657.0910954755
693,,2023.04,12051,Brandenburg an der Havel,34901,,0,.,0,.,0,.,0,.,2.9,,1.6,,1.4,,0,-,Kreisfreie Stadt,229536571.996094,141971.594036605
694,,2023.04,11000,Berlin,1243500,,0,.,0,.,0,.,0,.,4.3,,2.2,,2.1,,0,,Kreisfreie Stadt,891789356.085938,222564.759502733
695,,2023.04,10046,St. Wendel,63255,,0,.,0,.,0,.,0,.,4.4,,3,,1.4,,0,-,Landkreis,476354283.110352,146866.901261139
696,,2023.04,10045,Saarpfalz-Kreis,99058,,0,.,0,.,0,.,0,.,3.7,,2,,1.7,,0,,Landkreis,419096935.567383,159211.807111928
697,,2023.04,10044,Saarlouis,134676,,0,.,0,.,0,.,0,.,3.2,,1.7,,1.5,,0,,Landkreis,458985903.306641,158271.168504276
698,,2023.04,10043,Neunkirchen,87149,,0,.,0,.,0,.,0,.,3.3,,1.6,,1.6,,0,-,Landkreis,248117924.852539,107822.664579199
699,,2023.04,10042,Merzig-Wadern,73046,,0,.,0,.,0,.,0,.,2.9,,1.7,,1.2,,0,-,Landkreis,556979507.769531,154721.880097438
700,,2023.04,10041,Regionalverband Saarbrücken,193000,,0,.,0,.,0,.,0,.,3.6,,1.8,,1.8,,0,,Landkreis,411489484.970703,160799.877878205
701,,2023.04,09780,Oberallgäu,104846,,0,.,0,.,0,.,0,.,3.5,,2.2,,1.3,,0,-,Landkreis,1528353119.51855,341969.342105912
702,,2023.04,09779,Donau-Ries,94956,,0,.,0,.,0,.,0,.,3.6,,2.1,,1.5,,0,-,Landkreis,1274179146.9248,334855.877078285
703,,2023.04,09778,Unterallgäu,103322,,0,.,0,.,0,.,0,.,3,,1.9,,1.1,,0,-,Landkreis,1229882513.49414,326412.465520539
704,,2023.04,09777,Ostallgäu,96161,,0,.,0,.,0,.,0,.,3.7,,2.4,,1.3,,0,-,Landkreis,1393283604.78418,408695.960385229
705,,2023.04,09776,Lindau (Bodensee),54104,,0,.,0,.,0,.,0,.,3.7,,2.3,,1.4,,0,-,Landkreis,323241962.030273,143695.537883892
706,,2023.04,09775,Neu-Ulm,113642,,0,.,0,.,0,.,0,.,3.5,,2,,1.5,,0,,Landkreis,515671085.181641,148988.874247824
707,,2023.04,09774,Günzburg,87786,,0,.,0,.,0,.,0,.,3.5,,2,,1.5,,0,,Landkreis,763345366.449219,232954.134000113
708,,2023.04,09773,Dillingen a.d.Donau,67912,,0,.,0,.,0,.,0,.,3,,1.8,,1.2,,0,-,Landkreis,791686690.830078,242655.202666034
709,,2023.04,09772,Augsburg,171457,,0,.,0,.,0,.,0,.,4.1,,2.3,,1.8,,0,,Landkreis,1071521962.7207,309028.860969014
710,,2023.04,09771,Aichach-Friedberg,89786,,0,.,0,.,0,.,0,.,3.9,,2.4,,1.5,,0,,Landkreis,779820964.371094,226106.141811333
711,,2023.04,09764,Memmingen,27611,,0,.,0,.,0,.,0,.,3.8,,2,,1.8,,0,-,Kreisfreie Stadt,69807842.7167969,63228.1848011595
712,,2023.04,09763,Kempten (Allgäu),40421,,0,.,0,.,0,.,0,.,4.5,,2.6,,1.9,,0,,Kreisfreie Stadt,63248638.9882813,53450.3530222877
713,,2023.04,09762,Kaufbeuren,26286,,0,.,0,.,0,.,0,.,3.3,,1.9,,1.4,,0,-,Kreisfreie Stadt,40431942.4960938,39470.9962520316
714,,2023.04,09761,Augsburg,141003,,0,.,0,.,0,.,0,.,3.9,,1.8,,2.1,,0,,Kreisfreie Stadt,146459229.583984,86297.542663465
715,,2023.04,09679,Würzburg,108505,,0,.,0,.,0,.,0,.,4.3,,2.7,,1.6,,0,,Landkreis,967155584.087891,337613.040360294
716,,2023.04,09678,Schweinfurt,79299,,0,.,0,.,0,.,0,.,3.6,,2.4,,1.2,,0,,Landkreis,841233412.072266,324997.501418006
717,,2023.04,09677,Main-Spessart,87125,,0,.,0,.,0,.,0,.,3.6,,2.1,,1.5,,0,-,Landkreis,1321991667.66113,287380.964912033
718,,2023.04,09676,Miltenberg,87227,,0,.,0,.,0,.,0,.,3.5,,1.7,,1.7,,0,,Landkreis,715285437.052734,225618.089550047
719,,2023.04,09675,Kitzingen,63104,,0,.,0,.,0,.,0,.,3.7,,2.4,,1.3,,0,,Landkreis,683903707.851563,201499.965144985
720,,2023.04,09674,Haßberge,59790,,0,.,0,.,0,.,0,.,3.3,,2.2,,1.1,,0,-,Landkreis,956502900.063477,250394.505232398
721,,2023.04,09673,Rhön-Grabfeld,56187,,0,.,0,.,0,.,0,.,4.7,,3.5,,1.2,,0,-,Landkreis,1021624976.38477,256743.758245581
722,,2023.04,09672,Bad Kissingen,72055,,0,.,0,.,0,.,0,.,3.2,,2.1,,1.1,,0,-,Landkreis,1137656959.4668,279211.62790441
723,,2023.04,09671,Aschaffenburg,119527,,0,.,0,.,0,.,0,.,4.3,,2.4,,1.9,,0,,Landkreis,698932681.59375,229374.257908033
724,,2023.04,09663,Würzburg,64111,,0,.,0,.,0,.,0,.,5,,2.7,,2.3,,0,,Kreisfreie Stadt,87764401.9951172,65259.0145445697
725,,2023.04,09662,Schweinfurt,29777,,0,.,0,.,0,.,0,.,5.5,,2.2,,3.4,,0,-,Kreisfreie Stadt,35705732.7753906,39633.719962486
726,,2023.04,09661,Aschaffenburg,43918,,0,.,0,.,0,.,0,.,5.9,,2.7,,3.1,,0,-,Kreisfreie Stadt,62023548.3466797,50412.0037044716
727,,2023.04,09577,Weißenburg-Gunzenhausen,64374,,0,.,0,.,0,.,0,.,3.7,,2.3,,1.4,,0,,Landkreis,970267811.857422,223083.568343369
728,,2023.04,09576,Roth,88906,,0,.,0,.,0,.,0,.,3.7,,2.1,,1.5,,0,,Landkreis,895175763.526367,300336.063639876
729,,2023.04,09575,Neustadt a.d.Aisch-Bad Windsheim,69822,,0,.,0,.,0,.,0,.,3.7,,2.5,,1.3,,0,,Landkreis,1267945156.98633,286565.424246564
730,,2023.04,09574,Nürnberger Land,113068,,0,.,0,.,0,.,0,.,3.9,,2.4,,1.5,,0,,Landkreis,797630947.844727,280037.722454563
731,,2023.04,09573,Fürth,78209,,0,.,0,.,0,.,0,.,3.7,,2.3,,1.5,,0,,Landkreis,307104515.246094,119071.936100924
732,,2023.04,09572,Erlangen-Höchstadt,93884,,0,.,0,.,0,.,0,.,5.5,,3.1,,2.5,,0,,Landkreis,564516798.948242,302003.323956942
733,,2023.04,09571,Ansbach,129126,,0,.,0,.,0,.,0,.,3.3,,2.1,,1.2,,0,,Landkreis,1972780199.8584,438171.105364346
734,,2023.04,09565,Schwabach,26495,,0,.,0,.,0,.,0,.,4.4,,2.2,,2.1,,0,,Kreisfreie Stadt,40825280.7548828,44392.3601544875
735,,2023.04,09564,Nürnberg,247934,,0,.,0,.,0,.,0,.,4.1,,2.1,,2,,0,,Kreisfreie Stadt,187671476.236328,138424.259082801
736,,2023.04,09563,Fürth,64319,,0,.,0,.,0,.,0,.,3.8,,2.1,,1.7,,0,,Kreisfreie Stadt,63347123.8447266,45995.1390193326
737,,2023.04,09562,Erlangen,56251,,0,.,0,.,0,.,0,.,4.6,,2.4,,2.2,,0,,Kreisfreie Stadt,78014690.5429688,53139.0900158128
738,,2023.04,09561,Ansbach,25733,,0,.,0,.,0,.,0,.,3.9,,2.1,,1.8,,0,-,Kreisfreie Stadt,99853580.3564453,70278.7303360335
739,,2023.04,09479,Wunsiedel i.Fichtelgebirge,47497,,0,.,0,.,0,.,0,.,3,,1.6,,1.4,,0,,Landkreis,606192311.765625,147427.252500402
740,,2023.04,09478,Lichtenfels,45551,,0,.,0,.,0,.,0,.,2.7,,1.6,,1.1,,0,-,Landkreis,519676599.529297,188339.943949693
741,,2023.04,09477,Kulmbach,50591,,0,.,0,.,0,.,0,.,3.1,,1.9,,1.2,,0,,Landkreis,658004334.990234,203657.347389188
742,,2023.04,09476,Kronach,46037,,0,.,0,.,0,.,0,.,2.8,,1.6,,1.2,,0,-,Landkreis,651475772.542969,195680.596667354
743,,2023.04,09475,Hof,64622,,0,.,0,.,0,.,0,.,3.2,,1.7,,1.5,,0,,Landkreis,893663689.371094,293042.491814798
744,,2023.04,09474,Forchheim,79219,,0,.,0,.,0,.,0,.,3.5,,2.2,,1.3,,0,,Landkreis,642921296.804688,202014.345609455
745,,2023.04,09473,Coburg,60048,,0,.,0,.,0,.,0,.,3.5,,2,,1.5,,0,,Landkreis,591020889.209961,265614.514307051
746,,2023.04,09472,Bayreuth,72449,,0,.,0,.,0,.,0,.,3,,1.9,,1.2,,0,,Landkreis,1273584205.2207,386106.994410095
747,,2023.04,09471,Bamberg,103576,,0,.,0,.,0,.,0,.,3.2,,2,,1.2,,0,,Landkreis,1166948004.1875,363511.905725181
748,,2023.04,09464,Hof,27561,,0,.,0,.,0,.,0,.,4.5,,2,,2.6,,0,,Kreisfreie Stadt,58159802.2382813,54718.4550792217
749,,2023.04,09463,Coburg,25241,,0,.,0,.,0,.,0,.,4.5,,2.4,,2.1,,0,-,Kreisfreie Stadt,48017323.6835938,47861.9792022719
750,,2023.04,09462,Bayreuth,41875,,0,.,0,.,0,.,0,.,6,,3.3,,2.6,,0,,Kreisfreie Stadt,67008634.3730469,64736.4199248782
751,,2023.04,09461,Bamberg,41217,,0,.,0,.,0,.,0,.,4.2,,2.5,,1.7,,0,-,Kreisfreie Stadt,54976414.7333984,40927.3519722638
752,,2023.04,09377,Tirschenreuth,49400,,0,.,0,.,0,.,0,.,3,,1.5,,1.4,,0,-,Landkreis,1084534913.91406,229088.470696812
753,,2023.04,09376,Schwandorf,103737,,0,.,0,.,0,.,0,.,3,,1.8,,1.2,,0,-,Landkreis,1458425984.95898,347575.996306894
754,,2023.04,09375,Regensburg,130711,,0,.,0,.,0,.,0,.,3.8,,2.4,,1.4,,0,,Landkreis,1393030845.39941,411789.418124436
755,,2023.04,09374,Neustadt a.d.Waldnaab,66448,,0,.,0,.,0,.,0,.,3.2,,1.9,,1.3,,0,-,Landkreis,1428166109.66699,385732.083609104
756,,2023.04,09373,Neumarkt i.d.OPf.,92235,,0,.,0,.,0,.,0,.,3.7,,2.3,,1.4,,0,-,Landkreis,1344541220.45117,303939.946431158
757,,2023.04,09372,Cham,91713,,0,.,0,.,0,.,0,.,3.1,,2,,1.1,,0,,Landkreis,1526958023.89063,299328.140846534
758,,2023.04,09371,Amberg-Sulzbach,72073,,0,.,0,.,0,.,0,.,3.8,,2.5,,1.3,,0,,Landkreis,1255092290.34766,376859.42579161
759,,2023.04,09363,Weiden i.d.OPf.,26523,,0,.,0,.,0,.,0,.,4,,1.9,,2.1,,0,-,Kreisfreie Stadt,70605006.8857422,71839.4196751139
760,,2023.04,09362,Regensburg,82288,,0,.,0,.,0,.,0,.,5.5,,2.8,,2.7,,0,,Kreisfreie Stadt,79706492.1894531,59506.3819752187
761,,2023.04,09361,Amberg,25265,,0,.,0,.,0,.,0,.,4.4,,2.5,,1.9,,0,-,Kreisfreie Stadt,50405257.5654297,45172.0627563141
762,,2023.04,09279,Dingolfing-Landau,71895,,0,.,0,.,0,.,0,.,3.5,,2.2,,1.3,,0,,Landkreis,877379815.797852,263187.17169248
763,,2023.04,09278,Straubing-Bogen,71557,,0,.,0,.,0,.,0,.,3.1,,2.1,,1,,0,-,Landkreis,1200964159.71777,333805.068298285
764,,2023.04,09277,Rottal-Inn,86141,,0,.,0,.,0,.,0,.,3.2,,2,,1.2,,0,,Landkreis,1281034787.56348,290982.290980761
765,,2023.04,09276,Regen,51573,,0,.,0,.,0,.,0,.,3.1,,1.8,,1.4,,0,-,Landkreis,974828582.608398,194334.820631541
766,,2023.04,09275,Passau,133549,,0,.,0,.,0,.,0,.,3.7,,2.3,,1.4,,0,,Landkreis,1530226056.83984,349324.825744492
767,,2023.04,09274,Landshut,113371,,0,.,0,.,0,.,0,.,4,,2.5,,1.5,,0,,Landkreis,1347484584.59082,352561.699055864
768,,2023.04,09273,Kelheim,83550,,0,.,0,.,0,.,0,.,3.4,,2.2,,1.1,,0,-,Landkreis,1064782902.7373,277566.475134382
769,,2023.04,09272,Freyung-Grafenau,54601,,0,.,0,.,0,.,0,.,3,,1.7,,1.4,,0,-,Landkreis,983773696.077148,205137.074783462
770,,2023.04,09271,Deggendorf,81282,,0,.,0,.,0,.,0,.,3.5,,2.1,,1.4,,0,-,Landkreis,861232904.080078,214908.653550047
771,,2023.04,09263,Straubing,28184,,0,.,0,.,0,.,0,.,4.1,,2.2,,1.9,,0,-,Kreisfreie Stadt,67649328.3486328,55342.4542959559
772,,2023.04,09262,Passau,29898,,0,.,0,.,0,.,0,.,5,,2.5,,2.4,,0,,Kreisfreie Stadt,70107293.4433594,58468.6189304297
773,,2023.04,09261,Landshut,38851,,0,.,0,.,0,.,0,.,4,,2.2,,1.9,,0,,Kreisfreie Stadt,66173764.9755859,68059.4178922351
774,,2023.04,09190,Weilheim-Schongau,90974,,0,.,0,.,0,.,0,.,3.7,,2.4,,1.3,,0,-,Landkreis,967395171.895508,272636.208647296
775,,2023.04,09189,Traunstein,121166,,0,.,0,.,0,.,0,.,3.9,,2.5,,1.4,,0,-,Landkreis,1532990057.25293,315972.371520452
776,,2023.04,09188,Starnberg,89617,,0,.,0,.,0,.,0,.,5.9,,3.5,,2.4,,0,,Landkreis,486839643.578125,154838.380658794
777,,2023.04,09187,Rosenheim,177269,,0,.,0,.,0,.,0,.,3.9,,2.5,,1.4,,0,,Landkreis,1440401955.72949,378977.363111802
778,,2023.04,09186,Pfaffenhofen a.d.Ilm,86599,,0,.,0,.,0,.,0,.,3.7,,2.5,,1.2,,0,,Landkreis,760903330.470703,229356.061018572
779,,2023.04,09185,Neuburg-Schrobenhausen,67461,,0,.,0,.,0,.,0,.,3,,1.9,,1.2,,0,-,Landkreis,740049089.376953,221714.43570198
780,,2023.04,09184,München,241655,,0,.,0,.,0,.,0,.,8.4,,4.2,,4.2,,0,,Landkreis,664006064.419922,253024.576960929
781,,2023.04,09183,Mühldorf a.Inn,77636,,0,.,0,.,0,.,0,.,3.5,,2.3,,1.3,,0,,Landkreis,805046306.827148,251387.906279848
782,,2023.04,09182,Miesbach,68051,,0,.,0,.,0,.,0,.,4.4,,2.5,,1.9,,0,,Landkreis,866757960.75293,210751.517487509
783,,2023.04,09181,Landsberg am Lech,85055,,0,.,0,.,0,.,0,.,4.8,,3.4,,1.4,,0,-,Landkreis,803669334.545898,220162.735665796
784,,2023.04,09180,Garmisch-Partenkirchen,53520,,0,.,0,.,0,.,0,.,3.4,,2,,1.4,,0,,Landkreis,1011920317.62012,202175.405901146
785,,2023.04,09179,Fürstenfeldbruck,125957,,0,.,0,.,0,.,0,.,4,,2.3,,1.7,,0,,Landkreis,434651013.395508,150795.74162017
786,,2023.04,09178,Freising,112271,,0,.,0,.,0,.,0,.,4.1,,2.5,,1.6,,0,,Landkreis,798505478.394531,198190.25752764
787,,2023.04,09177,Erding,92073,,0,.,0,.,0,.,0,.,3.9,,2.4,,1.5,,0,,Landkreis,870824808.99707,184026.941276641
788,,2023.04,09176,Eichstätt,87444,,0,.,0,.,0,.,0,.,3.4,,2.2,,1.2,,0,,Landkreis,1214365067.16309,307498.835164874
789,,2023.04,09175,Ebersberg,88087,,0,.,0,.,0,.,0,.,5,,2.9,,2.1,,0,,Landkreis,549824040.4375,156850.433357146
790,,2023.04,09174,Dachau,95661,,0,.,0,.,0,.,0,.,4,,2.3,,1.7,,0,-,Landkreis,579538659.702148,164328.110709436
791,,2023.04,09173,Bad Tölz-Wolfratshausen,82552,,0,.,0,.,0,.,0,.,3.6,,2.2,,1.5,,0,,Landkreis,1111683344.53906,234990.022505886
792,,2023.04,09172,Berchtesgadener Land,67293,,0,.,0,.,0,.,0,.,3.3,,2.1,,1.2,,0,-,Landkreis,839799161.021484,222421.730122155
793,,2023.04,09171,Altötting,73821,,0,.,0,.,0,.,0,.,3.7,,2.3,,1.4,,0,-,Landkreis,569350849.804688,159866.861096235
794,,2023.04,09163,Rosenheim,36213,,0,.,0,.,0,.,0,.,3.9,,2.2,,1.7,,0,,Kreisfreie Stadt,36954285.3867188,31415.2055751276
795,,2023.04,09162,München,762228,,0,.,0,.,0,.,0,.,7.8,,3.4,,4.4,,0,,Kreisfreie Stadt,311418892.893555,113444.364599277
796,,2023.04,09161,Ingolstadt,100861,,0,.,0,.,0,.,0,.,6.3,,4.5,,1.8,,0,,Kreisfreie Stadt,133437450.783203,76161.6928625865
797,,2023.04,08437,Sigmaringen,89625,,0,.,0,.,0,.,0,.,3.4,,2,,1.4,,0,,Landkreis,1204677491.74121,292560.594124531
798,,2023.04,08436,Ravensburg,186426,,0,.,0,.,0,.,0,.,4,,2.5,,1.5,,0,-,Landkreis,1631876151.00586,326018.877239601
799,,2023.07,16077,Altenburger Land,51290,,0,.,0,.,0,.,0,.,1.9,,0.9,,1.1,,0,,Landkreis,569495813.860352,159208.499301686
800,,2023.07,16076,Greiz,59991,,0,.,0,.,0,.,0,.,1.9,,1,,0.9,,0,-,Landkreis,846194830.068359,288937.795198219
801,,2023.07,16075,Saale-Orla-Kreis,50334,,0,.,0,.,0,.,0,.,1.7,,0.9,,0.7,,0,-,Landkreis,1151738096.22656,255786.812284021
802,,2023.07,16074,Saale-Holzland-Kreis,49799,,0,.,0,.,0,.,0,.,2.3,,1.3,,1,,0,-,Landkreis,815508565.787109,235948.734812389
803,,2023.07,16073,Saalfeld-Rudolstadt,60025,,0,.,0,.,0,.,0,.,2.1,,1.1,,1,,0,-,Landkreis,1008735679.04199,289884.18985615
804,,2023.07,16072,Sonneberg,34774,,0,.,0,.,0,.,0,.,2.2,,1,,1.1,,0,,Landkreis,460681672.719727,161297.158075011
805,,2023.07,16071,Weimarer Land,49261,,0,.,0,.,0,.,0,.,2.5,,1.4,,1.1,,0,,Landkreis,804514564.327148,270201.373476309
806,,2023.07,16070,Ilm-Kreis,59278,,0,.,0,.,0,.,0,.,2.7,,1.6,,1.1,,0,,Landkreis,803588201.576172,223009.896391042
807,,2023.07,16069,Hildburghausen,39230,,0,.,0,.,0,.,0,.,2,,1.1,,0.9,,0,-,Landkreis,937768356.192383,266027.275919908
808,,2023.07,16068,Sömmerda,40705,,0,.,0,.,0,.,0,.,2.1,,1.1,,0.9,,0,-,Landkreis,807021507.053711,231271.168225578
809,,2023.07,16067,Gotha,76764,,0,.,0,.,0,.,0,.,2.5,,1.3,,1.2,,0,,Landkreis,935833051.850586,201383.912823013
810,,2023.07,16066,Schmalkalden-Meiningen,76378,,0,.,0,.,0,.,0,.,2.2,,1.1,,1,,0,-,Landkreis,1251050645.04785,289746.940316977
811,,2023.07,16065,Kyffhäuserkreis,44184,,0,.,0,.,0,.,0,.,1.7,,0.9,,0.7,,0,-,Landkreis,1037770304.01953,273300.806525077
812,,2023.07,16064,Unstrut-Hainich-Kreis,54645,,0,.,0,.,0,.,0,.,2.8,,1.5,,1.3,,0,-,Landkreis,931296290.730469,220159.559866101
813,,2023.07,16063,Wartburgkreis,95639,,0,.,0,.,0,.,0,.,2.3,,1.2,,1.1,,0,-,Landkreis,1369998788.58398,359739.228310871
814,,2023.07,16062,Nordhausen,47347,,0,.,0,.,0,.,0,.,2.2,,1.1,,1,,0,,Landkreis,714291367.835938,185722.419164402
815,,2023.07,16061,Eichsfeld,63967,,0,.,0,.,0,.,0,.,3.1,,1.8,,1.3,,0,-,Landkreis,990529967.28418,211025.563666031
816,,2023.07,16055,Weimar,30219,,0,.,0,.,0,.,0,.,3.6,,2,,1.6,,0,,Kreisfreie Stadt,84371242.5537109,63917.4037953295
817,,2023.07,16054,Suhl,19781,,0,.,0,.,0,.,0,.,2.7,,1.4,,1.3,,0,-,Kreisfreie Stadt,142863361.462891,89565.7719743408
818,,2023.07,16053,Jena,45027,,0,.,0,.,0,.,0,.,3.4,,1.9,,1.5,,0,-,Kreisfreie Stadt,114916066.803711,69161.7063041314
819,,2023.07,16052,Gera,46181,,0,.,0,.,0,.,0,.,2.4,,1.3,,1.1,,0,,Kreisfreie Stadt,152224963.852539,75323.7031332036
820,,2023.07,16051,Erfurt,98642,,0,.,0,.,0,.,0,.,3.4,,1.9,,1.6,,0,,Kreisfreie Stadt,270412481.84668,106760.438648397
821,,2023.07,15091,Wittenberg,75658,,0,.,0,.,0,.,0,.,1.9,,1,,0.9,,0,-,Landkreis,1942799199.44336,288331.940418521
822,,2023.07,15090,Stendal,63792,,0,.,0,.,0,.,0,.,1.8,,1.1,,0.8,,0,-,Landkreis,2437018945.38281,388099.364972118
823,,2023.07,15089,Salzlandkreis,105133,,0,.,0,.,0,.,0,.,1.7,,0.9,,0.8,,0,-,Landkreis,1434906372.00391,264035.613726712
824,,2023.07,15088,Saalekreis,115778,,0,.,0,.,0,.,0,.,2.2,,1,,1.1,,0,,Landkreis,1440237602.55957,371586.717822968
825,,2023.07,15087,Mansfeld-Südharz,79684,,0,.,0,.,0,.,0,.,1.7,,1,,0.7,,0,-,Landkreis,1456203560.97266,331487.311274932
826,,2023.07,15086,Jerichower Land,54679,,0,.,0,.,0,.,0,.,2.1,,1.2,,0.9,,0,-,Landkreis,1589285902.17285,247755.483552346
827,,2023.07,15085,Harz,123802,,0,.,0,.,0,.,0,.,2.4,,1.3,,1,,0,-,Landkreis,2108206001.10352,325892.061240799
828,,2023.07,15084,Burgenlandkreis,102772,,0,.,0,.,0,.,0,.,1.9,,1,,1,,0,,Landkreis,1419035819.56836,295284.252349554
829,,2023.07,15083,Börde,106993,,0,.,0,.,0,.,0,.,2,,1.1,,0.9,,0,,Landkreis,2376921623.70215,371548.321413939
830,,2023.07,15082,Anhalt-Bitterfeld,92901,,0,.,0,.,0,.,0,.,1.8,,0.9,,0.8,,0,-,Landkreis,1460781901.5127,339057.665260413
831,,2023.07,15081,Altmarkkreis Salzwedel,50835,,0,.,0,.,0,.,0,.,2,,1.1,,0.8,,0,-,Landkreis,2303788808.49023,303821.084721262
832,,2023.07,15003,Magdeburg,111867,,0,.,0,.,0,.,0,.,3,,1.5,,1.5,,0,,Kreisfreie Stadt,200999393.913086,84386.2998201417
833,,2023.07,15002,Halle (Saale),94907,,0,.,0,.,0,.,0,.,2.4,,1.2,,1.1,,0,,Kreisfreie Stadt,135824688.286133,77730.5455395086
834,,2023.07,15001,Dessau-Roßlau,41778,,0,.,0,.,0,.,0,.,2.5,,1.4,,1.1,,0,-,Kreisfreie Stadt,246249160.496094,115997.461325231
835,,2023.07,14730,Nordsachsen,118030,,0,.,0,.,0,.,0,.,2.1,,1.1,,1,,0,,Landkreis,2027548084.84375,410437.981496651
836,,2023.07,14729,Leipzig,156784,,0,.,0,.,0,.,0,.,2.5,,1.4,,1.1,,0,,Landkreis,1651662788.13379,340686.753048234
837,,2023.07,14713,Leipzig,233871,,0,.,0,.,0,.,0,.,3.6,,1.8,,1.7,,0,,Kreisfreie Stadt,298922201.506836,120864.657877298
838,,2023.07,14628,Sächsische Schweiz-Osterzgebirge,145850,,0,.,0,.,0,.,0,.,2.2,,1.2,,1,,0,,Landkreis,1653732867.60742,288402.833770503
839,,2023.07,14627,Meißen,140820,,0,.,0,.,0,.,0,.,2.1,,1.1,,1,,0,,Landkreis,1457361541.51758,262261.856107648
840,,2023.07,14626,Görlitz,144037,,0,.,0,.,0,.,0,.,1.5,,0.8,,0.8,,0,,Landkreis,2111152045.11914,342510.820123424
841,,2023.07,14625,Bautzen,182536,,0,.,0,.,0,.,0,.,2,,1,,0.9,,0,,Landkreis,2395636437.77637,346336.618967316
842,,2023.07,14612,Dresden,231205,,0,.,0,.,0,.,0,.,3.2,,1.6,,1.6,,0,,Kreisfreie Stadt,328095164.584961,126184.878956216
843,,2023.07,14524,Zwickau,187011,,0,.,0,.,0,.,0,.,2.5,,1.4,,1.1,,0,,Landkreis,949635037.395508,236921.194806854
844,,2023.07,14523,Vogtlandkreis,137314,,0,.,0,.,0,.,0,.,2,,1.1,,0.9,,0,-,Landkreis,1412302685.4502,311749.172671271
845,,2023.07,14522,Mittelsachsen,180271,,0,.,0,.,0,.,0,.,1.9,,1,,0.9,,0,,Landkreis,2114833220.54395,370846.696636421
846,,2023.07,14521,Erzgebirgskreis,203164,,0,.,0,.,0,.,0,.,1.9,,1,,0.9,,0,-,Landkreis,1826997137.63379,316907.024888456
847,,2023.07,14511,Chemnitz,125998,,0,.,0,.,0,.,0,.,3,,1.5,,1.5,,0,,Kreisfreie Stadt,221028414.417969,95998.2589097507
848,,2023.07,13076,Ludwigslust-Parchim,129762,,0,.,0,.,0,.,0,.,1.6,,1,,0.7,,0,-,Landkreis,4767205837.64355,544987.623152899
849,,2023.07,13075,Vorpommern-Greifswald,127314,,0,.,0,.,0,.,0,.,1.6,,0.9,,0.7,,0,-,Landkreis,3951628526.83691,786666.150434142
850,,2023.07,13074,Nordwestmecklenburg,92497,,0,.,0,.,0,.,0,.,2.2,,1.4,,0.8,,0,,Landkreis,2125833400.80469,421255.501799993
851,,2023.07,13073,Vorpommern-Rügen,126640,,0,.,0,.,0,.,0,.,2.1,,1.2,,0.9,,0,,Landkreis,3214113963.38477,1089521.87046376
852,,2023.07,13072,Rostock,129696,,0,.,0,.,0,.,0,.,2.4,,1.4,,1,,0,,Landkreis,3429396493.29785,470885.235429407
853,,2023.07,13071,Mecklenburgische Seenplatte,147002,,0,.,0,.,0,.,0,.,1.8,,0.9,,0.9,,0,,Landkreis,5495373409.96094,516564.114817789
854,,2023.07,13004,Schwerin,44731,,0,.,0,.,0,.,0,.,2.7,,1.4,,1.3,,0,-,Kreisfreie Stadt,130106434.195313,69520.7229903608
855,,2023.07,13003,Rostock,86511,,0,.,0,.,0,.,0,.,2.7,,1.5,,1.2,,0,,Kreisfreie Stadt,181477390.371094,88507.9712348811
856,,2023.07,12073,Uckermark,68650,,0,.,0,.,0,.,0,.,1.8,,1,,0.8,,0,,Landkreis,3076108441.98047,392821.33775274
857,,2023.07,12072,Teltow-Fläming,108365,,0,.,0,.,0,.,0,.,3.1,,1.8,,1.3,,0,-,Landkreis,2103910816.79297,319624.700377854
858,,2023.07,12071,Spree-Neiße,71250,,0,.,0,.,0,.,0,.,1.7,,0.9,,0.8,,0,-,Landkreis,1657098234.44043,349641.41206109
859,,2023.07,12070,Prignitz,46176,,0,.,0,.,0,.,0,.,1.9,,1,,0.9,,0,-,Landkreis,2138707957.80859,314721.91601579
860,,2023.07,12069,Potsdam-Mittelmark,132843,,0,.,0,.,0,.,0,.,3.7,,2.2,,1.4,,0,,Landkreis,2593033934.44922,472327.251125324
861,,2023.07,12068,Ostprignitz-Ruppin,59277,,0,.,0,.,0,.,0,.,2,,1.1,,0.9,,0,,Landkreis,2525923984.48242,381275.632236586
862,,2023.07,12067,Oder-Spree,109484,,0,.,0,.,0,.,0,.,2.4,,1.4,,1,,0,,Landkreis,2257290888.04004,375644.78503136
863,,2023.07,12066,Oberspreewald-Lausitz,65439,,0,.,0,.,0,.,0,.,1.5,,0.8,,0.7,,0,-,Landkreis,1223208108.22656,254326.525952779
864,,2023.07,12065,Oberhavel,125858,,0,.,0,.,0,.,0,.,3.3,,1.9,,1.4,,0,,Landkreis,1807834068.39551,360530.244809173
865,,2023.07,12064,Märkisch-Oderland,121090,,0,.,0,.,0,.,0,.,2.6,,1.5,,1.2,,0,-,Landkreis,2157546355.48535,315778.884374255
866,,2023.07,12063,Havelland,97335,,0,.,0,.,0,.,0,.,3.4,,2.1,,1.3,,0,,Landkreis,1727373166.76465,342971.431508018
867,,2023.07,12062,Elbe-Elster,63348,,0,.,0,.,0,.,0,.,1.5,,0.8,,0.7,,0,,Landkreis,1899997386.25391,305918.130224615
868,,2023.07,12061,Dahme-Spreewald,108617,,0,.,0,.,0,.,0,.,3.1,,1.8,,1.3,,0,,Landkreis,2275819756.17969,436033.631253628
869,,2023.07,12060,Barnim,110230,,0,.,0,.,0,.,0,.,3,,1.8,,1.2,,0,,Landkreis,1481005522.70801,341342.860018858
870,,2023.07,12054,Potsdam,76799,,0,.,0,.,0,.,0,.,4,,2.1,,1.9,,0,,Kreisfreie Stadt,186950957.337891,96418.8943279986
871,,2023.07,12053,Frankfurt (Oder),28253,,0,.,0,.,0,.,0,.,2,,1,,1,,0,-,Kreisfreie Stadt,147780070.31543,66375.9750375522
872,,2023.07,12052,Cottbus,48624,,0,.,0,.,0,.,0,.,2.3,,1,,1.2,,0,,Kreisfreie Stadt,165033344.552734,87657.0910954755
873,,2023.07,12051,Brandenburg an der Havel,34899,,0,.,0,.,0,.,0,.,3.1,,1.7,,1.4,,0,-,Kreisfreie Stadt,229536571.996094,141971.594036605
874,,2023.07,11000,Berlin,1246215,,0,.,0,.,0,.,0,.,4.5,,2.4,,2.1,,0,,Kreisfreie Stadt,891789356.085938,222564.759502733
875,,2023.07,10046,St. Wendel,63005,,0,.,0,.,0,.,0,.,3.7,,2.2,,1.5,,0,-,Landkreis,476354283.110352,146866.901261139
876,,2023.07,10045,Saarpfalz-Kreis,99383,,0,.,0,.,0,.,0,.,3.8,,2.1,,1.7,,0,,Landkreis,419096935.567383,159211.807111928
877,,2023.07,10044,Saarlouis,134927,,0,.,0,.,0,.,0,.,3.4,,1.8,,1.5,,0,,Landkreis,458985903.306641,158271.168504276
878,,2023.07,10043,Neunkirchen,87052,,0,.,0,.,0,.,0,.,3.3,,1.8,,1.5,,0,-,Landkreis,248117924.852539,107822.664579199
879,,2023.07,10042,Merzig-Wadern,73255,,0,.,0,.,0,.,0,.,3,,1.8,,1.2,,0,-,Landkreis,556979507.769531,154721.880097438
880,,2023.07,10041,Regionalverband Saarbrücken,193371,,0,.,0,.,0,.,0,.,3.7,,1.9,,1.8,,0,,Landkreis,411489484.970703,160799.877878205
881,,2023.07,09780,Oberallgäu,105650,,0,.,0,.,0,.,0,.,3.7,,2.4,,1.3,,0,-,Landkreis,1528353119.51855,341969.342105912
882,,2023.07,09779,Donau-Ries,95502,,0,.,0,.,0,.,0,.,3.7,,2.2,,1.5,,0,-,Landkreis,1274179146.9248,334855.877078285
883,,2023.07,09778,Unterallgäu,104071,,0,.,0,.,0,.,0,.,3.2,,2.1,,1.1,,0,-,Landkreis,1229882513.49414,326412.465520539
884,,2023.07,09777,Ostallgäu,96753,,0,.,0,.,0,.,0,.,3.9,,2.6,,1.3,,0,-,Landkreis,1393283604.78418,408695.960385229
885,,2023.07,09776,Lindau (Bodensee),54225,,0,.,0,.,0,.,0,.,3.8,,2.4,,1.4,,0,,Landkreis,323241962.030273,143695.537883892
886,,2023.07,09775,Neu-Ulm,114232,,0,.,0,.,0,.,0,.,3.7,,2.1,,1.6,,0,,Landkreis,515671085.181641,148988.874247824
887,,2023.07,09774,Günzburg,88425,,0,.,0,.,0,.,0,.,3.7,,2.2,,1.5,,0,,Landkreis,763345366.449219,232954.134000113
888,,2023.07,09773,Dillingen a.d.Donau,68229,,0,.,0,.,0,.,0,.,3.1,,1.9,,1.2,,0,-,Landkreis,791686690.830078,242655.202666034
889,,2023.07,09772,Augsburg,172291,,0,.,0,.,0,.,0,.,4.3,,2.5,,1.8,,0,,Landkreis,1071521962.7207,309028.860969014
890,,2023.07,09771,Aichach-Friedberg,90288,,0,.,0,.,0,.,0,.,4.1,,2.6,,1.5,,0,,Landkreis,779820964.371094,226106.141811333
891,,2023.07,09764,Memmingen,27594,,0,.,0,.,0,.,0,.,3.9,,2.2,,1.7,,0,-,Kreisfreie Stadt,69807842.7167969,63228.1848011595
892,,2023.07,09763,Kempten (Allgäu),40845,,0,.,0,.,0,.,0,.,4.7,,2.9,,1.8,,0,,Kreisfreie Stadt,63248638.9882813,53450.3530222877
893,,2023.07,09762,Kaufbeuren,26513,,0,.,0,.,0,.,0,.,3.5,,2.1,,1.4,,0,-,Kreisfreie Stadt,40431942.4960938,39470.9962520316
894,,2023.07,09761,Augsburg,141601,,0,.,0,.,0,.,0,.,4.1,,2,,2.1,,0,,Kreisfreie Stadt,146459229.583984,86297.542663465
895,,2023.07,09679,Würzburg,108906,,0,.,0,.,0,.,0,.,4.5,,2.9,,1.6,,0,,Landkreis,967155584.087891,337613.040360294
896,,2023.07,09678,Schweinfurt,79659,,0,.,0,.,0,.,0,.,3.8,,2.5,,1.2,,0,,Landkreis,841233412.072266,324997.501418006
897,,2023.07,09677,Main-Spessart,87481,,0,.,0,.,0,.,0,.,3.8,,2.2,,1.5,,0,-,Landkreis,1321991667.66113,287380.964912033
898,,2023.07,09676,Miltenberg,88231,,0,.,0,.,0,.,0,.,3.6,,1.8,,1.7,,0,,Landkreis,715285437.052734,225618.089550047
899,,2023.07,09675,Kitzingen,63362,,0,.,0,.,0,.,0,.,3.9,,2.6,,1.3,,0,,Landkreis,683903707.851563,201499.965144985
900,,2023.07,09674,Haßberge,60101,,0,.,0,.,0,.,0,.,3.4,,2.4,,1.1,,0,-,Landkreis,956502900.063477,250394.505232398
901,,2023.07,09673,Rhön-Grabfeld,56154,,0,.,0,.,0,.,0,.,4.2,,3,,1.3,,0,-,Landkreis,1021624976.38477,256743.758245581
902,,2023.07,09672,Bad Kissingen,72423,,0,.,0,.,0,.,0,.,3.4,,2.3,,1.1,,0,-,Landkreis,1137656959.4668,279211.62790441
903,,2023.07,09671,Aschaffenburg,119758,,0,.,0,.,0,.,0,.,4.5,,2.6,,1.9,,0,,Landkreis,698932681.59375,229374.257908033
904,,2023.07,09663,Würzburg,64116,,0,.,0,.,0,.,0,.,5.2,,2.9,,2.3,,0,,Kreisfreie Stadt,87764401.9951172,65259.0145445697
905,,2023.07,09662,Schweinfurt,29902,,0,.,0,.,0,.,0,.,5.7,,2.4,,3.4,,0,-,Kreisfreie Stadt,35705732.7753906,39633.719962486
906,,2023.07,09661,Aschaffenburg,44548,,0,.,0,.,0,.,0,.,7.1,,4.1,,3.1,,0,-,Kreisfreie Stadt,62023548.3466797,50412.0037044716
907,,2023.07,09577,Weißenburg-Gunzenhausen,64644,,0,.,0,.,0,.,0,.,3.8,,2.5,,1.3,,0,,Landkreis,970267811.857422,223083.568343369
908,,2023.07,09576,Roth,89329,,0,.,0,.,0,.,0,.,3.8,,2.3,,1.6,,0,,Landkreis,895175763.526367,300336.063639876
909,,2023.07,09575,Neustadt a.d.Aisch-Bad Windsheim,70106,,0,.,0,.,0,.,0,.,3.9,,2.6,,1.3,,0,,Landkreis,1267945156.98633,286565.424246564
910,,2023.07,09574,Nürnberger Land,113534,,0,.,0,.,0,.,0,.,4.2,,2.6,,1.6,,0,,Landkreis,797630947.844727,280037.722454563
911,,2023.07,09573,Fürth,78426,,0,.,0,.,0,.,0,.,3.9,,2.5,,1.5,,0,,Landkreis,307104515.246094,119071.936100924
912,,2023.07,09572,Erlangen-Höchstadt,94274,,0,.,0,.,0,.,0,.,5.9,,3.4,,2.5,,0,,Landkreis,564516798.948242,302003.323956942
913,,2023.07,09571,Ansbach,129679,,0,.,0,.,0,.,0,.,3.5,,2.2,,1.2,,0,,Landkreis,1972780199.8584,438171.105364346
914,,2023.07,09565,Schwabach,26553,,0,.,0,.,0,.,0,.,4.7,,2.6,,2.1,,0,-,Kreisfreie Stadt,40825280.7548828,44392.3601544875
915,,2023.07,09564,Nürnberg,248882,,0,.,0,.,0,.,0,.,4.4,,2.3,,2.1,,0,,Kreisfreie Stadt,187671476.236328,138424.259082801
916,,2023.07,09563,Fürth,64484,,0,.,0,.,0,.,0,.,4,,2.3,,1.7,,0,,Kreisfreie Stadt,63347123.8447266,45995.1390193326
917,,2023.07,09562,Erlangen,56332,,0,.,0,.,0,.,0,.,4.8,,2.6,,2.2,,0,,Kreisfreie Stadt,78014690.5429688,53139.0900158128
918,,2023.07,09561,Ansbach,25940,,0,.,0,.,0,.,0,.,4.2,,2.4,,1.8,,0,-,Kreisfreie Stadt,99853580.3564453,70278.7303360335
919,,2023.07,09479,Wunsiedel i.Fichtelgebirge,47736,,0,.,0,.,0,.,0,.,3.1,,1.7,,1.4,,0,-,Landkreis,606192311.765625,147427.252500402
920,,2023.07,09478,Lichtenfels,45769,,0,.,0,.,0,.,0,.,2.8,,1.7,,1.1,,0,-,Landkreis,519676599.529297,188339.943949693
921,,2023.07,09477,Kulmbach,50856,,0,.,0,.,0,.,0,.,3.3,,2,,1.2,,0,,Landkreis,658004334.990234,203657.347389188
922,,2023.07,09476,Kronach,46291,,0,.,0,.,0,.,0,.,2.9,,1.7,,1.2,,0,-,Landkreis,651475772.542969,195680.596667354
923,,2023.07,09475,Hof,64947,,0,.,0,.,0,.,0,.,3.3,,1.8,,1.5,,0,,Landkreis,893663689.371094,293042.491814798
924,,2023.07,09474,Forchheim,79457,,0,.,0,.,0,.,0,.,3.7,,2.3,,1.3,,0,,Landkreis,642921296.804688,202014.345609455
925,,2023.07,09473,Coburg,60336,,0,.,0,.,0,.,0,.,3.7,,2.2,,1.5,,0,,Landkreis,591020889.209961,265614.514307051
926,,2023.07,09472,Bayreuth,72790,,0,.,0,.,0,.,0,.,3.1,,2,,1.1,,0,,Landkreis,1273584205.2207,386106.994410095
927,,2023.07,09471,Bamberg,104124,,0,.,0,.,0,.,0,.,3.3,,2.1,,1.2,,0,,Landkreis,1166948004.1875,363511.905725181
928,,2023.07,09464,Hof,27655,,0,.,0,.,0,.,0,.,5.3,,2.8,,2.5,,0,,Kreisfreie Stadt,58159802.2382813,54718.4550792217
929,,2023.07,09463,Coburg,25434,,0,.,0,.,0,.,0,.,4.9,,2.7,,2.2,,0,-,Kreisfreie Stadt,48017323.6835938,47861.9792022719
930,,2023.07,09462,Bayreuth,42068,,0,.,0,.,0,.,0,.,6.1,,3.5,,2.5,,0,,Kreisfreie Stadt,67008634.3730469,64736.4199248782
931,,2023.07,09461,Bamberg,41264,,0,.,0,.,0,.,0,.,4.4,,2.7,,1.6,,0,-,Kreisfreie Stadt,54976414.7333984,40927.3519722638
932,,2023.07,09377,Tirschenreuth,49660,,0,.,0,.,0,.,0,.,3.1,,1.7,,1.5,,0,-,Landkreis,1084534913.91406,229088.470696812
933,,2023.07,09376,Schwandorf,104226,,0,.,0,.,0,.,0,.,3.1,,1.9,,1.2,,0,-,Landkreis,1458425984.95898,347575.996306894
934,,2023.07,09375,Regensburg,131855,,0,.,0,.,0,.,0,.,3.9,,2.6,,1.4,,0,,Landkreis,1393030845.39941,411789.418124436
935,,2023.07,09374,Neustadt a.d.Waldnaab,66854,,0,.,0,.,0,.,0,.,3.4,,2,,1.4,,0,-,Landkreis,1428166109.66699,385732.083609104
936,,2023.07,09373,Neumarkt i.d.OPf.,92689,,0,.,0,.,0,.,0,.,3.8,,2.4,,1.4,,0,-,Landkreis,1344541220.45117,303939.946431158
937,,2023.07,09372,Cham,92436,,0,.,0,.,0,.,0,.,3.2,,2.1,,1.1,,0,,Landkreis,1526958023.89063,299328.140846534
938,,2023.07,09371,Amberg-Sulzbach,72202,,0,.,0,.,0,.,0,.,3.9,,2.6,,1.3,,0,,Landkreis,1255092290.34766,376859.42579161
939,,2023.07,09363,Weiden i.d.OPf.,26557,,0,.,0,.,0,.,0,.,4,,2,,2,,0,-,Kreisfreie Stadt,70605006.8857422,71839.4196751139
940,,2023.07,09362,Regensburg,82888,,0,.,0,.,0,.,0,.,5.6,,3,,2.6,,0,,Kreisfreie Stadt,79706492.1894531,59506.3819752187
941,,2023.07,09361,Amberg,25286,,0,.,0,.,0,.,0,.,4.5,,2.6,,1.9,,0,-,Kreisfreie Stadt,50405257.5654297,45172.0627563141
942,,2023.07,09279,Dingolfing-Landau,72588,,0,.,0,.,0,.,0,.,3.8,,2.4,,1.4,,0,,Landkreis,877379815.797852,263187.17169248
943,,2023.07,09278,Straubing-Bogen,71857,,0,.,0,.,0,.,0,.,3.3,,2.2,,1,,0,-,Landkreis,1200964159.71777,333805.068298285
944,,2023.07,09277,Rottal-Inn,86744,,0,.,0,.,0,.,0,.,3.3,,2.2,,1.2,,0,,Landkreis,1281034787.56348,290982.290980761
945,,2023.07,09276,Regen,51908,,0,.,0,.,0,.,0,.,3.4,,1.9,,1.4,,0,-,Landkreis,974828582.608398,194334.820631541
946,,2023.07,09275,Passau,134371,,0,.,0,.,0,.,0,.,3.8,,2.4,,1.4,,0,,Landkreis,1530226056.83984,349324.825744492
947,,2023.07,09274,Landshut,114107,,0,.,0,.,0,.,0,.,4.2,,2.8,,1.4,,0,,Landkreis,1347484584.59082,352561.699055864
948,,2023.07,09273,Kelheim,83988,,0,.,0,.,0,.,0,.,3.5,,2.4,,1.1,,0,-,Landkreis,1064782902.7373,277566.475134382
949,,2023.07,09272,Freyung-Grafenau,55022,,0,.,0,.,0,.,0,.,3.2,,1.8,,1.4,,0,-,Landkreis,983773696.077148,205137.074783462
950,,2023.07,09271,Deggendorf,81829,,0,.,0,.,0,.,0,.,3.7,,2.3,,1.4,,0,-,Landkreis,861232904.080078,214908.653550047
951,,2023.07,09263,Straubing,28132,,0,.,0,.,0,.,0,.,4,,2.3,,1.8,,0,-,Kreisfreie Stadt,67649328.3486328,55342.4542959559
952,,2023.07,09262,Passau,30052,,0,.,0,.,0,.,0,.,5.2,,2.7,,2.5,,0,,Kreisfreie Stadt,70107293.4433594,58468.6189304297
953,,2023.07,09261,Landshut,39067,,0,.,0,.,0,.,0,.,4.3,,2.4,,1.9,,0,,Kreisfreie Stadt,66173764.9755859,68059.4178922351
954,,2023.07,09190,Weilheim-Schongau,91552,,0,.,0,.,0,.,0,.,3.9,,2.6,,1.3,,0,-,Landkreis,967395171.895508,272636.208647296
955,,2023.07,09189,Traunstein,122022,,0,.,0,.,0,.,0,.,4.1,,2.7,,1.4,,0,-,Landkreis,1532990057.25293,315972.371520452
956,,2023.07,09188,Starnberg,90000,,0,.,0,.,0,.,0,.,6.1,,3.7,,2.4,,0,,Landkreis,486839643.578125,154838.380658794
957,,2023.07,09187,Rosenheim,178244,,0,.,0,.,0,.,0,.,4.2,,2.7,,1.4,,0,,Landkreis,1440401955.72949,378977.363111802
958,,2023.07,09186,Pfaffenhofen a.d.Ilm,87116,,0,.,0,.,0,.,0,.,3.9,,2.7,,1.2,,0,,Landkreis,760903330.470703,229356.061018572
959,,2023.07,09185,Neuburg-Schrobenhausen,67744,,0,.,0,.,0,.,0,.,3.2,,2,,1.2,,0,,Landkreis,740049089.376953,221714.43570198
960,,2023.07,09184,München,243853,,0,.,0,.,0,.,0,.,9,,4.8,,4.2,,0,,Landkreis,664006064.419922,253024.576960929
961,,2023.07,09183,Mühldorf a.Inn,78084,,0,.,0,.,0,.,0,.,3.7,,2.5,,1.3,,0,,Landkreis,805046306.827148,251387.906279848
962,,2023.07,09182,Miesbach,68274,,0,.,0,.,0,.,0,.,4.6,,2.7,,1.9,,0,,Landkreis,866757960.75293,210751.517487509
963,,2023.07,09181,Landsberg am Lech,85650,,0,.,0,.,0,.,0,.,4.8,,3.5,,1.4,,0,-,Landkreis,803669334.545898,220162.735665796
964,,2023.07,09180,Garmisch-Partenkirchen,53787,,0,.,0,.,0,.,0,.,3.6,,2.2,,1.4,,0,,Landkreis,1011920317.62012,202175.405901146
965,,2023.07,09179,Fürstenfeldbruck,126793,,0,.,0,.,0,.,0,.,4.2,,2.5,,1.7,,0,,Landkreis,434651013.395508,150795.74162017
966,,2023.07,09178,Freising,112936,,0,.,0,.,0,.,0,.,4.3,,2.7,,1.6,,0,,Landkreis,798505478.394531,198190.25752764
967,,2023.07,09177,Erding,92368,,0,.,0,.,0,.,0,.,4,,2.5,,1.5,,0,,Landkreis,870824808.99707,184026.941276641
968,,2023.07,09176,Eichstätt,87950,,0,.,0,.,0,.,0,.,3.6,,2.5,,1.1,,0,,Landkreis,1214365067.16309,307498.835164874
969,,2023.07,09175,Ebersberg,88628,,0,.,0,.,0,.,0,.,5.2,,3.1,,2.1,,0,,Landkreis,549824040.4375,156850.433357146
970,,2023.07,09174,Dachau,95965,,0,.,0,.,0,.,0,.,4.2,,2.5,,1.6,,0,-,Landkreis,579538659.702148,164328.110709436
971,,2023.07,09173,Bad Tölz-Wolfratshausen,82910,,0,.,0,.,0,.,0,.,3.9,,2.3,,1.5,,0,,Landkreis,1111683344.53906,234990.022505886
972,,2023.07,09172,Berchtesgadener Land,67670,,0,.,0,.,0,.,0,.,3.4,,2.2,,1.2,,0,-,Landkreis,839799161.021484,222421.730122155
973,,2023.07,09171,Altötting,74259,,0,.,0,.,0,.,0,.,3.9,,2.4,,1.5,,0,-,Landkreis,569350849.804688,159866.861096235
974,,2023.07,09163,Rosenheim,36435,,0,.,0,.,0,.,0,.,4.1,,2.4,,1.7,,0,,Kreisfreie Stadt,36954285.3867188,31415.2055751276
975,,2023.07,09162,München,772924,,0,.,0,.,0,.,0,.,8,,3.6,,4.4,,0,,Kreisfreie Stadt,311418892.893555,113444.364599277
976,,2023.07,09161,Ingolstadt,100392,,0,.,0,.,0,.,0,.,6.4,,4.6,,1.8,,0,,Kreisfreie Stadt,133437450.783203,76161.6928625865
977,,2023.07,08437,Sigmaringen,90142,,0,.,0,.,0,.,0,.,3.5,,2.2,,1.4,,0,,Landkreis,1204677491.74121,292560.594124531
978,,2023.07,08436,Ravensburg,187742,,0,.,0,.,0,.,0,.,4.2,,2.7,,1.6,,0,-,Landkreis,1631876151.00586,326018.877239601
979,,2023.07,08435,Bodenseekreis,143164,,0,.,0,.,0,.,0,.,5.1,,2.7,,2.5,,0,,Landkreis,665234832.079102,196264.544875067
980,,2023.07,03102,Salzgitter,56794,,0,.,0,.,0,.,0,.,2.4,,1.5,,0.9,,0,-,Kreisfreie Stadt,225241578.612305,109481.843532545
981,,2023.07,03101,Braunschweig,148882,,0,.,0,.,0,.,0,.,6.9,,4.7,,2.2,,0,,Kreisfreie Stadt,192263016.94043,96253.2221066206
982,,2023.07,02000,Hamburg,815058,,0,.,0,.,0,.,0,.,5.9,,3,,3,,0,,Kreisfreie Stadt,752486078.693359,218319.223917463
983,,2023.07,01062,Stormarn,156321,,0,.,0,.,0,.,0,.,4.6,,2.7,,1.9,,0,,Kreis,766059006.546875,254492.948218965
984,,2023.07,01061,Steinburg,83725,,0,.,0,.,0,.,0,.,3.2,,2.2,,1,,0,,Kreis,1055624123.08594,193429.843760563
985,,2023.07,01060,Segeberg,174443,,0,.,0,.,0,.,0,.,4.1,,2.5,,1.6,,0,,Kreis,1345767960.55859,287287.284105907
986,,2023.07,01059,Schleswig-Flensburg,133794,,0,.,0,.,0,.,0,.,3.7,,2.7,,1,,0,,Kreis,2070852562.36133,356669.588409604
987,,2023.07,01058,Rendsburg-Eckernförde,179498,,0,.,0,.,0,.,0,.,4,,2.8,,1.2,,0,,Kreis,2188406603.16406,351411.986073704
988,,2023.07,01057,Plön,82795,,0,.,0,.,0,.,0,.,3.8,,2.7,,1.1,,0,,Kreis,1083370335.23828,228552.625170368
989,,2023.07,01056,Pinneberg,181189,,0,.,0,.,0,.,0,.,4.1,,2.5,,1.6,,0,,Kreis,663713966.863281,158271.717662983
990,,2023.07,01055,Ostholstein,131461,,0,.,0,.,0,.,0,.,3.4,,2.2,,1.3,,0,-,Kreis,1394318441.49023,334074.13334403
991,,2023.07,01054,Nordfriesland,107748,,0,.,0,.,0,.,0,.,4.9,,3.6,,1.3,,0.1,,Kreis,2090311784.12012,636064.144512072
992,,2023.07,01053,Herzogtum Lauenburg,122411,,0,.,0,.,0,.,0,.,3.7,,2.3,,1.4,,0,,Kreis,1262927896.33203,256458.727199694
993,,2023.07,01051,Dithmarschen,84148,,0,.,0,.,0,.,0,.,3,,2.2,,0.9,,0,,Kreis,1443991936.72363,245572.111008473
994,,2023.07,01004,Neumünster,43387,,0,.,0,.,0,.,0,.,4.2,,2.7,,1.5,,0,,Kreisfreie Stadt,71631910.9277344,54213.2416336757
995,,2023.07,01003,Lübeck,102303,,0,.,0,.,0,.,0,.,3.8,,2.1,,1.7,,0,-,Kreisfreie Stadt,211688220.145508,146471.981758647
996,,2023.07,01002,Kiel,111888,,0,.,0,.,0,.,0,.,4.1,,2.5,,1.6,,0,,Kreisfreie Stadt,119698137.066406,84659.240789817
997,,2023.07,01001,Flensburg,45743,,0,.,0,.,0,.,0,.,4.3,,2.7,,1.6,,0,,Kreisfreie Stadt,56888946.234375,37654.0538300401
998,,2023.07,08426,Biberach,137688,,0,.,0,.,0,.,0,.,3.9,,2.7,,1.2,,0,-,Landkreis,1409893821.0918,294123.862292792
999,,2023.07,08425,Alb-Donau-Kreis,133928,,0,.,0,.,0,.,0,.,3.9,,2.6,,1.4,,0,,Landkreis,1357392728.38867,400613.419260071
1000,,2023.07,08421,Ulm,68081,,0,.,0,.,0,.,0,.,5.3,,3.1,,2.2,,0,,Stadtkreis,119244615.334961,90886.1258529902
1001,,2023.07,08417,Zollernalbkreis,132071,,0,.,0,.,0,.,0,.,3.9,,2.1,,1.8,,0,,Landkreis,917298672.389648,200702.700707429
1002,,2023.07,08416,Tübingen,129796,,0,.,0,.,0,.,0,.,4.7,,2.7,,2,,0,,Landkreis,519905356.571289,168209.697087106
1003,,2023.07,08415,Reutlingen,184758,,0,.,0,.,0,.,0,.,4.4,,2.4,,2,,0,,Landkreis,1092260476.94043,248486.106887773
1004,,2023.07,08337,Waldshut,111559,,0,.,0,.,0,.,0,.,4.1,,2.7,,1.4,,0,,Landkreis,1130807825.95508,276819.835436996
1005,,2023.07,08336,Lörrach,139840,,0,.,0,.,0,.,0,.,4.2,,2.8,,1.5,,0,,Landkreis,807128916.5625,166962.443862911
1006,,2023.07,08335,Konstanz,165945,,0,.,0,.,0,.,0,.,4.5,,2.8,,1.7,,0,,Landkreis,817527869.484375,301955.873771339
1007,,2023.07,08327,Tuttlingen,93047,,0,.,0,.,0,.,0,.,4.7,,2.4,,2.2,,0,,Landkreis,734058016.166992,181332.840700999
1008,,2023.07,08326,Schwarzwald-Baar-Kreis,135837,,0,.,0,.,0,.,0,.,4.1,,2.2,,1.9,,0,,Landkreis,1025911911.13281,230407.440447965
1009,,2023.07,08325,Rottweil,97427,,0,.,0,.,0,.,0,.,4.1,,2.3,,1.8,,0,-,Landkreis,769493816.008789,216136.447502954
1010,,2023.07,08317,Ortenaukreis,282126,,0,.,0,.,0,.,0,.,3.9,,2.5,,1.4,,0,-,Landkreis,1859817895.98926,262096.114408608
1011,,2023.07,08316,Emmendingen,105041,,0,.,0,.,0,.,0,.,3.7,,2.4,,1.3,,0,,Landkreis,680398795.238281,172702.629780998
1012,,2023.07,08315,Breisgau-Hochschwarzwald,163722,,0,.,0,.,0,.,0,.,4.2,,2.9,,1.3,,0,,Landkreis,1377672370.40137,370399.271266305
1013,,2023.07,08311,Freiburg im Breisgau,95479,,0,.,0,.,0,.,0,.,4.8,,3,,1.8,,0,,Stadtkreis,153849224.488281,91014.02371589
1014,,2023.07,08237,Freudenstadt,80892,,0,.,0,.,0,.,0,.,4,,2.2,,1.8,,0,-,Landkreis,870890176.946289,218933.236918359
1015,,2023.07,08236,Enzkreis,137253,,0,.,0,.,0,.,0,.,4.6,,2.7,,1.8,,0,,Landkreis,573013700.561523,230073.925261016
1016,,2023.07,08235,Calw,110064,,0,.,0,.,0,.,0,.,5,,3.4,,1.6,,0,,Landkreis,797593878.895508,205429.753223687
1017,,2023.07,08231,Pforzheim,63792,,0,.,0,.,0,.,0,.,4.7,,2.5,,2.2,,0,,Stadtkreis,98240899.1787109,58511.2928561087
1018,,2023.07,08226,Rhein-Neckar-Kreis,360392,,0,.,0,.,0,.,0,.,5.8,,3,,2.8,,0,,Landkreis,1060897378.24121,376735.935318718
1019,,2023.07,08225,Neckar-Odenwald-Kreis,97745,,0,.,0,.,0,.,0,.,3.7,,2.1,,1.5,,0,-,Landkreis,1125803071.23047,245427.437803649
1020,,2023.07,08222,Mannheim,157241,,0,.,0,.,0,.,0,.,5.1,,2.5,,2.6,,0,,Stadtkreis,145282582.120117,66145.7280531458
1021,,2023.07,08221,Heidelberg,61344,,0,.,0,.,0,.,0,.,5.1,,2.8,,2.4,,0,,Stadtkreis,109177300.727539,67290.2437024899
1022,,2023.07,08216,Rastatt,154342,,0,.,0,.,0,.,0,.,4.5,,2.7,,1.8,,0,,Landkreis,738745337.001953,298562.837436705
1023,,2023.07,08215,Karlsruhe,287735,,0,.,0,.,0,.,0,.,4.3,,2.6,,1.7,,0,,Landkreis,1084489419.02441,286288.605541561
1024,,2023.07,08212,Karlsruhe,141483,,0,.,0,.,0,.,0,.,5.9,,3.3,,2.6,,0,,Stadtkreis,174089896.172852,81609.5077277984
1025,,2023.07,08211,Baden-Baden,36183,,0,.,0,.,0,.,0,.,5.4,,3.1,,2.3,,0,,Stadtkreis,139961040.21582,98183.8804621679
1026,,2023.07,08136,Ostalbkreis,211978,,0,.,0,.,0,.,0,.,4,,2.2,,1.8,,0,,Landkreis,1510452892.5166,349788.857320175
1027,,2023.07,08135,Heidenheim,87277,,0,.,0,.,0,.,0,.,3.2,,1.8,,1.4,,0,,Landkreis,627374007.889648,235445.457306892
1028,,2023.07,08128,Main-Tauber-Kreis,92447,,0,.,0,.,0,.,0,.,3.5,,2,,1.5,,0,-,Landkreis,1304839178.17285,358765.85369454
1029,,2023.07,08127,Schwäbisch Hall,136017,,0,.,0,.,0,.,0,.,4.1,,2.5,,1.6,,0,,Landkreis,1483983603.97168,341804.115831159
1030,,2023.07,08126,Hohenlohekreis,87072,,0,.,0,.,0,.,0,.,4.2,,2.6,,1.5,,0,,Landkreis,777128184.59375,231938.728929931
1031,,2023.07,08125,Heilbronn,255051,,0,.,0,.,0,.,0,.,4.1,,2.4,,1.7,,0,,Landkreis,1098643452.9082,359071.410841577
1032,,2023.07,08121,Heilbronn,69326,,0,.,0,.,0,.,0,.,4.4,,2.1,,2.3,,0,,Stadtkreis,100623181.72168,67074.2189974283
1033,,2023.07,08119,Rems-Murr-Kreis,273087,,0,.,0,.,0,.,0,.,4.9,,2.7,,2.2,,0,,Landkreis,857365536.928711,214668.079545342
1034,,2023.07,08118,Ludwigsburg,338369,,0,.,0,.,0,.,0,.,5.2,,2.7,,2.5,,0,,Landkreis,686632531.452148,212148.528068176
1035,,2023.07,08117,Göppingen,170811,,0,.,0,.,0,.,0,.,4.3,,2.4,,1.9,,0,-,Landkreis,642609816.006836,194509.684601541
1036,,2023.07,08116,Esslingen,344555,,0,.,0,.,0,.,0,.,5.9,,3.4,,2.4,,0,,Landkreis,639790912.260742,192186.178502883
1037,,2023.07,08115,Böblingen,263807,,0,.,0,.,0,.,0,.,8.4,,4.3,,4.1,,0,,Landkreis,617166961.571289,192935.175303125
1038,,2023.07,08111,Stuttgart,300808,,0,.,0,.,0,.,0,.,9.3,,4.2,,5.1,,0,,Stadtkreis,209953423.669922,96275.2293088448
1039,,2023.07,07340,Südwestpfalz,68330,,0,.,0,.,0,.,0,.,3.1,,1.9,,1.2,,0,,Landkreis,954113160.211914,287839.002459541
1040,,2023.07,07339,Mainz-Bingen,144447,,0,.,0,.,0,.,0,.,4.1,,2.6,,1.5,,0,-,Landkreis,605620457.03125,228891.65320828
1041,,2023.07,07338,Rhein-Pfalz-Kreis,103201,,0,.,0,.,0,.,0,.,3.4,,2.2,,1.2,,0,,Landkreis,304388992.862305,182456.8069609
1042,,2023.07,07337,Südliche Weinstraße,78967,,0,.,0,.,0,.,0,.,3.8,,2.5,,1.3,,0,-,Landkreis,639681013.71582,271814.586706335
1043,,2023.07,07336,Kusel,48144,,0,.,0,.,0,.,0,.,2.4,,1.5,,1,,0,-,Landkreis,573837615.500977,183994.7760021
1044,,2023.07,07335,Kaiserslautern,70263,,0,.,0,.,0,.,0,.,3.4,,2,,1.4,,0,-,Landkreis,640571447.892578,268252.938579891
1045,,2023.07,07334,Germersheim,84906,,0,.,0,.,0,.,0,.,3.6,,2.2,,1.5,,0,-,Landkreis,463330213.0625,139027.58003438
1046,,2023.07,07333,Donnersbergkreis,51846,,0,.,0,.,0,.,0,.,3.3,,2.2,,1.1,,0,,Landkreis,644631752.258789,159577.632166307
1047,,2023.07,07332,Bad Dürkheim,92929,,0,.,0,.,0,.,0,.,4,,2.6,,1.4,,0,-,Landkreis,593988929.787109,196085.16675297
1048,,2023.07,07331,Alzey-Worms,88041,,0,.,0,.,0,.,0,.,3.7,,2.3,,1.3,,0,-,Landkreis,588117875.958984,189546.478189532
1049,,2023.07,07320,Zweibrücken,21633,,0,.,0,.,0,.,0,.,3.8,,2.2,,1.7,,0,-,Kreisfreie Stadt,70802893.0361328,59253.9537753324
1050,,2023.07,07319,Worms,46381,,0,.,0,.,0,.,0,.,3.5,,1.9,,1.6,,0,-,Kreisfreie Stadt,108771236.600586,73957.693231704
1051,,2023.07,07318,Speyer,29888,,0,.,0,.,0,.,0,.,3.7,,2.2,,1.5,,0,-,Kreisfreie Stadt,42871205.4169922,40161.5178323398
1052,,2023.07,07317,Pirmasens,23253,,0,.,0,.,0,.,0,.,3.7,,1.9,,1.8,,0,-,Kreisfreie Stadt,61586073.3691406,48933.9179410104
1053,,2023.07,07316,Neustadt an der Weinstraße,33695,,0,.,0,.,0,.,0,.,4.2,,2.7,,1.5,,0,-,Kreisfreie Stadt,117196960.166016,74425.9014137383
1054,,2023.07,07315,Mainz,101252,,0,.,0,.,0,.,0,.,4.6,,2.5,,2.1,,0,,Kreisfreie Stadt,97639723.5410156,62475.8854668958
1055,,2023.07,07314,Ludwigshafen am Rhein,84949,,0,.,0,.,0,.,0,.,4.2,,2,,2.2,,0,,Kreisfreie Stadt,78001717.6855469,51846.815686425
1056,,2023.07,07313,Landau in der Pfalz,28370,,0,.,0,.,0,.,0,.,5.1,,2.9,,2.2,,0,-,Kreisfreie Stadt,82985492.3359375,87908.82313436
1057,,2023.07,07312,Kaiserslautern,50055,,0,.,0,.,0,.,0,.,4.8,,2.6,,2.2,,0,,Kreisfreie Stadt,140338623.198242,76154.15074223
1058,,2023.07,07311,Frankenthal (Pfalz),27145,,0,.,0,.,0,.,0,.,3.3,,1.5,,1.8,,0,-,Kreisfreie Stadt,43781479.5527344,41147.8587057006
1059,,2023.07,07233,Vulkaneifel,42990,,0,.,0,.,0,.,0,.,3.2,,1.8,,1.4,,0,-,Landkreis,911674505.946289,257481.984540412
1060,,2023.07,07232,Eifelkreis Bitburg-Prüm,69695,,0,.,0,.,0,.,0,.,3.4,,2.2,,1.2,,0,,Landkreis,1627922517.46289,260563.165497522
1061,,2023.07,07231,Bernkastel-Wittlich,77497,,0,.,0,.,0,.,0,.,3.5,,2,,1.4,,0,-,Landkreis,1168681557.4209,212499.209410563
1062,,2023.07,07211,Trier,157738,,0,.,0,.,0,.,0,.,4.3,,2.7,,1.6,,0,-,Kreisfreie Stadt,1220946433.32129,239144.771120695
1063,,2023.07,07143,Westerwaldkreis,142111,,0,.,0,.,0,.,0,.,4.3,,2.5,,1.8,,0,-,Landkreis,990180403.595703,258826.416348373
1064,,2023.07,07141,Rhein-Lahn-Kreis,81985,,0,.,0,.,0,.,0,.,3.5,,2.1,,1.4,,0,,Landkreis,781516859.424805,212678.488053315
1065,,2023.07,07140,Rhein-Hunsrück-Kreis,72994,,0,.,0,.,0,.,0,.,3.5,,2.2,,1.2,,0,-,Landkreis,991218488.785156,222923.974650335
1066,,2023.07,07138,Neuwied,123646,,0,.,0,.,0,.,0,.,3.7,,2,,1.7,,0,-,Landkreis,627652391.993164,179551.528669657
1067,,2023.07,07137,Mayen-Koblenz,143270,,0,.,0,.,0,.,0,.,3.8,,2.1,,1.6,,0,,Landkreis,816507263.657227,280699.935462887
1068,,2023.07,07135,Cochem-Zell,42664,,0,.,0,.,0,.,0,.,3.6,,2.3,,1.3,,0,,Landkreis,693071688.401367,185715.450794408
1069,,2023.07,07134,Birkenfeld,53280,,0,.,0,.,0,.,0,.,2.5,,1.4,,1.1,,0,-,Landkreis,776624723.824219,174346.642558535
1070,,2023.07,07133,Bad Kreuznach,102882,,0,.,0,.,0,.,0,.,3.5,,2.1,,1.4,,0,-,Landkreis,864147548.796875,190511.509267926
1071,,2023.07,07132,Altenkirchen (Westerwald),86434,,0,.,0,.,0,.,0,.,3.7,,2,,1.7,,0,,Landkreis,641192280.124023,226666.627454279
1072,,2023.07,07131,Ahrweiler,86948,,0,.,0,.,0,.,0,.,3.4,,1.9,,1.5,,0,,Landkreis,787045522.314453,198523.740877045
1073,,2023.07,07111,Koblenz,64594,,0,.,0,.,0,.,0,.,5.3,,2.3,,2.9,,0,,Kreisfreie Stadt,105904244.056641,60287.0431391488
1074,,2023.07,06636,Werra-Meißner-Kreis,63649,,0,.,0,.,0,.,0,.,3.1,,2,,1.2,,0,,Landkreis,1024390382.30957,277652.532707859
1075,,2023.07,06635,Waldeck-Frankenberg,107394,,0,.,0,.,0,.,0,.,3.4,,2.3,,1.1,,0,-,Landkreis,1847907077.81836,315498.946529771
1076,,2023.07,06634,Schwalm-Eder-Kreis,121748,,0,.,0,.,0,.,0,.,3.6,,2.5,,1.1,,0,-,Landkreis,1539557454.19043,265332.770302823
1077,,2023.07,06633,Kassel,153417,,0,.,0,.,0,.,0,.,4.5,,2.8,,1.6,,0,,Landkreis,1294912578.55566,372267.148483234
1078,,2023.07,06632,Hersfeld-Rotenburg,80782,,0,.,0,.,0,.,0,.,2.9,,1.8,,1.1,,0,-,Landkreis,1097989054.38477,239660.411478028
1079,,2023.07,06631,Fulda,147304,,0,.,0,.,0,.,0,.,3.9,,2.5,,1.4,,0,-,Landkreis,1381379533.09277,249554.88527543
1080,,2023.07,06611,Kassel,91824,,0,.,0,.,0,.,0,.,5.1,,2.8,,2.2,,0,,Kreisfreie Stadt,104921361.786133,63284.3782922191
1081,,2023.07,06535,Vogelsbergkreis,73321,,0,.,0,.,0,.,0,.,3.1,,1.9,,1.2,,0,-,Landkreis,1458289489.31641,281352.484060151
1082,,2023.07,06534,Marburg-Biedenkopf,146348,,0,.,0,.,0,.,0,.,3.3,,2.2,,1.1,,0,,Landkreis,1262136369.50879,219577.755636121
1083,,2023.07,06533,Limburg-Weilburg,115078,,0,.,0,.,0,.,0,.,4.2,,2.5,,1.8,,0,,Landkreis,738799141.473633,172150.712110974
1084,,2023.07,06532,Lahn-Dill-Kreis,166644,,0,.,0,.,0,.,0,.,3.7,,2,,1.7,,0,,Landkreis,1065703391.12305,219282.031563173
1085,,2023.07,06531,Gießen,158103,,0,.,0,.,0,.,0,.,4.1,,2.4,,1.7,,0,,Landkreis,855487307.994141,217540.28512267
1086,,2023.07,06440,Wetteraukreis,197717,,0,.,0,.,0,.,0,.,4.1,,2.3,,1.8,,0,,Landkreis,1100715408.88379,263849.646027959
1087,,2023.07,06439,Rheingau-Taunus-Kreis,123783,,0,.,0,.,0,.,0,.,4.5,,2.6,,1.8,,0,,Landkreis,811919270.723633,202814.412874961
1088,,2023.07,06438,Offenbach,221571,,0,.,0,.,0,.,0,.,3.9,,2,,1.9,,0,,Landkreis,356325742.489258,116884.314834115
1089,,2023.07,06437,Odenwaldkreis,63741,,0,.,0,.,0,.,0,.,3.4,,2,,1.4,,0,-,Landkreis,624772037.275391,175001.809901493
1090,,2023.07,06436,Main-Taunus-Kreis,191617,,0,.,0,.,0,.,0,.,4.4,,2.1,,2.3,,0,,Landkreis,221572678.726563,117470.580064287
1091,,2023.07,06435,Main-Kinzig-Kreis,265198,,0,.,0,.,0,.,0,.,3.5,,2,,1.5,,0,,Landkreis,1396882132.06348,301311.443067471
1092,,2023.07,06434,Hochtaunuskreis,166914,,0,.,0,.,0,.,0,.,5.3,,2.8,,2.5,,0,,Landkreis,480907993.546875,149540.699349362
1093,,2023.07,06433,Groß-Gerau,158521,,0,.,0,.,0,.,0,.,4.1,,2,,2.1,,0,,Landkreis,453325723.345703,139558.201442013
1094,,2023.07,06432,Darmstadt-Dieburg,190619,,0,.,0,.,0,.,0,.,4.2,,2.5,,1.7,,0,,Landkreis,658153392.793945,213944.367990509
1095,,2023.07,06431,Bergstraße,177367,,0,.,0,.,0,.,0,.,4.2,,2.4,,1.8,,0,,Landkreis,718875616.819336,230665.645395089
1096,,2023.07,06414,Wiesbaden,234435,,0,.,0,.,0,.,0,.,16.7,,9,,7.7,,0,,Kreisfreie Stadt,203813810.47168,76452.2375274593
1097,,2023.07,06413,Offenbach am Main,59625,,0,.,0,.,0,.,0,.,4.9,,2.2,,2.3,,0.3,,Kreisfreie Stadt,45319131.9121094,40703.3801450091
1098,,2023.07,06412,Frankfurt am Main,345510,,0,.,0,.,0,.,0,.,8.7,,3.8,,4.9,,0,,Kreisfreie Stadt,248120855.9375,107738.706029347
1099,,2023.07,06411,Darmstadt,73483,,0,.,0,.,0,.,0,.,5.9,,3.1,,2.8,,0,,Kreisfreie Stadt,122738117.188477,62500.6786556625
1100,,2023.07,05978,Unna,243798,,0,.,0,.,0,.,0,.,3.9,,2.2,,1.6,,0,,Kreis,542824039.868164,199548.421166447
1101,,2023.07,05974,Soest,196458,,0,.,0,.,0,.,0,.,4.6,,2.8,,1.8,,0,,Kreis,1329390562.89063,220152.441730781
1102,,2023.07,05970,Siegen-Wittgenstein,180078,,0,.,0,.,0,.,0,.,4.4,,2.3,,2.1,,0,,Kreis,1134040384.64648,221838.742179044
1103,,2023.07,05966,Olpe,91988,,0,.,0,.,0,.,0,.,4.3,,2.3,,2,,0,,Kreis,711944622.895508,191915.420333218
1104,,2023.07,05962,Märkischer Kreis,257826,,0,.,0,.,0,.,0,.,3.7,,1.9,,1.8,,0,,Kreis,1060666564.4502,204522.776842104
1105,,2023.07,05958,Hochsauerlandkreis,172554,,0,.,0,.,0,.,0,.,4.1,,2.4,,1.7,,0,-,Kreis,1960082964.80859,346919.353405294
1106,,2023.07,05954,Ennepe-Ruhr-Kreis,202715,,0,.,0,.,0,.,0,.,4.1,,2.2,,1.9,,0,,Kreis,410907296.693359,167823.691284811
1107,,2023.07,05916,Herne,79142,,0,.,0,.,0,.,0,.,2.8,,1.4,,1.4,,0,,Kreisfreie Stadt,51509648.4521484,39643.8392912932
1108,,2023.07,05915,Hamm,100291,,0,.,0,.,0,.,0,.,3.5,,2.1,,1.4,,0,,Kreisfreie Stadt,227720983.532227,93458.3884714458
1109,,2023.07,05914,Hagen,100363,,0,.,0,.,0,.,0,.,3.5,,1.7,,1.7,,0,,Kreisfreie Stadt,160316710.286133,85106.2549919045
1110,,2023.07,05913,Dortmund,298906,,0,.,0,.,0,.,0,.,4.4,,2.2,,2.2,,0,,Kreisfreie Stadt,279662802.373047,98303.0284601238
1111,,2023.07,05911,Bochum,214977,,0,.,0,.,0,.,0,.,4.7,,2.3,,2.4,,0,,Kreisfreie Stadt,144803780.694336,64025.0873014356
1112,,2023.07,05774,Paderborn,190088,,0,.,0,.,0,.,0,.,5,,3.3,,1.8,,0,,Kreis,1246777280.7627,204588.642993027
1113,,2023.07,05770,Minden-Lübbecke,208362,,0,.,0,.,0,.,0,.,3.9,,2.5,,1.4,,0,-,Kreis,1151990376.89063,261061.025532273
1114,,2023.07,05766,Lippe,221121,,0,.,0,.,0,.,0,.,4,,2.5,,1.5,,0,,Kreis,1245878538.81934,235200.589696812
1115,,2023.07,05762,Höxter,92109,,0,.,0,.,0,.,0,.,3.8,,2.5,,1.4,,0,-,Kreis,1200707448.32422,216307.222826842
1116,,2023.07,05758,Herford,166452,,0,.,0,.,0,.,0,.,4.6,,2.8,,1.8,,0,,Kreis,450726367.121094,152051.688893975
1117,,2023.07,05754,Gütersloh,238278,,0,.,0,.,0,.,0,.,4.7,,2.9,,1.8,,0,,Kreis,969612643.183594,211345.177555524
1118,,2023.07,05711,Bielefeld,179286,,0,.,0,.,0,.,0,.,5.2,,3.3,,1.9,,0,,Kreisfreie Stadt,259184268.935547,98214.7178138864
1119,,2023.07,05570,Warendorf,178472,,0,.,0,.,0,.,0,.,3.9,,2.6,,1.3,,0,,Kreis,1318578231.76758,239020.016740479
1120,,2023.07,05566,Steinfurt,283201,,0,.,0,.,0,.,0,.,4.4,,2.9,,1.5,,0,,Kreis,1795416420.94824,253521.367273162
1121,,2023.07,05562,Recklinghausen,362137,,0,.,0,.,0,.,0,.,3.3,,1.8,,1.5,,0,,Kreis,761405655.898438,195517.150872042
1122,,2023.07,05558,Coesfeld,144039,,0,.,0,.,0,.,0,.,4.3,,2.8,,1.4,,0,,Kreis,1112317887.10254,218543.143405152
1123,,2023.07,05554,Borken,234406,,0,.,0,.,0,.,0,.,4.9,,3.1,,1.8,,0,,Kreis,1421361804.71777,271032.558216467
1124,,2023.07,05515,Münster,151489,,0,.,0,.,0,.,0,.,5.7,,3.3,,2.4,,0,,Kreisfreie Stadt,303536651.791016,104146.926446906
1125,,2023.07,05513,Gelsenkirchen,125134,,0,.,0,.,0,.,0,.,3.1,,1.6,,1.5,,0,,Kreisfreie Stadt,105321074.493164,57216.534225466
1126,,2023.07,05512,Bottrop,70306,,0,.,0,.,0,.,0,.,3.4,,1.9,,1.5,,0,,Kreisfreie Stadt,100248242.984375,57675.0683142118
1127,,2023.07,05382,Rhein-Sieg-Kreis,376258,,0,.,0,.,0,.,0,.,3.9,,2.2,,1.7,,0,,Kreis,1152349724.42285,315908.196767241
1128,,2023.07,05378,Rheinisch-Bergischer Kreis,185254,,0,.,0,.,0,.,0,.,4.8,,2.7,,2.1,,0,,Kreis,438100913.793945,166197.113748431
1129,,2023.07,05374,Oberbergischer Kreis,183193,,0,.,0,.,0,.,0,.,4,,2.3,,1.8,,0,-,Kreis,918229534.572266,223732.776465669
1130,,2023.07,05370,Heinsberg,167832,,0,.,0,.,0,.,0,.,3.7,,2.1,,1.6,,0,,Kreis,627392069.150391,166228.096673107
1131,,2023.07,05366,Euskirchen,158452,,0,.,0,.,0,.,0,.,7,,5.1,,1.9,,0,-,Kreis,1250281279.92773,290405.800465605
1132,,2023.07,05362,Rhein-Erft-Kreis,289638,,0,.,0,.,0,.,0,.,4,,2.1,,1.9,,0,,Kreis,703016562.010742,194838.575207755
1133,,2023.07,05358,Düren,168432,,0,.,0,.,0,.,0,.,4,,2.4,,1.6,,0,,Kreis,940371029.933594,239403.533273169
1134,,2023.07,05334,Städteregion Aachen,302006,,0,.,0,.,0,.,0,.,4.7,,2.6,,2.1,,0,,Kreis,704441130.219727,270249.499551821
1135,,2023.07,05316,Leverkusen,91913,,0,.,0,.,0,.,0,.,4.8,,2.2,,2.6,,0,,Kreisfreie Stadt,78780864.5332031,52325.2401412013
1136,,2023.07,05315,Köln,496101,,0,.,0,.,0,.,0,.,5.7,,2.4,,3.3,,0,,Kreisfreie Stadt,406768174.274414,122756.879624915
1137,,2023.07,05314,Bonn,174513,,0,.,0,.,0,.,0,.,5.2,,2.9,,2.3,,0,,Kreisfreie Stadt,141610673.71582,65631.2890915728
1138,,2023.07,05170,Wesel,294586,,0,.,0,.,0,.,0,.,3.9,,2.4,,1.5,,0,,Kreis,1042254695.52344,236903.50644036
1139,,2023.07,05166,Viersen,193448,,0,.,0,.,0,.,0,.,3.8,,2.3,,1.5,,0,,Kreis,563607848.28418,149013.658961646
1140,,2023.07,05162,Rhein-Kreis Neuss,280172,,0,.,0,.,0,.,0,.,4.2,,2.3,,1.9,,0,,Kreis,576484962.40332,171376.374023709
1141,,2023.07,05158,Mettmann,302111,,0,.,0,.,0,.,0,.,5,,2.7,,2.3,,0,,Kreis,407951393.454102,178740.284376613
1142,,2023.07,05154,Kleve,202020,,0,.,0,.,0,.,0,.,3.6,,2.1,,1.5,,0,,Kreis,1233480468.46582,273797.765568249
1143,,2023.07,05124,Wuppertal,179286,,0,.,0,.,0,.,0,.,4.2,,2.2,,2,,0,,Kreisfreie Stadt,168439928.404297,87139.7015602039
1144,,2023.07,05122,Solingen,95994,,0,.,0,.,0,.,0,.,4.9,,2.9,,2,,0,,Kreisfreie Stadt,88995921.1865234,60702.010830767
1145,,2023.07,05120,Remscheid,64131,,0,.,0,.,0,.,0,.,4.2,,2.1,,2.1,,0,,Kreisfreie Stadt,74084053.7412109,46566.6416204877
1146,,2023.07,05119,Oberhausen,113786,,0,.,0,.,0,.,0,.,3.4,,1.8,,1.6,,0,,Kreisfreie Stadt,77442381.3349609,47165.0388934437
1147,,2023.07,05117,Mülheim an der Ruhr,95409,,0,.,0,.,0,.,0,.,4.3,,2.1,,2.1,,0,,Kreisfreie Stadt,91288609.5791016,47771.7305814314
1148,,2023.07,05116,Mönchengladbach,143878,,0,.,0,.,0,.,0,.,4,,2.1,,1.9,,0,,Kreisfreie Stadt,170626170.893555,84169.1695040052
1149,,2023.07,05114,Krefeld,122552,,0,.,0,.,0,.,0,.,3.9,,2,,1.8,,0,,Kreisfreie Stadt,136588715.342773,63616.6954308927
1150,,2023.07,05113,Essen,297077,,0,.,0,.,0,.,0,.,4.8,,2.2,,2.6,,0,,Kreisfreie Stadt,210457058.47168,81440.8394355414
1151,,2023.07,05112,Duisburg,239035,,0,.,0,.,0,.,0,.,2.9,,1.5,,1.3,,0,,Kreisfreie Stadt,233192439.330078,95785.9402818368
1152,,2023.07,05111,Düsseldorf,322557,,0,.,0,.,0,.,0,.,7.2,,2.9,,4.3,,0,,Kreisfreie Stadt,217546071.861328,112285.366144823
1153,,2023.07,04012,Bremerhaven,52094,,0,.,0,.,0,.,0,.,3,,1.7,,1.4,,0,,Kreisfreie Stadt,94128150.2773438,77653.3498236271
1154,,2023.07,04011,Bremen,247872,,0,.,0,.,0,.,0,.,4.1,,2,,2,,0,,Kreisfreie Stadt,326188860.736328,152668.942381665
1155,,2023.07,03462,Wittmund,37536,,0,.,0,.,0,.,0,.,2.5,,1.6,,0.9,,0,-,Landkreis,660805508.28125,237460.49211554
1156,,2023.07,03461,Wesermarsch,54615,,0,.,0,.,0,.,0,.,2.8,,1.8,,1,,0,-,Landkreis,827952082.020508,201926.225735977
1157,,2023.07,03460,Vechta,91413,,0,.,0,.,0,.,0,.,4.7,,3.1,,1.7,,0,,Landkreis,813816410.000977,175258.930309861
1158,,2023.07,03459,Osnabrück,237389,,0,.,0,.,0,.,0,.,3.9,,2.5,,1.4,,0,,Landkreis,2121066219.41406,375663.605339353
1159,,2023.07,03458,Oldenburg,86796,,0,.,0,.,0,.,0,.,3.7,,2.4,,1.3,,0,,Landkreis,1065025726.70703,198207.041247946
1160,,2023.07,03457,Leer,107026,,0,.,0,.,0,.,0,.,3.1,,2,,1,,0,,Landkreis,1089662558.6543,230485.427283503
1161,,2023.07,03456,Grafschaft Bentheim,87971,,0,.,0,.,0,.,0,.,4.5,,2.7,,1.8,,0,-,Landkreis,982099052.395508,194064.715881315
1162,,2023.07,03455,Friesland,67715,,0,.,0,.,0,.,0,.,3.2,,2.2,,1,,0,,Landkreis,618912788.368164,207826.195154195
1163,,2023.07,03454,Emsland,211550,,0,.,0,.,0,.,0,.,4.3,,2.8,,1.5,,0,,Landkreis,2883746490.64648,300655.969692117
1164,,2023.07,03453,Cloppenburg,107029,,0,.,0,.,0,.,0,.,3.7,,2.4,,1.4,,0,,Landkreis,1421047102.89844,228211.076254937
1165,,2023.07,03452,Aurich,120797,,0,.,0,.,0,.,0,.,3.2,,2.1,,1,,0,,Landkreis,1298652890.11816,359604.750190608
1166,,2023.07,03451,Ammerland,82562,,0,.,0,.,0,.,0,.,3.7,,2.4,,1.3,,0,-,Landkreis,730131105.62207,153874.205387695
1167,,2023.07,03405,Wilhelmshaven,40346,,0,.,0,.,0,.,0,.,2.5,,1.3,,1.1,,0,,Kreisfreie Stadt,108248172.838867,56249.714135824
1168,,2023.07,03404,Osnabrück,88777,,0,.,0,.,0,.,0,.,5.3,,3,,2.3,,0,,Kreisfreie Stadt,120208161.90625,72502.7445112705
1169,,2023.07,03403,Oldenburg (Oldb),90772,,0,.,0,.,0,.,0,.,5.4,,3.1,,2.3,,0,,Kreisfreie Stadt,103735226.646484,51943.3296956358
1170,,2023.07,03402,Emden,25450,,0,.,0,.,0,.,0,.,4.1,,2.7,,1.4,,0,,Kreisfreie Stadt,111796448.801758,67063.655941761
1171,,2023.07,03401,Delmenhorst,42927,,0,.,0,.,0,.,0,.,2.9,,1.5,,1.4,,0,,Kreisfreie Stadt,62467798.5947266,46257.9381557184
1172,,2023.07,03361,Verden,89167,,0,.,0,.,0,.,0,.,3.6,,2.2,,1.4,,0,,Landkreis,789081710.703125,224811.846339036
1173,,2023.07,03360,Uelzen,58570,,0,.,0,.,0,.,0,.,3.8,,2.4,,1.5,,0,-,Landkreis,1462207700.17188,220612.035508098
1174,,2023.07,03359,Stade,128923,,0,.,0,.,0,.,0,.,3.8,,2.2,,1.5,,0,-,Landkreis,1269075763.50293,265280.850857743
1175,,2023.07,03358,Heidekreis,90906,,0,.,0,.,0,.,0,.,3.1,,1.9,,1.1,,0,,Landkreis,1881746242.97168,365225.831866227
1176,,2023.07,03357,Rotenburg (Wümme),120393,,0,.,0,.,0,.,0,.,3.8,,2.5,,1.3,,0,,Landkreis,2073801406.19531,353552.266818007
1177,,2023.07,03356,Osterholz,74794,,0,.,0,.,0,.,0,.,3.5,,2.3,,1.2,,0,,Landkreis,653279865,179710.225107181
1178,,2023.07,03355,Lüneburg,107914,,0,.,0,.,0,.,0,.,4.2,,2.6,,1.5,,0,,Landkreis,1327357220.72852,318554.960422675
1179,,2023.07,03354,Lüchow-Dannenberg,31709,,0,.,0,.,0,.,0,.,3.1,,2,,1.1,,0,-,Landkreis,1226546093.60547,227707.256898562
1180,,2023.07,03353,Harburg,171868,,0,.,0,.,0,.,0,.,4,,2.4,,1.6,,0,,Landkreis,1249117601.8291,256626.86543829
1181,,2023.07,03352,Cuxhaven,128750,,0,.,0,.,0,.,0,.,2.8,,1.7,,1.1,,0,,Landkreis,2058739992.30664,308454.913252573
1182,,2023.07,03351,Celle,112950,,0,.,0,.,0,.,0,.,3.6,,2.1,,1.5,,0,,Landkreis,1550684013.71582,246181.705103521
1183,,2023.07,03257,Schaumburg,104768,,0,.,0,.,0,.,0,.,3.5,,2.4,,1.1,,0,-,Landkreis,676300755.381836,206397.981008128
1184,,2023.07,03256,Nienburg (Weser),79979,,0,.,0,.,0,.,0,.,3.3,,2.2,,1.1,,0,,Landkreis,1400917922.84375,317688.390120049
1185,,2023.07,03255,Holzminden,45724,,0,.,0,.,0,.,0,.,2.9,,1.6,,1.3,,0,-,Landkreis,694472629.105469,189171.307052356
1186,,2023.07,03254,Hildesheim,164075,,0,.,0,.,0,.,0,.,3.6,,2.2,,1.4,,0,,Landkreis,1207789320.64551,251154.965666091
1187,,2023.07,03252,Hameln-Pyrmont,94259,,0,.,0,.,0,.,0,.,3.3,,2.1,,1.2,,0,,Landkreis,797764574.958984,210020.338817558
1188,,2023.07,03251,Diepholz,145706,,0,.,0,.,0,.,0,.,3.9,,2.4,,1.5,,0,,Landkreis,1991034474.31836,308652.494010019
1189,,2023.07,03241,Region Hannover,597765,,0,.,0,.,0,.,0,.,4.3,,2.5,,1.8,,0,,Landkreis,2297326127.13477,379374.837502092
1190,,2023.07,03159,Göttingen,186435,,0,.,0,.,0,.,0,.,3.7,,2.3,,1.5,,0,,Landkreis,1754861833.00781,385590.386200199
1191,,2023.07,03158,Wolfenbüttel,76521,,0,.,0,.,0,.,0,.,3.6,,2.5,,1.1,,0,,Landkreis,724065535.433594,215640.850159417
1192,,2023.07,03157,Peine,87174,,0,.,0,.,0,.,0,.,3.6,,2.5,,1.1,,0,,Landkreis,536101104.076172,149602.771432759
1193,,2023.07,03155,Northeim,89880,,0,.,0,.,0,.,0,.,3.5,,2.2,,1.3,,0,-,Landkreis,1269651774.30176,228982.313706335
1194,,2023.07,03154,Helmstedt,57212,,0,.,0,.,0,.,0,.,3.6,,2.5,,1.1,,0,,Landkreis,675687788.225586,231289.034806608
1195,,2023.07,03153,Goslar,80851,,0,.,0,.,0,.,0,.,3.2,,1.9,,1.3,,0,,Landkreis,969210805.345703,233890.968622506
1196,,2023.07,03151,Gifhorn,111725,,0,.,0,.,0,.,0,.,4,,2.9,,1.1,,0,,Landkreis,1569205053.24512,282161.609724976
1197,,2023.07,03103,Wolfsburg,121675,,0,.,0,.,0,.,0,.,8.1,,5,,3.1,,0,-,Kreisfreie Stadt,204942168.826172,91494.3940080182
1198,,2023.10,16077,Altenburger Land,51403,,0,.,0,.,0,.,0,.,2,,1,,1.1,,0,,Landkreis,569495813.860352,159208.499301686
1199,,2023.10,16076,Greiz,56211,,0,.,0,.,0,.,0,.,2.1,,1.1,,0.9,,0,-,Landkreis,846194830.068359,288937.795198219
1200,,2023.10,16075,Saale-Orla-Kreis,50329,,0,.,0,.,0,.,0,.,1.8,,1,,0.8,,0,-,Landkreis,1151738096.22656,255786.812284021
1201,,2023.10,16074,Saale-Holzland-Kreis,49895,,0,.,0,.,0,.,0,.,2.5,,1.4,,1.1,,0,-,Landkreis,815508565.787109,235948.734812389
1202,,2023.10,16073,Saalfeld-Rudolstadt,60022,,0,.,0,.,0,.,0,.,2.3,,1.3,,1,,0,-,Landkreis,1008735679.04199,289884.18985615
1203,,2023.10,16072,Sonneberg,34830,,0,.,0,.,0,.,0,.,2.3,,1.1,,1.1,,0,,Landkreis,460681672.719727,161297.158075011
1204,,2023.10,16071,Weimarer Land,49332,,0,.,0,.,0,.,0,.,2.7,,1.5,,1.2,,0,,Landkreis,804514564.327148,270201.373476309
1205,,2023.10,16070,Ilm-Kreis,59236,,0,.,0,.,0,.,0,.,2.9,,1.8,,1.1,,0,,Landkreis,803588201.576172,223009.896391042
1206,,2023.10,16069,Hildburghausen,39271,,0,.,0,.,0,.,0,.,2.1,,1.2,,0.8,,0,-,Landkreis,937768356.192383,266027.275919908
1207,,2023.10,16068,Sömmerda,40750,,0,.,0,.,0,.,0,.,2.2,,1.2,,1,,0,-,Landkreis,807021507.053711,231271.168225578
1208,,2023.10,16067,Gotha,76374,,0,.,0,.,0,.,0,.,2.7,,1.5,,1.2,,0,,Landkreis,935833051.850586,201383.912823013
1209,,2023.10,16066,Schmalkalden-Meiningen,75844,,0,.,0,.,0,.,0,.,2.4,,1.3,,1.1,,0,-,Landkreis,1251050645.04785,289746.940316977
1210,,2023.10,16065,Kyffhäuserkreis,44264,,0,.,0,.,0,.,0,.,1.8,,1,,0.8,,0,-,Landkreis,1037770304.01953,273300.806525077
1211,,2023.10,16064,Unstrut-Hainich-Kreis,52746,,0,.,0,.,0,.,0,.,2.9,,1.6,,1.3,,0,-,Landkreis,931296290.730469,220159.559866101
1212,,2023.10,16063,Wartburgkreis,95478,,0,.,0,.,0,.,0,.,2.5,,1.4,,1.2,,0,-,Landkreis,1369998788.58398,359739.228310871
1213,,2023.10,16062,Nordhausen,47404,,0,.,0,.,0,.,0,.,2.3,,1.3,,1.1,,0,,Landkreis,714291367.835938,185722.419164402
1214,,2023.10,16061,Eichsfeld,59045,,0,.,0,.,0,.,0,.,3.3,,2,,1.3,,0,-,Landkreis,990529967.28418,211025.563666031
1215,,2023.10,16055,Weimar,30233,,0,.,0,.,0,.,0,.,3.9,,2.3,,1.6,,0,,Kreisfreie Stadt,84371242.5537109,63917.4037953295
1216,,2023.10,16054,Suhl,19734,,0,.,0,.,0,.,0,.,2.9,,1.5,,1.3,,0,-,Kreisfreie Stadt,142863361.462891,89565.7719743408
1217,,2023.10,16053,Jena,44996,,0,.,0,.,0,.,0,.,3.6,,2,,1.6,,0,-,Kreisfreie Stadt,114916066.803711,69161.7063041314
1218,,2023.10,16052,Gera,46100,,0,.,0,.,0,.,0,.,2.5,,1.4,,1.1,,0,,Kreisfreie Stadt,152224963.852539,75323.7031332036
1219,,2023.10,16051,Erfurt,98565,,0,.,0,.,0,.,0,.,3.7,,2.1,,1.6,,0,,Kreisfreie Stadt,270412481.84668,106760.438648397
1220,,2023.10,15091,Wittenberg,75676,,0,.,0,.,0,.,0,.,2,,1.1,,0.9,,0,-,Landkreis,1942799199.44336,288331.940418521
1221,,2023.10,15090,Stendal,63896,,0,.,0,.,0,.,0,.,2,,1.2,,0.8,,0,-,Landkreis,2437018945.38281,388099.364972118
1222,,2023.10,15089,Salzlandkreis,105104,,0,.,0,.,0,.,0,.,1.8,,1,,0.8,,0,-,Landkreis,1434906372.00391,264035.613726712
1223,,2023.10,15088,Saalekreis,115951,,0,.,0,.,0,.,0,.,2.3,,1.2,,1.2,,0,,Landkreis,1440237602.55957,371586.717822968
1224,,2023.10,15087,Mansfeld-Südharz,79696,,0,.,0,.,0,.,0,.,1.8,,1.1,,0.7,,0,-,Landkreis,1456203560.97266,331487.311274932
1225,,2023.10,15086,Jerichower Land,54813,,0,.,0,.,0,.,0,.,2.3,,1.3,,1,,0,-,Landkreis,1589285902.17285,247755.483552346
1226,,2023.10,15085,Harz,124027,,0,.,0,.,0,.,0,.,2.5,,1.4,,1.1,,0,-,Landkreis,2108206001.10352,325892.061240799
1227,,2023.10,15084,Burgenlandkreis,102741,,0,.,0,.,0,.,0,.,2,,1.1,,1,,0,,Landkreis,1419035819.56836,295284.252349554
1228,,2023.10,15083,Börde,107223,,0,.,0,.,0,.,0,.,2.2,,1.3,,0.9,,0,,Landkreis,2376921623.70215,371548.321413939
1229,,2023.10,15082,Anhalt-Bitterfeld,93035,,0,.,0,.,0,.,0,.,1.9,,1,,0.9,,0,-,Landkreis,1460781901.5127,339057.665260413
1230,,2023.10,15081,Altmarkkreis Salzwedel,50832,,0,.,0,.,0,.,0,.,2.1,,1.2,,0.8,,0,-,Landkreis,2303788808.49023,303821.084721262
1231,,2023.10,15003,Magdeburg,111676,,0,.,0,.,0,.,0,.,3.1,,1.6,,1.5,,0,,Kreisfreie Stadt,200999393.913086,84386.2998201417
1232,,2023.10,15002,Halle (Saale),95045,,0,.,0,.,0,.,0,.,2.7,,1.6,,1.1,,0,,Kreisfreie Stadt,135824688.286133,77730.5455395086
1233,,2023.10,15001,Dessau-Roßlau,41726,,0,.,0,.,0,.,0,.,2.8,,1.6,,1.2,,0,-,Kreisfreie Stadt,246249160.496094,115997.461325231
1234,,2023.10,14730,Nordsachsen,118196,,0,.,0,.,0,.,0,.,2.3,,1.2,,1.1,,0,,Landkreis,2027548084.84375,410437.981496651
1235,,2023.10,14729,Leipzig,157111,,0,.,0,.,0,.,0,.,2.7,,1.6,,1.1,,0,,Landkreis,1651662788.13379,340686.753048234
1236,,2023.10,14713,Leipzig,234050,,0,.,0,.,0,.,0,.,3.8,,2.1,,1.7,,0,,Kreisfreie Stadt,298922201.506836,120864.657877298
1237,,2023.10,14628,Sächsische Schweiz-Osterzgebirge,146163,,0,.,0,.,0,.,0,.,2.3,,1.3,,1,,0,,Landkreis,1653732867.60742,288402.833770503
1238,,2023.10,14627,Meißen,141121,,0,.,0,.,0,.,0,.,2.2,,1.2,,1,,0,,Landkreis,1457361541.51758,262261.856107648
1239,,2023.10,14626,Görlitz,144023,,0,.,0,.,0,.,0,.,1.6,,0.9,,0.8,,0,,Landkreis,2111152045.11914,342510.820123424
1240,,2023.10,14625,Bautzen,182567,,0,.,0,.,0,.,0,.,2.1,,1.2,,0.9,,0,,Landkreis,2395636437.77637,346336.618967316
1241,,2023.10,14612,Dresden,230789,,0,.,0,.,0,.,0,.,3.5,,1.8,,1.7,,0,,Kreisfreie Stadt,328095164.584961,126184.878956216
1242,,2023.10,14524,Zwickau,187174,,0,.,0,.,0,.,0,.,2.6,,1.5,,1.1,,0,,Landkreis,949635037.395508,236921.194806854
1243,,2023.10,14523,Vogtlandkreis,137388,,0,.,0,.,0,.,0,.,2.2,,1.2,,0.9,,0,-,Landkreis,1412302685.4502,311749.172671271
1244,,2023.10,14522,Mittelsachsen,180412,,0,.,0,.,0,.,0,.,2.1,,1.1,,0.9,,0,,Landkreis,2114833220.54395,370846.696636421
1245,,2023.10,14521,Erzgebirgskreis,203253,,0,.,0,.,0,.,0,.,2,,1.1,,0.9,,0,-,Landkreis,1826997137.63379,316907.024888456
1246,,2023.10,14511,Chemnitz,126189,,0,.,0,.,0,.,0,.,3.3,,1.8,,1.5,,0,,Kreisfreie Stadt,221028414.417969,95998.2589097507
1247,,2023.10,13076,Ludwigslust-Parchim,130174,,0,.,0,.,0,.,0,.,1.8,,1.1,,0.7,,0,-,Landkreis,4767205837.64355,544987.623152899
1248,,2023.10,13075,Vorpommern-Greifswald,127445,,0,.,0,.,0,.,0,.,1.8,,1,,0.8,,0,-,Landkreis,3951628526.83691,786666.150434142
1249,,2023.10,13074,Nordwestmecklenburg,92693,,0,.,0,.,0,.,0,.,2.4,,1.5,,0.9,,0,,Landkreis,2125833400.80469,421255.501799993
1250,,2023.10,13073,Vorpommern-Rügen,126896,,0,.,0,.,0,.,0,.,2.2,,1.3,,0.9,,0,,Landkreis,3214113963.38477,1089521.87046376
1251,,2023.10,13072,Rostock,129961,,0,.,0,.,0,.,0,.,2.6,,1.5,,1.1,,0,,Landkreis,3429396493.29785,470885.235429407
1252,,2023.10,13071,Mecklenburgische Seenplatte,147045,,0,.,0,.,0,.,0,.,1.9,,1,,0.9,,0,,Landkreis,5495373409.96094,516564.114817789
1253,,2023.10,13004,Schwerin,44792,,0,.,0,.,0,.,0,.,2.9,,1.6,,1.3,,0,-,Kreisfreie Stadt,130106434.195313,69520.7229903608
1254,,2023.10,13003,Rostock,86578,,0,.,0,.,0,.,0,.,3,,1.8,,1.2,,0,,Kreisfreie Stadt,181477390.371094,88507.9712348811
1255,,2023.10,12073,Uckermark,68801,,0,.,0,.,0,.,0,.,1.9,,1.1,,0.8,,0,,Landkreis,3076108441.98047,392821.33775274
1256,,2023.10,12072,Teltow-Fläming,108732,,0,.,0,.,0,.,0,.,3.4,,2,,1.3,,0,-,Landkreis,2103910816.79297,319624.700377854
1257,,2023.10,12071,Spree-Neiße,71423,,0,.,0,.,0,.,0,.,1.9,,1,,0.8,,0,-,Landkreis,1657098234.44043,349641.41206109
1258,,2023.10,12070,Prignitz,46153,,0,.,0,.,0,.,0,.,1.9,,1,,0.9,,0,-,Landkreis,2138707957.80859,314721.91601579
1259,,2023.10,12069,Potsdam-Mittelmark,133152,,0,.,0,.,0,.,0,.,3.9,,2.4,,1.5,,0,,Landkreis,2593033934.44922,472327.251125324
1260,,2023.10,12068,Ostprignitz-Ruppin,59543,,0,.,0,.,0,.,0,.,2.2,,1.2,,0.9,,0,,Landkreis,2525923984.48242,381275.632236586
1261,,2023.10,12067,Oder-Spree,109663,,0,.,0,.,0,.,0,.,2.6,,1.6,,1.1,,0,,Landkreis,2257290888.04004,375644.78503136
1262,,2023.10,12066,Oberspreewald-Lausitz,65392,,0,.,0,.,0,.,0,.,1.6,,0.9,,0.7,,0,-,Landkreis,1223208108.22656,254326.525952779
1263,,2023.10,12065,Oberhavel,126131,,0,.,0,.,0,.,0,.,3.5,,2.1,,1.4,,0,,Landkreis,1807834068.39551,360530.244809173
1264,,2023.10,12064,Märkisch-Oderland,121431,,0,.,0,.,0,.,0,.,2.8,,1.6,,1.2,,0,-,Landkreis,2157546355.48535,315778.884374255
1265,,2023.10,12063,Havelland,97614,,0,.,0,.,0,.,0,.,3.6,,2.2,,1.4,,0,,Landkreis,1727373166.76465,342971.431508018
1266,,2023.10,12062,Elbe-Elster,63481,,0,.,0,.,0,.,0,.,1.7,,0.9,,0.7,,0,,Landkreis,1899997386.25391,305918.130224615
1267,,2023.10,12061,Dahme-Spreewald,108924,,0,.,0,.,0,.,0,.,3.3,,1.9,,1.4,,0,,Landkreis,2275819756.17969,436033.631253628
1268,,2023.10,12060,Barnim,110574,,0,.,0,.,0,.,0,.,3.2,,2,,1.3,,0,,Landkreis,1481005522.70801,341342.860018858
1269,,2023.10,12054,Potsdam,76777,,0,.,0,.,0,.,0,.,4.2,,2.3,,1.9,,0,,Kreisfreie Stadt,186950957.337891,96418.8943279986
1270,,2023.10,12053,Frankfurt (Oder),28313,,0,.,0,.,0,.,0,.,2.2,,1.1,,1.1,,0,-,Kreisfreie Stadt,147780070.31543,66375.9750375522
1271,,2023.10,12052,Cottbus,48663,,0,.,0,.,0,.,0,.,2.5,,1.2,,1.2,,0,,Kreisfreie Stadt,165033344.552734,87657.0910954755
1272,,2023.10,12051,Brandenburg an der Havel,35041,,0,.,0,.,0,.,0,.,3.3,,2,,1.4,,0,-,Kreisfreie Stadt,229536571.996094,141971.594036605
1273,,2023.10,11000,Berlin,1248390,,0,.,0,.,0,.,0,.,4.8,,2.7,,2.1,,0,,Kreisfreie Stadt,891789356.085938,222564.759502733
1274,,2023.10,10046,St. Wendel,62779,,0,.,0,.,0,.,0,.,3.7,,2.2,,1.5,,0,-,Landkreis,476354283.110352,146866.901261139
1275,,2023.10,10045,Saarpfalz-Kreis,99440,,0,.,0,.,0,.,0,.,4.1,,2.3,,1.7,,0,,Landkreis,419096935.567383,159211.807111928
1276,,2023.10,10044,Saarlouis,135197,,0,.,0,.,0,.,0,.,3.6,,2,,1.6,,0,,Landkreis,458985903.306641,158271.168504276
1277,,2023.10,10043,Neunkirchen,87166,,0,.,0,.,0,.,0,.,3.4,,1.9,,1.5,,0,-,Landkreis,248117924.852539,107822.664579199
1278,,2023.10,10042,Merzig-Wadern,73493,,0,.,0,.,0,.,0,.,3.3,,2,,1.3,,0,-,Landkreis,556979507.769531,154721.880097438
1279,,2023.10,10041,Regionalverband Saarbrücken,193705,,0,.,0,.,0,.,0,.,3.9,,2.1,,1.8,,0,,Landkreis,411489484.970703,160799.877878205
1280,,2023.10,09780,Oberallgäu,105841,,0,.,0,.,0,.,0,.,4,,2.7,,1.3,,0,-,Landkreis,1528353119.51855,341969.342105912
1281,,2023.10,09779,Donau-Ries,95734,,0,.,0,.,0,.,0,.,4,,2.5,,1.5,,0,-,Landkreis,1274179146.9248,334855.877078285
1282,,2023.10,09778,Unterallgäu,104531,,0,.,0,.,0,.,0,.,3.5,,2.4,,1.1,,0,-,Landkreis,1229882513.49414,326412.465520539
1283,,2023.10,09777,Ostallgäu,97348,,0,.,0,.,0,.,0,.,4.1,,2.8,,1.3,,0,-,Landkreis,1393283604.78418,408695.960385229
1284,,2023.10,09776,Lindau (Bodensee),54278,,0,.,0,.,0,.,0,.,4.1,,2.6,,1.4,,0,,Landkreis,323241962.030273,143695.537883892
1285,,2023.10,09775,Neu-Ulm,114758,,0,.,0,.,0,.,0,.,4,,2.4,,1.6,,0,,Landkreis,515671085.181641,148988.874247824
1286,,2023.10,09774,Günzburg,88798,,0,.,0,.,0,.,0,.,4.1,,2.5,,1.6,,0,,Landkreis,763345366.449219,232954.134000113
1287,,2023.10,09773,Dillingen a.d.Donau,68445,,0,.,0,.,0,.,0,.,3.3,,2,,1.3,,0,-,Landkreis,791686690.830078,242655.202666034
1288,,2023.10,09772,Augsburg,172679,,0,.,0,.,0,.,0,.,4.6,,2.7,,1.8,,0,,Landkreis,1071521962.7207,309028.860969014
1289,,2023.10,09771,Aichach-Friedberg,90477,,0,.,0,.,0,.,0,.,4.4,,2.9,,1.5,,0,,Landkreis,779820964.371094,226106.141811333
1290,,2023.10,09764,Memmingen,27676,,0,.,0,.,0,.,0,.,4.3,,2.6,,1.7,,0,-,Kreisfreie Stadt,69807842.7167969,63228.1848011595
1291,,2023.10,09763,Kempten (Allgäu),40966,,0,.,0,.,0,.,0,.,5.1,,3.4,,1.8,,0,,Kreisfreie Stadt,63248638.9882813,53450.3530222877
1292,,2023.10,09762,Kaufbeuren,26622,,0,.,0,.,0,.,0,.,3.7,,2.3,,1.4,,0,-,Kreisfreie Stadt,40431942.4960938,39470.9962520316
1293,,2023.10,09761,Augsburg,141467,,0,.,0,.,0,.,0,.,4.4,,2.3,,2.2,,0,,Kreisfreie Stadt,146459229.583984,86297.542663465
1294,,2023.10,09679,Würzburg,109094,,0,.,0,.,0,.,0,.,4.8,,3.2,,1.6,,0,,Landkreis,967155584.087891,337613.040360294
1295,,2023.10,09678,Schweinfurt,79733,,0,.,0,.,0,.,0,.,4,,2.7,,1.3,,0,,Landkreis,841233412.072266,324997.501418006
1296,,2023.10,09677,Main-Spessart,87596,,0,.,0,.,0,.,0,.,4,,2.4,,1.5,,0,-,Landkreis,1321991667.66113,287380.964912033
1297,,2023.10,09676,Miltenberg,89548,,0,.,0,.,0,.,0,.,3.9,,2.2,,1.7,,0,,Landkreis,715285437.052734,225618.089550047
1298,,2023.10,09675,Kitzingen,63562,,0,.,0,.,0,.,0,.,4.2,,2.8,,1.3,,0,,Landkreis,683903707.851563,201499.965144985
1299,,2023.10,09674,Haßberge,60196,,0,.,0,.,0,.,0,.,3.7,,2.6,,1.1,,0,-,Landkreis,956502900.063477,250394.505232398
1300,,2023.10,09673,Rhön-Grabfeld,55999,,0,.,0,.,0,.,0,.,4,,2.7,,1.3,,0,-,Landkreis,1021624976.38477,256743.758245581
1301,,2023.10,09672,Bad Kissingen,72639,,0,.,0,.,0,.,0,.,3.6,,2.5,,1.1,,0,-,Landkreis,1137656959.4668,279211.62790441
1302,,2023.10,09671,Aschaffenburg,119923,,0,.,0,.,0,.,0,.,4.9,,3,,1.9,,0,,Landkreis,698932681.59375,229374.257908033
1303,,2023.10,09663,Würzburg,64069,,0,.,0,.,0,.,0,.,5.6,,3.2,,2.3,,0,,Kreisfreie Stadt,87764401.9951172,65259.0145445697
1304,,2023.10,09662,Schweinfurt,29990,,0,.,0,.,0,.,0,.,6.1,,2.7,,3.4,,0,-,Kreisfreie Stadt,35705732.7753906,39633.719962486
1305,,2023.10,09661,Aschaffenburg,44520,,0,.,0,.,0,.,0,.,7.9,,4.8,,3.1,,0,-,Kreisfreie Stadt,62023548.3466797,50412.0037044716
1306,,2023.10,09577,Weißenburg-Gunzenhausen,64909,,0,.,0,.,0,.,0,.,4,,2.7,,1.3,,0,,Landkreis,970267811.857422,223083.568343369
1307,,2023.10,09576,Roth,89346,,0,.,0,.,0,.,0,.,4.1,,2.5,,1.6,,0,,Landkreis,895175763.526367,300336.063639876
1308,,2023.10,09575,Neustadt a.d.Aisch-Bad Windsheim,70351,,0,.,0,.,0,.,0,.,4.2,,2.8,,1.3,,0,,Landkreis,1267945156.98633,286565.424246564
1309,,2023.10,09574,Nürnberger Land,113464,,0,.,0,.,0,.,0,.,4.4,,2.8,,1.6,,0,,Landkreis,797630947.844727,280037.722454563
1310,,2023.10,09573,Fürth,78503,,0,.,0,.,0,.,0,.,4.2,,2.7,,1.5,,0,,Landkreis,307104515.246094,119071.936100924
1311,,2023.10,09572,Erlangen-Höchstadt,94377,,0,.,0,.,0,.,0,.,6.3,,3.8,,2.5,,0,,Landkreis,564516798.948242,302003.323956942
1312,,2023.10,09571,Ansbach,130155,,0,.,0,.,0,.,0,.,3.7,,2.5,,1.2,,0,,Landkreis,1972780199.8584,438171.105364346
1313,,2023.10,09565,Schwabach,26451,,0,.,0,.,0,.,0,.,4.9,,2.9,,2,,0,-,Kreisfreie Stadt,40825280.7548828,44392.3601544875
1314,,2023.10,09564,Nürnberg,249304,,0,.,0,.,0,.,0,.,4.8,,2.7,,2.1,,0,,Kreisfreie Stadt,187671476.236328,138424.259082801
1315,,2023.10,09563,Fürth,64488,,0,.,0,.,0,.,0,.,4.2,,2.5,,1.7,,0,,Kreisfreie Stadt,63347123.8447266,45995.1390193326
1316,,2023.10,09562,Erlangen,56426,,0,.,0,.,0,.,0,.,5.1,,2.9,,2.2,,0,,Kreisfreie Stadt,78014690.5429688,53139.0900158128
1317,,2023.10,09561,Ansbach,25923,,0,.,0,.,0,.,0,.,4.5,,2.7,,1.8,,0,-,Kreisfreie Stadt,99853580.3564453,70278.7303360335
1318,,2023.10,09479,Wunsiedel i.Fichtelgebirge,47826,,0,.,0,.,0,.,0,.,3.4,,1.9,,1.5,,0,-,Landkreis,606192311.765625,147427.252500402
1319,,2023.10,09478,Lichtenfels,45852,,0,.,0,.,0,.,0,.,3,,1.9,,1.1,,0,-,Landkreis,519676599.529297,188339.943949693
1320,,2023.10,09477,Kulmbach,50911,,0,.,0,.,0,.,0,.,3.5,,2.2,,1.3,,0,,Landkreis,658004334.990234,203657.347389188
1321,,2023.10,09476,Kronach,46390,,0,.,0,.,0,.,0,.,3.1,,1.9,,1.2,,0,-,Landkreis,651475772.542969,195680.596667354
1322,,2023.10,09475,Hof,64979,,0,.,0,.,0,.,0,.,3.4,,1.9,,1.6,,0,,Landkreis,893663689.371094,293042.491814798
1323,,2023.10,09474,Forchheim,79515,,0,.,0,.,0,.,0,.,3.9,,2.6,,1.4,,0,,Landkreis,642921296.804688,202014.345609455
1324,,2023.10,09473,Coburg,60380,,0,.,0,.,0,.,0,.,4,,2.5,,1.4,,0,,Landkreis,591020889.209961,265614.514307051
1325,,2023.10,09472,Bayreuth,72972,,0,.,0,.,0,.,0,.,3.4,,2.2,,1.2,,0,,Landkreis,1273584205.2207,386106.994410095
1326,,2023.10,09471,Bamberg,104519,,0,.,0,.,0,.,0,.,3.5,,2.4,,1.2,,0,,Landkreis,1166948004.1875,363511.905725181
1327,,2023.10,09464,Hof,27769,,0,.,0,.,0,.,0,.,7.9,,5,,2.9,,0,,Kreisfreie Stadt,58159802.2382813,54718.4550792217
1328,,2023.10,09463,Coburg,25563,,0,.,0,.,0,.,0,.,5.2,,3,,2.2,,0,-,Kreisfreie Stadt,48017323.6835938,47861.9792022719
1329,,2023.10,09462,Bayreuth,41769,,0,.,0,.,0,.,0,.,6.2,,3.5,,2.6,,0,,Kreisfreie Stadt,67008634.3730469,64736.4199248782
1330,,2023.10,09461,Bamberg,41323,,0,.,0,.,0,.,0,.,4.5,,2.9,,1.6,,0,-,Kreisfreie Stadt,54976414.7333984,40927.3519722638
1331,,2023.10,09377,Tirschenreuth,49781,,0,.,0,.,0,.,0,.,3.3,,1.8,,1.5,,0,-,Landkreis,1084534913.91406,229088.470696812
1332,,2023.10,09376,Schwandorf,104567,,0,.,0,.,0,.,0,.,3.3,,2.1,,1.2,,0,-,Landkreis,1458425984.95898,347575.996306894
1333,,2023.10,09375,Regensburg,132628,,0,.,0,.,0,.,0,.,4.2,,2.8,,1.4,,0,,Landkreis,1393030845.39941,411789.418124436
1334,,2023.10,09374,Neustadt a.d.Waldnaab,67034,,0,.,0,.,0,.,0,.,3.6,,2.2,,1.4,,0,-,Landkreis,1428166109.66699,385732.083609104
1335,,2023.10,09373,Neumarkt i.d.OPf.,92846,,0,.,0,.,0,.,0,.,4,,2.6,,1.4,,0,-,Landkreis,1344541220.45117,303939.946431158
1336,,2023.10,09372,Cham,92868,,0,.,0,.,0,.,0,.,3.5,,2.4,,1.1,,0,,Landkreis,1526958023.89063,299328.140846534
1337,,2023.10,09371,Amberg-Sulzbach,72318,,0,.,0,.,0,.,0,.,4.1,,2.7,,1.3,,0,,Landkreis,1255092290.34766,376859.42579161
1338,,2023.10,09363,Weiden i.d.OPf.,26635,,0,.,0,.,0,.,0,.,4.3,,2.3,,1.9,,0,-,Kreisfreie Stadt,70605006.8857422,71839.4196751139
1339,,2023.10,09362,Regensburg,83211,,0,.,0,.,0,.,0,.,6,,3.3,,2.6,,0,,Kreisfreie Stadt,79706492.1894531,59506.3819752187
1340,,2023.10,09361,Amberg,25334,,0,.,0,.,0,.,0,.,4.9,,3,,1.9,,0,-,Kreisfreie Stadt,50405257.5654297,45172.0627563141
1341,,2023.10,09279,Dingolfing-Landau,73234,,0,.,0,.,0,.,0,.,4,,2.6,,1.4,,0,,Landkreis,877379815.797852,263187.17169248
1342,,2023.10,09278,Straubing-Bogen,72079,,0,.,0,.,0,.,0,.,3.5,,2.5,,1.1,,0,-,Landkreis,1200964159.71777,333805.068298285
1343,,2023.10,09277,Rottal-Inn,86899,,0,.,0,.,0,.,0,.,3.6,,2.4,,1.2,,0,,Landkreis,1281034787.56348,290982.290980761
1344,,2023.10,09276,Regen,51985,,0,.,0,.,0,.,0,.,3.6,,2.1,,1.5,,0,-,Landkreis,974828582.608398,194334.820631541
1345,,2023.10,09275,Passau,134681,,0,.,0,.,0,.,0,.,4,,2.7,,1.4,,0,,Landkreis,1530226056.83984,349324.825744492
1346,,2023.10,09274,Landshut,114459,,0,.,0,.,0,.,0,.,4.5,,3.1,,1.5,,0,,Landkreis,1347484584.59082,352561.699055864
1347,,2023.10,09273,Kelheim,84300,,0,.,0,.,0,.,0,.,3.7,,2.6,,1.1,,0,-,Landkreis,1064782902.7373,277566.475134382
1348,,2023.10,09272,Freyung-Grafenau,55128,,0,.,0,.,0,.,0,.,3.5,,2,,1.4,,0,-,Landkreis,983773696.077148,205137.074783462
1349,,2023.10,09271,Deggendorf,82142,,0,.,0,.,0,.,0,.,4,,2.6,,1.4,,0,-,Landkreis,861232904.080078,214908.653550047
1350,,2023.10,09263,Straubing,28283,,0,.,0,.,0,.,0,.,4.2,,2.5,,1.8,,0,-,Kreisfreie Stadt,67649328.3486328,55342.4542959559
1351,,2023.10,09262,Passau,30264,,0,.,0,.,0,.,0,.,5.5,,3,,2.5,,0,,Kreisfreie Stadt,70107293.4433594,58468.6189304297
1352,,2023.10,09261,Landshut,39199,,0,.,0,.,0,.,0,.,4.5,,2.7,,1.8,,0,,Kreisfreie Stadt,66173764.9755859,68059.4178922351
1353,,2023.10,09190,Weilheim-Schongau,91804,,0,.,0,.,0,.,0,.,4.2,,2.9,,1.3,,0,-,Landkreis,967395171.895508,272636.208647296
1354,,2023.10,09189,Traunstein,122428,,0,.,0,.,0,.,0,.,4.4,,2.9,,1.4,,0,-,Landkreis,1532990057.25293,315972.371520452
1355,,2023.10,09188,Starnberg,90244,,0,.,0,.,0,.,0,.,6.6,,4.1,,2.4,,0,,Landkreis,486839643.578125,154838.380658794
1356,,2023.10,09187,Rosenheim,178665,,0,.,0,.,0,.,0,.,4.4,,3,,1.5,,0,,Landkreis,1440401955.72949,378977.363111802
1357,,2023.10,09186,Pfaffenhofen a.d.Ilm,87467,,0,.,0,.,0,.,0,.,4.2,,2.9,,1.3,,0,,Landkreis,760903330.470703,229356.061018572
1358,,2023.10,09185,Neuburg-Schrobenhausen,67914,,0,.,0,.,0,.,0,.,3.4,,2.2,,1.2,,0,,Landkreis,740049089.376953,221714.43570198
1359,,2023.10,09184,München,245858,,0,.,0,.,0,.,0,.,9.8,,5.5,,4.3,,0,,Landkreis,664006064.419922,253024.576960929
1360,,2023.10,09183,Mühldorf a.Inn,78446,,0,.,0,.,0,.,0,.,4,,2.7,,1.3,,0,,Landkreis,805046306.827148,251387.906279848
1361,,2023.10,09182,Miesbach,68375,,0,.,0,.,0,.,0,.,4.9,,3,,1.9,,0,,Landkreis,866757960.75293,210751.517487509
1362,,2023.10,09181,Landsberg am Lech,85662,,0,.,0,.,0,.,0,.,5.2,,3.8,,1.4,,0,-,Landkreis,803669334.545898,220162.735665796
1363,,2023.10,09180,Garmisch-Partenkirchen,53771,,0,.,0,.,0,.,0,.,3.8,,2.4,,1.4,,0,,Landkreis,1011920317.62012,202175.405901146
1364,,2023.10,09179,Fürstenfeldbruck,126955,,0,.,0,.,0,.,0,.,4.5,,2.8,,1.7,,0,,Landkreis,434651013.395508,150795.74162017
1365,,2023.10,09178,Freising,113282,,0,.,0,.,0,.,0,.,4.6,,3,,1.6,,0,,Landkreis,798505478.394531,198190.25752764
1366,,2023.10,09177,Erding,92654,,0,.,0,.,0,.,0,.,4.2,,2.7,,1.5,,0,,Landkreis,870824808.99707,184026.941276641
1367,,2023.10,09176,Eichstätt,88221,,0,.,0,.,0,.,0,.,3.8,,2.7,,1.1,,0,,Landkreis,1214365067.16309,307498.835164874
1368,,2023.10,09175,Ebersberg,88736,,0,.,0,.,0,.,0,.,5.5,,3.4,,2.2,,0,,Landkreis,549824040.4375,156850.433357146
1369,,2023.10,09174,Dachau,96187,,0,.,0,.,0,.,0,.,4.4,,2.7,,1.6,,0,-,Landkreis,579538659.702148,164328.110709436
1370,,2023.10,09173,Bad Tölz-Wolfratshausen,82921,,0,.,0,.,0,.,0,.,4.1,,2.6,,1.5,,0,,Landkreis,1111683344.53906,234990.022505886
1371,,2023.10,09172,Berchtesgadener Land,67882,,0,.,0,.,0,.,0,.,3.6,,2.4,,1.2,,0,-,Landkreis,839799161.021484,222421.730122155
1372,,2023.10,09171,Altötting,74558,,0,.,0,.,0,.,0,.,4.2,,2.7,,1.5,,0,-,Landkreis,569350849.804688,159866.861096235
1373,,2023.10,09163,Rosenheim,36464,,0,.,0,.,0,.,0,.,4.3,,2.6,,1.7,,0,,Kreisfreie Stadt,36954285.3867188,31415.2055751276
1374,,2023.10,09162,München,775200,,0,.,0,.,0,.,0,.,8.8,,4.3,,4.5,,0,,Kreisfreie Stadt,311418892.893555,113444.364599277
1375,,2023.10,09161,Ingolstadt,100124,,0,.,0,.,0,.,0,.,7.4,,4.9,,2.5,,0,,Kreisfreie Stadt,133437450.783203,76161.6928625865
1376,,2023.10,08437,Sigmaringen,90433,,0,.,0,.,0,.,0,.,3.8,,2.4,,1.4,,0,,Landkreis,1204677491.74121,292560.594124531
1377,,2023.10,08436,Ravensburg,188247,,0,.,0,.,0,.,0,.,4.5,,2.9,,1.6,,0,-,Landkreis,1631876151.00586,326018.877239601
1378,,2023.10,08435,Bodenseekreis,143487,,0,.,0,.,0,.,0,.,5.4,,2.9,,2.5,,0,,Landkreis,665234832.079102,196264.544875067
1379,,2023.10,08426,Biberach,138240,,0,.,0,.,0,.,0,.,4.2,,2.9,,1.3,,0,-,Landkreis,1409893821.0918,294123.862292792
1380,,2023.10,08425,Alb-Donau-Kreis,134459,,0,.,0,.,0,.,0,.,4.2,,2.8,,1.4,,0,,Landkreis,1357392728.38867,400613.419260071
1381,,2023.10,08421,Ulm,68204,,0,.,0,.,0,.,0,.,5.6,,3.4,,2.2,,0,,Stadtkreis,119244615.334961,90886.1258529902
1382,,2023.10,08417,Zollernalbkreis,132530,,0,.,0,.,0,.,0,.,4.1,,2.3,,1.8,,0,,Landkreis,917298672.389648,200702.700707429
1383,,2023.10,08416,Tübingen,130091,,0,.,0,.,0,.,0,.,5,,3,,2,,0,,Landkreis,519905356.571289,168209.697087106
1384,,2023.10,08415,Reutlingen,185209,,0,.,0,.,0,.,0,.,4.7,,2.6,,2,,0,,Landkreis,1092260476.94043,248486.106887773
1385,,2023.10,08337,Waldshut,111901,,0,.,0,.,0,.,0,.,4.5,,3,,1.4,,0,,Landkreis,1130807825.95508,276819.835436996
1386,,2023.10,08336,Lörrach,140184,,0,.,0,.,0,.,0,.,4.5,,3,,1.5,,0,,Landkreis,807128916.5625,166962.443862911
1387,,2023.10,08335,Konstanz,166419,,0,.,0,.,0,.,0,.,4.8,,3.1,,1.7,,0,,Landkreis,817527869.484375,301955.873771339
1388,,2023.10,08327,Tuttlingen,93147,,0,.,0,.,0,.,0,.,4.9,,2.7,,2.3,,0,,Landkreis,734058016.166992,181332.840700999
1389,,2023.10,08326,Schwarzwald-Baar-Kreis,136354,,0,.,0,.,0,.,0,.,4.3,,2.4,,1.9,,0,,Landkreis,1025911911.13281,230407.440447965
1390,,2023.10,08325,Rottweil,97750,,0,.,0,.,0,.,0,.,4.3,,2.5,,1.8,,0,-,Landkreis,769493816.008789,216136.447502954
1391,,2023.10,08317,Ortenaukreis,282868,,0,.,0,.,0,.,0,.,4.1,,2.7,,1.4,,0,,Landkreis,1859817895.98926,262096.114408608
1392,,2023.10,08316,Emmendingen,105441,,0,.,0,.,0,.,0,.,4,,2.7,,1.3,,0,,Landkreis,680398795.238281,172702.629780998
1393,,2023.10,08315,Breisgau-Hochschwarzwald,164318,,0,.,0,.,0,.,0,.,4.5,,3.1,,1.4,,0,,Landkreis,1377672370.40137,370399.271266305
1394,,2023.10,08311,Freiburg im Breisgau,95373,,0,.,0,.,0,.,0,.,5.1,,3.3,,1.9,,0,,Stadtkreis,153849224.488281,91014.02371589
1395,,2023.10,08237,Freudenstadt,81261,,0,.,0,.,0,.,0,.,4.3,,2.5,,1.8,,0,-,Landkreis,870890176.946289,218933.236918359
1396,,2023.10,08236,Enzkreis,137457,,0,.,0,.,0,.,0,.,4.9,,3,,1.9,,0,,Landkreis,573013700.561523,230073.925261016
1397,,2023.10,08235,Calw,110640,,0,.,0,.,0,.,0,.,5.5,,3.9,,1.7,,0,,Landkreis,797593878.895508,205429.753223687
1398,,2023.10,08231,Pforzheim,63934,,0,.,0,.,0,.,0,.,5,,2.7,,2.3,,0,,Stadtkreis,98240899.1787109,58511.2928561087
1399,,2023.10,08226,Rhein-Neckar-Kreis,361250,,0,.,0,.,0,.,0,.,6.2,,3.4,,2.8,,0,,Landkreis,1060897378.24121,376735.935318718
1400,,2023.10,08225,Neckar-Odenwald-Kreis,97990,,0,.,0,.,0,.,0,.,3.9,,2.4,,1.5,,0,-,Landkreis,1125803071.23047,245427.437803649
1401,,2023.10,08222,Mannheim,157835,,0,.,0,.,0,.,0,.,5.5,,2.8,,2.6,,0,,Stadtkreis,145282582.120117,66145.7280531458
1402,,2023.10,08221,Heidelberg,61313,,0,.,0,.,0,.,0,.,5.5,,3.1,,2.4,,0,,Stadtkreis,109177300.727539,67290.2437024899
1403,,2023.10,08216,Rastatt,154674,,0,.,0,.,0,.,0,.,4.8,,2.9,,1.9,,0,,Landkreis,738745337.001953,298562.837436705
1404,,2023.10,08215,Karlsruhe,288359,,0,.,0,.,0,.,0,.,4.6,,2.9,,1.7,,0,,Landkreis,1084489419.02441,286288.605541561
1405,,2023.10,08212,Karlsruhe,141685,,0,.,0,.,0,.,0,.,6.3,,3.7,,2.6,,0,,Stadtkreis,174089896.172852,81609.5077277984
1406,,2023.10,08211,Baden-Baden,36300,,0,.,0,.,0,.,0,.,5.7,,3.4,,2.3,,0,,Stadtkreis,139961040.21582,98183.8804621679
1407,,2023.10,08136,Ostalbkreis,212633,,0,.,0,.,0,.,0,.,4.3,,2.4,,1.8,,0,,Landkreis,1510452892.5166,349788.857320175
1408,,2023.10,08135,Heidenheim,87580,,0,.,0,.,0,.,0,.,3.5,,2,,1.5,,0,,Landkreis,627374007.889648,235445.457306892
1409,,2023.10,08128,Main-Tauber-Kreis,92711,,0,.,0,.,0,.,0,.,3.7,,2.2,,1.5,,0,-,Landkreis,1304839178.17285,358765.85369454
1410,,2023.10,08127,Schwäbisch Hall,136513,,0,.,0,.,0,.,0,.,4.4,,2.7,,1.6,,0,,Landkreis,1483983603.97168,341804.115831159
1411,,2023.10,08126,Hohenlohekreis,87578,,0,.,0,.,0,.,0,.,4.8,,3.2,,1.5,,0,,Landkreis,777128184.59375,231938.728929931
1412,,2023.10,08125,Heilbronn,256330,,0,.,0,.,0,.,0,.,4.6,,2.8,,1.8,,0,,Landkreis,1098643452.9082,359071.410841577
1413,,2023.10,08121,Heilbronn,69571,,0,.,0,.,0,.,0,.,4.7,,2.4,,2.3,,0,,Stadtkreis,100623181.72168,67074.2189974283
1414,,2023.10,08119,Rems-Murr-Kreis,273764,,0,.,0,.,0,.,0,.,5.2,,3,,2.2,,0,,Landkreis,857365536.928711,214668.079545342
1415,,2023.10,08118,Ludwigsburg,339442,,0,.,0,.,0,.,0,.,5.5,,3,,2.5,,0,,Landkreis,686632531.452148,212148.528068176
1416,,2023.10,08117,Göppingen,171216,,0,.,0,.,0,.,0,.,4.6,,2.7,,1.9,,0,,Landkreis,642609816.006836,194509.684601541
1417,,2023.10,08116,Esslingen,345559,,0,.,0,.,0,.,0,.,6.3,,3.8,,2.5,,0,,Landkreis,639790912.260742,192186.178502883
1418,,2023.10,08115,Böblingen,264657,,0,.,0,.,0,.,0,.,9,,4.7,,4.2,,0,,Landkreis,617166961.571289,192935.175303125
1419,,2023.10,08111,Stuttgart,301057,,0,.,0,.,0,.,0,.,9.8,,4.7,,5.2,,0,,Stadtkreis,209953423.669922,96275.2293088448
1420,,2023.10,07340,Südwestpfalz,68411,,0,.,0,.,0,.,0,.,3.3,,2,,1.3,,0,,Landkreis,954113160.211914,287839.002459541
1421,,2023.10,07339,Mainz-Bingen,144808,,0,.,0,.,0,.,0,.,4.4,,2.9,,1.5,,0,-,Landkreis,605620457.03125,228891.65320828
1422,,2023.10,07338,Rhein-Pfalz-Kreis,103243,,0,.,0,.,0,.,0,.,3.7,,2.4,,1.3,,0,,Landkreis,304388992.862305,182456.8069609
1423,,2023.10,07337,Südliche Weinstraße,79203,,0,.,0,.,0,.,0,.,4,,2.7,,1.3,,0,-,Landkreis,639681013.71582,271814.586706335
1424,,2023.10,07336,Kusel,48204,,0,.,0,.,0,.,0,.,2.6,,1.6,,1,,0,-,Landkreis,573837615.500977,183994.7760021
1425,,2023.10,07335,Kaiserslautern,70345,,0,.,0,.,0,.,0,.,3.7,,2.3,,1.4,,0,-,Landkreis,640571447.892578,268252.938579891
1426,,2023.10,07334,Germersheim,85122,,0,.,0,.,0,.,0,.,4,,2.4,,1.5,,0,,Landkreis,463330213.0625,139027.58003438
1427,,2023.10,07333,Donnersbergkreis,51923,,0,.,0,.,0,.,0,.,3.6,,2.4,,1.1,,0,,Landkreis,644631752.258789,159577.632166307
1428,,2023.10,07332,Bad Dürkheim,93107,,0,.,0,.,0,.,0,.,4.2,,2.8,,1.5,,0,-,Landkreis,593988929.787109,196085.16675297
1429,,2023.10,07331,Alzey-Worms,88232,,0,.,0,.,0,.,0,.,3.9,,2.6,,1.3,,0,-,Landkreis,588117875.958984,189546.478189532
1430,,2023.10,07320,Zweibrücken,21811,,0,.,0,.,0,.,0,.,4,,2.4,,1.7,,0,-,Kreisfreie Stadt,70802893.0361328,59253.9537753324
1431,,2023.10,07319,Worms,46545,,0,.,0,.,0,.,0,.,3.7,,2.1,,1.6,,0,-,Kreisfreie Stadt,108771236.600586,73957.693231704
1432,,2023.10,07318,Speyer,29991,,0,.,0,.,0,.,0,.,3.9,,2.4,,1.5,,0,-,Kreisfreie Stadt,42871205.4169922,40161.5178323398
1433,,2023.10,07317,Pirmasens,23378,,0,.,0,.,0,.,0,.,3.9,,2.1,,1.8,,0,-,Kreisfreie Stadt,61586073.3691406,48933.9179410104
1434,,2023.10,07316,Neustadt an der Weinstraße,33722,,0,.,0,.,0,.,0,.,4.4,,2.9,,1.5,,0,-,Kreisfreie Stadt,117196960.166016,74425.9014137383
1435,,2023.10,07315,Mainz,101443,,0,.,0,.,0,.,0,.,4.9,,2.8,,2.1,,0,,Kreisfreie Stadt,97639723.5410156,62475.8854668958
1436,,2023.10,07314,Ludwigshafen am Rhein,85165,,0,.,0,.,0,.,0,.,4.5,,2.3,,2.2,,0,,Kreisfreie Stadt,78001717.6855469,51846.815686425
1437,,2023.10,07313,Landau in der Pfalz,28400,,0,.,0,.,0,.,0,.,5.3,,3,,2.2,,0,-,Kreisfreie Stadt,82985492.3359375,87908.82313436
1438,,2023.10,07312,Kaiserslautern,50221,,0,.,0,.,0,.,0,.,5.2,,2.9,,2.2,,0,,Kreisfreie Stadt,140338623.198242,76154.15074223
1439,,2023.10,07311,Frankenthal (Pfalz),27144,,0,.,0,.,0,.,0,.,3.5,,1.7,,1.8,,0,-,Kreisfreie Stadt,43781479.5527344,41147.8587057006
1440,,2023.10,07233,Vulkaneifel,43128,,0,.,0,.,0,.,0,.,3.4,,2,,1.4,,0,-,Landkreis,911674505.946289,257481.984540412
1441,,2023.10,07232,Eifelkreis Bitburg-Prüm,70070,,0,.,0,.,0,.,0,.,3.6,,2.4,,1.2,,0,,Landkreis,1627922517.46289,260563.165497522
1442,,2023.10,07231,Bernkastel-Wittlich,77630,,0,.,0,.,0,.,0,.,3.7,,2.3,,1.4,,0,-,Landkreis,1168681557.4209,212499.209410563
1443,,2023.10,07211,Trier,158021,,0,.,0,.,0,.,0,.,4.5,,2.9,,1.6,,0,-,Kreisfreie Stadt,1220946433.32129,239144.771120695
1444,,2023.10,07143,Westerwaldkreis,142479,,0,.,0,.,0,.,0,.,4.5,,2.8,,1.8,,0,-,Landkreis,990180403.595703,258826.416348373
1445,,2023.10,07141,Rhein-Lahn-Kreis,82003,,0,.,0,.,0,.,0,.,3.8,,2.4,,1.4,,0,,Landkreis,781516859.424805,212678.488053315
1446,,2023.10,07140,Rhein-Hunsrück-Kreis,73130,,0,.,0,.,0,.,0,.,3.7,,2.4,,1.2,,0,-,Landkreis,991218488.785156,222923.974650335
1447,,2023.10,07138,Neuwied,123925,,0,.,0,.,0,.,0,.,3.9,,2.3,,1.7,,0,-,Landkreis,627652391.993164,179551.528669657
1448,,2023.10,07137,Mayen-Koblenz,143458,,0,.,0,.,0,.,0,.,4,,2.4,,1.7,,0,,Landkreis,816507263.657227,280699.935462887
1449,,2023.10,07135,Cochem-Zell,42764,,0,.,0,.,0,.,0,.,3.8,,2.5,,1.3,,0,,Landkreis,693071688.401367,185715.450794408
1450,,2023.10,07134,Birkenfeld,53394,,0,.,0,.,0,.,0,.,2.7,,1.6,,1.1,,0,-,Landkreis,776624723.824219,174346.642558535
1451,,2023.10,07133,Bad Kreuznach,103080,,0,.,0,.,0,.,0,.,3.7,,2.3,,1.4,,0,-,Landkreis,864147548.796875,190511.509267926
1452,,2023.10,07132,Altenkirchen (Westerwald),86737,,0,.,0,.,0,.,0,.,4,,2.3,,1.7,,0,,Landkreis,641192280.124023,226666.627454279
1453,,2023.10,07131,Ahrweiler,87208,,0,.,0,.,0,.,0,.,3.6,,2.1,,1.5,,0,,Landkreis,787045522.314453,198523.740877045
1454,,2023.10,07111,Koblenz,64585,,0,.,0,.,0,.,0,.,5.7,,2.7,,3,,0,,Kreisfreie Stadt,105904244.056641,60287.0431391488
1455,,2023.10,06636,Werra-Meißner-Kreis,63756,,0,.,0,.,0,.,0,.,3.3,,2.1,,1.2,,0,,Landkreis,1024390382.30957,277652.532707859
1456,,2023.10,06635,Waldeck-Frankenberg,107468,,0,.,0,.,0,.,0,.,3.7,,2.5,,1.2,,0,-,Landkreis,1847907077.81836,315498.946529771
1457,,2023.10,06634,Schwalm-Eder-Kreis,122020,,0,.,0,.,0,.,0,.,3.8,,2.7,,1.1,,0,-,Landkreis,1539557454.19043,265332.770302823
1458,,2023.10,06633,Kassel,153650,,0,.,0,.,0,.,0,.,4.7,,3.1,,1.6,,0,,Landkreis,1294912578.55566,372267.148483234
1459,,2023.10,06632,Hersfeld-Rotenburg,80856,,0,.,0,.,0,.,0,.,3.1,,2,,1.1,,0,-,Landkreis,1097989054.38477,239660.411478028
1460,,2023.10,06631,Fulda,147682,,0,.,0,.,0,.,0,.,4.2,,2.7,,1.5,,0,-,Landkreis,1381379533.09277,249554.88527543
1461,,2023.10,06611,Kassel,91655,,0,.,0,.,0,.,0,.,5.5,,3.2,,2.2,,0,,Kreisfreie Stadt,104921361.786133,63284.3782922191
1462,,2023.10,06535,Vogelsbergkreis,73500,,0,.,0,.,0,.,0,.,3.3,,2.1,,1.2,,0,-,Landkreis,1458289489.31641,281352.484060151
1463,,2023.10,06534,Marburg-Biedenkopf,146846,,0,.,0,.,0,.,0,.,3.6,,2.5,,1.2,,0,,Landkreis,1262136369.50879,219577.755636121
1464,,2023.10,06533,Limburg-Weilburg,115471,,0,.,0,.,0,.,0,.,4.5,,2.7,,1.8,,0,,Landkreis,738799141.473633,172150.712110974
1465,,2023.10,06532,Lahn-Dill-Kreis,167075,,0,.,0,.,0,.,0,.,4,,2.2,,1.7,,0,,Landkreis,1065703391.12305,219282.031563173
1466,,2023.10,06531,Gießen,158230,,0,.,0,.,0,.,0,.,4.4,,2.6,,1.7,,0,,Landkreis,855487307.994141,217540.28512267
1467,,2023.10,06440,Wetteraukreis,198314,,0,.,0,.,0,.,0,.,4.4,,2.6,,1.8,,0,,Landkreis,1100715408.88379,263849.646027959
1468,,2023.10,06439,Rheingau-Taunus-Kreis,123850,,0,.,0,.,0,.,0,.,4.8,,2.9,,1.9,,0,,Landkreis,811919270.723633,202814.412874961
1469,,2023.10,06438,Offenbach,221893,,0,.,0,.,0,.,0,.,4.2,,2.3,,1.9,,0,,Landkreis,356325742.489258,116884.314834115
1470,,2023.10,06437,Odenwaldkreis,63830,,0,.,0,.,0,.,0,.,3.6,,2.2,,1.5,,0,-,Landkreis,624772037.275391,175001.809901493
1471,,2023.10,06436,Main-Taunus-Kreis,190572,,0,.,0,.,0,.,0,.,5,,2.5,,2.5,,0,,Landkreis,221572678.726563,117470.580064287
1472,,2023.10,06435,Main-Kinzig-Kreis,265705,,0,.,0,.,0,.,0,.,3.8,,2.2,,1.5,,0,,Landkreis,1396882132.06348,301311.443067471
1473,,2023.10,06434,Hochtaunuskreis,168117,,0,.,0,.,0,.,0,.,5.7,,3.3,,2.4,,0,,Landkreis,480907993.546875,149540.699349362
1474,,2023.10,06433,Groß-Gerau,159012,,0,.,0,.,0,.,0,.,4.3,,2.3,,2.1,,0,,Landkreis,453325723.345703,139558.201442013
1475,,2023.10,06432,Darmstadt-Dieburg,191298,,0,.,0,.,0,.,0,.,4.4,,2.7,,1.7,,0,,Landkreis,658153392.793945,213944.367990509
1476,,2023.10,06431,Bergstraße,177834,,0,.,0,.,0,.,0,.,4.4,,2.6,,1.8,,0,,Landkreis,718875616.819336,230665.645395089
1477,,2023.10,06414,Wiesbaden,243744,,0,.,0,.,0,.,0,.,19.4,,11.8,,7.5,,0,,Kreisfreie Stadt,203813810.47168,76452.2375274593
1478,,2023.10,06413,Offenbach am Main,59811,,0,.,0,.,0,.,0,.,5.1,,2.6,,2.2,,0.3,,Kreisfreie Stadt,45319131.9121094,40703.3801450091
1479,,2023.10,06412,Frankfurt am Main,344161,,0,.,0,.,0,.,0,.,8.7,,3.7,,5,,0,,Kreisfreie Stadt,248120855.9375,107738.706029347
1480,,2023.10,06411,Darmstadt,73588,,0,.,0,.,0,.,0,.,6.3,,3.5,,2.8,,0,,Kreisfreie Stadt,122738117.188477,62500.6786556625
1481,,2023.10,05978,Unna,244426,,0,.,0,.,0,.,0,.,4.1,,2.4,,1.7,,0,,Kreis,542824039.868164,199548.421166447
1482,,2023.10,05974,Soest,196969,,0,.,0,.,0,.,0,.,4.9,,3,,1.9,,0,,Kreis,1329390562.89063,220152.441730781
1483,,2023.10,05970,Siegen-Wittgenstein,180130,,0,.,0,.,0,.,0,.,4.6,,2.5,,2.1,,0,,Kreis,1134040384.64648,221838.742179044
1484,,2023.10,05966,Olpe,92368,,0,.,0,.,0,.,0,.,4.6,,2.5,,2,,0,,Kreis,711944622.895508,191915.420333218
1485,,2023.10,05962,Märkischer Kreis,258304,,0,.,0,.,0,.,0,.,4,,2.1,,1.9,,0,,Kreis,1060666564.4502,204522.776842104
1486,,2023.10,05958,Hochsauerlandkreis,173043,,0,.,0,.,0,.,0,.,4.4,,2.7,,1.7,,0,-,Kreis,1960082964.80859,346919.353405294
1487,,2023.10,05954,Ennepe-Ruhr-Kreis,202983,,0,.,0,.,0,.,0,.,4.3,,2.4,,1.9,,0,,Kreis,410907296.693359,167823.691284811
1488,,2023.10,05916,Herne,79233,,0,.,0,.,0,.,0,.,3,,1.5,,1.5,,0,,Kreisfreie Stadt,51509648.4521484,39643.8392912932
1489,,2023.10,05915,Hamm,100583,,0,.,0,.,0,.,0,.,3.7,,2.3,,1.4,,0,,Kreisfreie Stadt,227720983.532227,93458.3884714458
1490,,2023.10,05914,Hagen,100230,,0,.,0,.,0,.,0,.,3.6,,1.9,,1.7,,0,,Kreisfreie Stadt,160316710.286133,85106.2549919045
1491,,2023.10,05913,Dortmund,299586,,0,.,0,.,0,.,0,.,4.7,,2.4,,2.2,,0,,Kreisfreie Stadt,279662802.373047,98303.0284601238
1492,,2023.10,05911,Bochum,215630,,0,.,0,.,0,.,0,.,5,,2.7,,2.3,,0,,Kreisfreie Stadt,144803780.694336,64025.0873014356
1493,,2023.10,05774,Paderborn,190522,,0,.,0,.,0,.,0,.,5.4,,3.6,,1.8,,0,,Kreis,1246777280.7627,204588.642993027
1494,,2023.10,05770,Minden-Lübbecke,209018,,0,.,0,.,0,.,0,.,4.3,,2.8,,1.5,,0,-,Kreis,1151990376.89063,261061.025532273
1495,,2023.10,05766,Lippe,221542,,0,.,0,.,0,.,0,.,4.2,,2.7,,1.5,,0,,Kreis,1245878538.81934,235200.589696812
1496,,2023.10,05762,Höxter,92328,,0,.,0,.,0,.,0,.,4.1,,2.7,,1.4,,0,-,Kreis,1200707448.32422,216307.222826842
1497,,2023.10,05758,Herford,166718,,0,.,0,.,0,.,0,.,4.9,,3,,1.8,,0,,Kreis,450726367.121094,152051.688893975
1498,,2023.10,05754,Gütersloh,239039,,0,.,0,.,0,.,0,.,4.9,,3.1,,1.8,,0,,Kreis,969612643.183594,211345.177555524
1499,,2023.10,05711,Bielefeld,180334,,0,.,0,.,0,.,0,.,5.7,,3.8,,1.9,,0,,Kreisfreie Stadt,259184268.935547,98214.7178138864
1500,,2023.10,05570,Warendorf,178739,,0,.,0,.,0,.,0,.,4.2,,2.8,,1.3,,0,,Kreis,1318578231.76758,239020.016740479
1501,,2023.10,05566,Steinfurt,283788,,0,.,0,.,0,.,0,.,4.8,,3.2,,1.6,,0,,Kreis,1795416420.94824,253521.367273162
1502,,2023.10,05562,Recklinghausen,362646,,0,.,0,.,0,.,0,.,3.5,,2,,1.5,,0,,Kreis,761405655.898438,195517.150872042
1503,,2023.10,05558,Coesfeld,144379,,0,.,0,.,0,.,0,.,4.6,,3.1,,1.5,,0,,Kreis,1112317887.10254,218543.143405152
1504,,2023.10,05554,Borken,235146,,0,.,0,.,0,.,0,.,5.3,,3.4,,1.8,,0,,Kreis,1421361804.71777,271032.558216467
1505,,2023.10,05515,Münster,151572,,0,.,0,.,0,.,0,.,6.1,,3.7,,2.4,,0,,Kreisfreie Stadt,303536651.791016,104146.926446906
1506,,2023.10,05513,Gelsenkirchen,125442,,0,.,0,.,0,.,0,.,3.3,,1.7,,1.5,,0,,Kreisfreie Stadt,105321074.493164,57216.534225466
1507,,2023.10,05512,Bottrop,70366,,0,.,0,.,0,.,0,.,3.6,,2.1,,1.6,,0,,Kreisfreie Stadt,100248242.984375,57675.0683142118
1508,,2023.10,05382,Rhein-Sieg-Kreis,376523,,0,.,0,.,0,.,0,.,4.1,,2.4,,1.7,,0,,Kreis,1152349724.42285,315908.196767241
1509,,2023.10,05378,Rheinisch-Bergischer Kreis,185834,,0,.,0,.,0,.,0,.,5.2,,3.1,,2.1,,0,,Kreis,438100913.793945,166197.113748431
1510,,2023.10,05374,Oberbergischer Kreis,183641,,0,.,0,.,0,.,0,.,4.3,,2.5,,1.8,,0,-,Kreis,918229534.572266,223732.776465669
1511,,2023.10,05370,Heinsberg,168401,,0,.,0,.,0,.,0,.,4,,2.4,,1.6,,0,,Kreis,627392069.150391,166228.096673107
1512,,2023.10,05366,Euskirchen,159776,,0,.,0,.,0,.,0,.,7,,5.3,,1.7,,0,-,Kreis,1250281279.92773,290405.800465605
1513,,2023.10,05362,Rhein-Erft-Kreis,290684,,0,.,0,.,0,.,0,.,4.3,,2.4,,1.9,,0,,Kreis,703016562.010742,194838.575207755
1514,,2023.10,05358,Düren,169094,,0,.,0,.,0,.,0,.,4.4,,2.8,,1.6,,0,,Kreis,940371029.933594,239403.533273169
1515,,2023.10,05334,Städteregion Aachen,303228,,0,.,0,.,0,.,0,.,5,,2.9,,2.1,,0,,Kreis,704441130.219727,270249.499551821
1516,,2023.10,05316,Leverkusen,92255,,0,.,0,.,0,.,0,.,5.2,,2.6,,2.7,,0,,Kreisfreie Stadt,78780864.5332031,52325.2401412013
1517,,2023.10,05315,Köln,496689,,0,.,0,.,0,.,0,.,6.1,,2.7,,3.4,,0,,Kreisfreie Stadt,406768174.274414,122756.879624915
1518,,2023.10,05314,Bonn,174943,,0,.,0,.,0,.,0,.,5.7,,3.3,,2.4,,0,,Kreisfreie Stadt,141610673.71582,65631.2890915728
1519,,2023.10,05170,Wesel,295394,,0,.,0,.,0,.,0,.,4.1,,2.6,,1.6,,0,,Kreis,1042254695.52344,236903.50644036
1520,,2023.10,05166,Viersen,193904,,0,.,0,.,0,.,0,.,4,,2.5,,1.5,,0,,Kreis,563607848.28418,149013.658961646
1521,,2023.10,05162,Rhein-Kreis Neuss,280916,,0,.,0,.,0,.,0,.,4.5,,2.6,,2,,0,,Kreis,576484962.40332,171376.374023709
1522,,2023.10,05158,Mettmann,302377,,0,.,0,.,0,.,0,.,5.3,,3,,2.3,,0,,Kreis,407951393.454102,178740.284376613
1523,,2023.10,05154,Kleve,202273,,0,.,0,.,0,.,0,.,3.8,,2.3,,1.5,,0,,Kreis,1233480468.46582,273797.765568249
1524,,2023.10,05124,Wuppertal,179758,,0,.,0,.,0,.,0,.,4.4,,2.4,,2,,0,,Kreisfreie Stadt,168439928.404297,87139.7015602039
1525,,2023.10,05122,Solingen,94300,,0,.,0,.,0,.,0,.,5,,3,,2,,0,,Kreisfreie Stadt,88995921.1865234,60702.010830767
1526,,2023.10,05120,Remscheid,64283,,0,.,0,.,0,.,0,.,4.5,,2.4,,2.2,,0,,Kreisfreie Stadt,74084053.7412109,46566.6416204877
1527,,2023.10,05119,Oberhausen,113902,,0,.,0,.,0,.,0,.,3.6,,1.9,,1.6,,0,,Kreisfreie Stadt,77442381.3349609,47165.0388934437
1528,,2023.10,05117,Mülheim an der Ruhr,95507,,0,.,0,.,0,.,0,.,4.5,,2.3,,2.2,,0,,Kreisfreie Stadt,91288609.5791016,47771.7305814314
1529,,2023.10,05116,Mönchengladbach,144273,,0,.,0,.,0,.,0,.,4.2,,2.3,,1.9,,0,,Kreisfreie Stadt,170626170.893555,84169.1695040052
1530,,2023.10,05114,Krefeld,122818,,0,.,0,.,0,.,0,.,4.1,,2.3,,1.8,,0,,Kreisfreie Stadt,136588715.342773,63616.6954308927
1531,,2023.10,05113,Essen,297647,,0,.,0,.,0,.,0,.,5.1,,2.4,,2.6,,0,,Kreisfreie Stadt,210457058.47168,81440.8394355414
1532,,2023.10,05112,Duisburg,239624,,0,.,0,.,0,.,0,.,3.1,,1.7,,1.4,,0,,Kreisfreie Stadt,233192439.330078,95785.9402818368
1533,,2023.10,05111,Düsseldorf,323183,,0,.,0,.,0,.,0,.,7.7,,3.3,,4.4,,0,,Kreisfreie Stadt,217546071.861328,112285.366144823
1534,,2023.10,04012,Bremerhaven,52297,,0,.,0,.,0,.,0,.,3.3,,1.9,,1.4,,0,,Kreisfreie Stadt,94128150.2773438,77653.3498236271
1535,,2023.10,04011,Bremen,248239,,0,.,0,.,0,.,0,.,4.3,,2.3,,2,,0,,Kreisfreie Stadt,326188860.736328,152668.942381665
1536,,2023.10,03462,Wittmund,37602,,0,.,0,.,0,.,0,.,2.6,,1.7,,0.9,,0,-,Landkreis,660805508.28125,237460.49211554
1537,,2023.10,03461,Wesermarsch,54625,,0,.,0,.,0,.,0,.,3.1,,2,,1,,0,-,Landkreis,827952082.020508,201926.225735977
1538,,2023.10,03460,Vechta,91830,,0,.,0,.,0,.,0,.,5.2,,3.4,,1.7,,0,,Landkreis,813816410.000977,175258.930309861
1539,,2023.10,03459,Osnabrück,237866,,0,.,0,.,0,.,0,.,4.2,,2.8,,1.4,,0,,Landkreis,2121066219.41406,375663.605339353
1540,,2023.10,03458,Oldenburg,86931,,0,.,0,.,0,.,0,.,4,,2.6,,1.4,,0,,Landkreis,1065025726.70703,198207.041247946
1541,,2023.10,03457,Leer,107196,,0,.,0,.,0,.,0,.,3.3,,2.2,,1.1,,0,,Landkreis,1089662558.6543,230485.427283503
1542,,2023.10,03456,Grafschaft Bentheim,88253,,0,.,0,.,0,.,0,.,4.8,,3,,1.8,,0,-,Landkreis,982099052.395508,194064.715881315
1543,,2023.10,03455,Friesland,67875,,0,.,0,.,0,.,0,.,3.4,,2.4,,1.1,,0,,Landkreis,618912788.368164,207826.195154195
1544,,2023.10,03454,Emsland,212393,,0,.,0,.,0,.,0,.,4.6,,3.1,,1.5,,0,,Landkreis,2883746490.64648,300655.969692117
1545,,2023.10,03453,Cloppenburg,107514,,0,.,0,.,0,.,0,.,4,,2.7,,1.4,,0,,Landkreis,1421047102.89844,228211.076254937
1546,,2023.10,03452,Aurich,121067,,0,.,0,.,0,.,0,.,3.4,,2.3,,1.1,,0,,Landkreis,1298652890.11816,359604.750190608
1547,,2023.10,03451,Ammerland,82659,,0,.,0,.,0,.,0,.,4,,2.6,,1.3,,0,-,Landkreis,730131105.62207,153874.205387695
1548,,2023.10,03405,Wilhelmshaven,40326,,0,.,0,.,0,.,0,.,2.7,,1.5,,1.2,,0,,Kreisfreie Stadt,108248172.838867,56249.714135824
1549,,2023.10,03404,Osnabrück,89107,,0,.,0,.,0,.,0,.,5.6,,3.3,,2.3,,0,,Kreisfreie Stadt,120208161.90625,72502.7445112705
1550,,2023.10,03403,Oldenburg (Oldb),90876,,0,.,0,.,0,.,0,.,5.8,,3.5,,2.3,,0,,Kreisfreie Stadt,103735226.646484,51943.3296956358
1551,,2023.10,03402,Emden,25490,,0,.,0,.,0,.,0,.,4.1,,2.8,,1.3,,0,,Kreisfreie Stadt,111796448.801758,67063.655941761
1552,,2023.10,03401,Delmenhorst,43066,,0,.,0,.,0,.,0,.,3.1,,1.8,,1.3,,0,,Kreisfreie Stadt,62467798.5947266,46257.9381557184
1553,,2023.10,03361,Verden,89360,,0,.,0,.,0,.,0,.,3.8,,2.4,,1.4,,0,,Landkreis,789081710.703125,224811.846339036
1554,,2023.10,03360,Uelzen,58670,,0,.,0,.,0,.,0,.,4.1,,2.6,,1.5,,0,-,Landkreis,1462207700.17188,220612.035508098
1555,,2023.10,03359,Stade,129283,,0,.,0,.,0,.,0,.,4,,2.5,,1.6,,0,-,Landkreis,1269075763.50293,265280.850857743
1556,,2023.10,03358,Heidekreis,91038,,0,.,0,.,0,.,0,.,3.2,,2.1,,1.1,,0,,Landkreis,1881746242.97168,365225.831866227
1557,,2023.10,03357,Rotenburg (Wümme),120806,,0,.,0,.,0,.,0,.,4.1,,2.8,,1.3,,0,,Landkreis,2073801406.19531,353552.266818007
1558,,2023.10,03356,Osterholz,74966,,0,.,0,.,0,.,0,.,3.8,,2.6,,1.2,,0,,Landkreis,653279865,179710.225107181
1559,,2023.10,03355,Lüneburg,108200,,0,.,0,.,0,.,0,.,4.6,,3.1,,1.5,,0,,Landkreis,1327357220.72852,318554.960422675
1560,,2023.10,03354,Lüchow-Dannenberg,31833,,0,.,0,.,0,.,0,.,3.3,,2.2,,1.1,,0,-,Landkreis,1226546093.60547,227707.256898562
1561,,2023.10,03353,Harburg,171901,,0,.,0,.,0,.,0,.,4.2,,2.7,,1.6,,0,,Landkreis,1249117601.8291,256626.86543829
1562,,2023.10,03352,Cuxhaven,128943,,0,.,0,.,0,.,0,.,3,,1.9,,1.1,,0,,Landkreis,2058739992.30664,308454.913252573
1563,,2023.10,03351,Celle,113107,,0,.,0,.,0,.,0,.,3.8,,2.3,,1.5,,0,,Landkreis,1550684013.71582,246181.705103521
1564,,2023.10,03257,Schaumburg,104620,,0,.,0,.,0,.,0,.,3.7,,2.6,,1.1,,0,-,Landkreis,676300755.381836,206397.981008128
1565,,2023.10,03256,Nienburg (Weser),80084,,0,.,0,.,0,.,0,.,3.5,,2.4,,1.2,,0,,Landkreis,1400917922.84375,317688.390120049
1566,,2023.10,03255,Holzminden,45900,,0,.,0,.,0,.,0,.,3.1,,1.8,,1.3,,0,-,Landkreis,694472629.105469,189171.307052356
1567,,2023.10,03254,Hildesheim,164299,,0,.,0,.,0,.,0,.,3.8,,2.4,,1.4,,0,,Landkreis,1207789320.64551,251154.965666091
1568,,2023.10,03252,Hameln-Pyrmont,94392,,0,.,0,.,0,.,0,.,3.6,,2.3,,1.3,,0,,Landkreis,797764574.958984,210020.338817558
1569,,2023.10,03251,Diepholz,146144,,0,.,0,.,0,.,0,.,4.2,,2.6,,1.5,,0,,Landkreis,1991034474.31836,308652.494010019
1570,,2023.10,03241,Region Hannover,598540,,0,.,0,.,0,.,0,.,4.7,,2.8,,1.8,,0,,Landkreis,2297326127.13477,379374.837502092
1571,,2023.10,03159,Göttingen,186494,,0,.,0,.,0,.,0,.,4,,2.5,,1.5,,0,,Landkreis,1754861833.00781,385590.386200199
1572,,2023.10,03158,Wolfenbüttel,76686,,0,.,0,.,0,.,0,.,3.9,,2.8,,1.1,,0,,Landkreis,724065535.433594,215640.850159417
1573,,2023.10,03157,Peine,87404,,0,.,0,.,0,.,0,.,3.9,,2.8,,1.1,,0,,Landkreis,536101104.076172,149602.771432759
1574,,2023.10,03155,Northeim,90121,,0,.,0,.,0,.,0,.,3.9,,2.6,,1.3,,0,-,Landkreis,1269651774.30176,228982.313706335
1575,,2023.10,03154,Helmstedt,57347,,0,.,0,.,0,.,0,.,3.7,,2.6,,1.1,,0,,Landkreis,675687788.225586,231289.034806608
1576,,2023.10,03153,Goslar,80977,,0,.,0,.,0,.,0,.,3.4,,2.1,,1.3,,0,-,Landkreis,969210805.345703,233890.968622506
1577,,2023.10,03151,Gifhorn,111769,,0,.,0,.,0,.,0,.,4.2,,3,,1.1,,0,,Landkreis,1569205053.24512,282161.609724976
1578,,2023.10,03103,Wolfsburg,120948,,0,.,0,.,0,.,0,.,9.2,,6.7,,2.5,,0,-,Kreisfreie Stadt,204942168.826172,91494.3940080182
1579,,2023.10,03102,Salzgitter,56823,,0,.,0,.,0,.,0,.,2.6,,1.6,,1,,0,-,Kreisfreie Stadt,225241578.612305,109481.843532545
1580,,2023.10,03101,Braunschweig,148348,,0,.,0,.,0,.,0,.,7.5,,5.2,,2.2,,0,,Kreisfreie Stadt,192263016.94043,96253.2221066206
1581,,2023.10,02000,Hamburg,817419,,0,.,0,.,0,.,0,.,6.4,,3.4,,3,,0,,Kreisfreie Stadt,752486078.693359,218319.223917463
1582,,2023.10,01062,Stormarn,156603,,0,.,0,.,0,.,0,.,4.9,,3,,1.9,,0,,Kreis,766059006.546875,254492.948218965
1583,,2023.10,01061,Steinburg,83968,,0,.,0,.,0,.,0,.,3.4,,2.5,,1,,0,,Kreis,1055624123.08594,193429.843760563
1584,,2023.10,01060,Segeberg,174817,,0,.,0,.,0,.,0,.,4.4,,2.7,,1.6,,0,,Kreis,1345767960.55859,287287.284105907
1585,,2023.10,01059,Schleswig-Flensburg,134139,,0,.,0,.,0,.,0,.,4,,2.9,,1,,0,,Kreis,2070852562.36133,356669.588409604
1586,,2023.10,01058,Rendsburg-Eckernförde,180039,,0,.,0,.,0,.,0,.,4.3,,3.1,,1.2,,0,,Kreis,2188406603.16406,351411.986073704
1587,,2023.10,01057,Plön,82843,,0,.,0,.,0,.,0,.,4,,2.8,,1.2,,0,,Kreis,1083370335.23828,228552.625170368
1588,,2023.10,01056,Pinneberg,181441,,0,.,0,.,0,.,0,.,4.4,,2.7,,1.7,,0,,Kreis,663713966.863281,158271.717662983
1589,,2023.10,01055,Ostholstein,131633,,0,.,0,.,0,.,0,.,3.7,,2.4,,1.3,,0,-,Kreis,1394318441.49023,334074.13334403
1590,,2023.10,01054,Nordfriesland,108098,,0,.,0,.,0,.,0,.,5.2,,3.8,,1.3,,0.1,,Kreis,2090311784.12012,636064.144512072
1591,,2023.10,01053,Herzogtum Lauenburg,122594,,0,.,0,.,0,.,0,.,3.9,,2.6,,1.4,,0,,Kreis,1262927896.33203,256458.727199694
1592,,2023.10,01051,Dithmarschen,84319,,0,.,0,.,0,.,0,.,3.2,,2.3,,0.9,,0,,Kreis,1443991936.72363,245572.111008473
1593,,2023.10,01004,Neumünster,43624,,0,.,0,.,0,.,0,.,4.5,,2.9,,1.6,,0,,Kreisfreie Stadt,71631910.9277344,54213.2416336757
1594,,2023.10,01003,Lübeck,102402,,0,.,0,.,0,.,0,.,4,,2.3,,1.7,,0,-,Kreisfreie Stadt,211688220.145508,146471.981758647
1595,,2023.10,01002,Kiel,111840,,0,.,0,.,0,.,0,.,4.3,,2.6,,1.6,,0,,Kreisfreie Stadt,119698137.066406,84659.240789817
1596,,2023.10,01001,Flensburg,45940,,0,.,0,.,0,.,0,.,4.5,,2.9,,1.6,,0,,Kreisfreie Stadt,56888946.234375,37654.0538300401
1597,,2024.01,16063,Wartburgkreis,95582,,0,.,0,.,0,.,0,.,2.7,,1.5,,1.2,,0,-,Landkreis,1369998788.58398,359739.228310871
1598,,2024.01,16062,Nordhausen,47278,,0,.,0,.,0,.,0,.,2.5,,1.4,,1.1,,0,,Landkreis,714291367.835938,185722.419164402
1599,,2024.01,16061,Eichsfeld,65073,,0,.,0,.,0,.,0,.,3.5,,2.2,,1.4,,0,-,Landkreis,990529967.28418,211025.563666031
1600,,2024.01,16055,Weimar,30160,,0,.,0,.,0,.,0,.,4.1,,2.4,,1.6,,0,,Kreisfreie Stadt,84371242.5537109,63917.4037953295
1601,,2024.01,16054,Suhl,19690,,0,.,0,.,0,.,0,.,3,,1.7,,1.4,,0,-,Kreisfreie Stadt,142863361.462891,89565.7719743408
1602,,2024.01,16053,Jena,44862,,0,.,0,.,0,.,0,.,3.8,,2.2,,1.6,,0,-,Kreisfreie Stadt,114916066.803711,69161.7063041314
1603,,2024.01,16052,Gera,45974,,0,.,0,.,0,.,0,.,2.7,,1.5,,1.2,,0,,Kreisfreie Stadt,152224963.852539,75323.7031332036
1604,,2024.01,16051,Erfurt,98440,,0,.,0,.,0,.,0,.,3.9,,2.3,,1.7,,0,,Kreisfreie Stadt,270412481.84668,106760.438648397
1605,,2024.01,15091,Wittenberg,75682,,0,.,0,.,0,.,0,.,2.1,,1.2,,1,,0,-,Landkreis,1942799199.44336,288331.940418521
1606,,2024.01,15090,Stendal,63745,,0,.,0,.,0,.,0,.,2,,1.2,,0.8,,0,-,Landkreis,2437018945.38281,388099.364972118
1607,,2024.01,15089,Salzlandkreis,104949,,0,.,0,.,0,.,0,.,1.9,,1,,0.8,,0,-,Landkreis,1434906372.00391,264035.613726712
1608,,2024.01,15088,Saalekreis,115861,,0,.,0,.,0,.,0,.,2.5,,1.3,,1.2,,0,-,Landkreis,1440237602.55957,371586.717822968
1609,,2024.01,15087,Mansfeld-Südharz,79474,,0,.,0,.,0,.,0,.,1.9,,1.1,,0.8,,0,-,Landkreis,1456203560.97266,331487.311274932
1610,,2024.01,15086,Jerichower Land,54716,,0,.,0,.,0,.,0,.,2.4,,1.4,,1,,0,-,Landkreis,1589285902.17285,247755.483552346
1611,,2024.01,15085,Harz,123841,,0,.,0,.,0,.,0,.,2.6,,1.5,,1.1,,0,-,Landkreis,2108206001.10352,325892.061240799
1612,,2024.01,15084,Burgenlandkreis,102578,,0,.,0,.,0,.,0,.,2.2,,1.1,,1,,0,,Landkreis,1419035819.56836,295284.252349554
1613,,2024.01,15083,Börde,107283,,0,.,0,.,0,.,0,.,2.3,,1.4,,1,,0,,Landkreis,2376921623.70215,371548.321413939
1614,,2024.01,15082,Anhalt-Bitterfeld,92908,,0,.,0,.,0,.,0,.,2,,1.1,,0.9,,0,-,Landkreis,1460781901.5127,339057.665260413
1615,,2024.01,15081,Altmarkkreis Salzwedel,50754,,0,.,0,.,0,.,0,.,2.2,,1.4,,0.9,,0,-,Landkreis,2303788808.49023,303821.084721262
1616,,2024.01,15003,Magdeburg,111646,,0,.,0,.,0,.,0,.,3.3,,1.8,,1.5,,0,,Kreisfreie Stadt,200999393.913086,84386.2998201417
1617,,2024.01,15002,Halle (Saale),95228,,0,.,0,.,0,.,0,.,2.8,,1.6,,1.1,,0,,Kreisfreie Stadt,135824688.286133,77730.5455395086
1618,,2024.01,15001,Dessau-Roßlau,41614,,0,.,0,.,0,.,0,.,2.9,,1.7,,1.2,,0,-,Kreisfreie Stadt,246249160.496094,115997.461325231
1619,,2024.01,14730,Nordsachsen,118173,,0,.,0,.,0,.,0,.,2.5,,1.3,,1.1,,0,,Landkreis,2027548084.84375,410437.981496651
1620,,2024.01,14729,Leipzig,157285,,0,.,0,.,0,.,0,.,2.9,,1.7,,1.2,,0,,Landkreis,1651662788.13379,340686.753048234
1621,,2024.01,14713,Leipzig,233901,,0,.,0,.,0,.,0,.,4,,2.2,,1.8,,0,,Kreisfreie Stadt,298922201.506836,120864.657877298
1622,,2024.01,14628,Sächsische Schweiz-Osterzgebirge,146096,,0,.,0,.,0,.,0,.,2.5,,1.4,,1.1,,0,,Landkreis,1653732867.60742,288402.833770503
1623,,2024.01,14627,Meißen,141129,,0,.,0,.,0,.,0,.,2.4,,1.3,,1,,0,,Landkreis,1457361541.51758,262261.856107648
1624,,2024.01,14626,Görlitz,143753,,0,.,0,.,0,.,0,.,1.7,,0.9,,0.8,,0,,Landkreis,2111152045.11914,342510.820123424
1625,,2024.01,14625,Bautzen,182097,,0,.,0,.,0,.,0,.,2.3,,1.3,,1,,0,,Landkreis,2395636437.77637,346336.618967316
1626,,2024.01,14612,Dresden,229949,,0,.,0,.,0,.,0,.,3.6,,1.9,,1.7,,0,,Kreisfreie Stadt,328095164.584961,126184.878956216
1627,,2024.01,14524,Zwickau,186771,,0,.,0,.,0,.,0,.,2.8,,1.6,,1.2,,0,,Landkreis,949635037.395508,236921.194806854
1628,,2024.01,14523,Vogtlandkreis,136959,,0,.,0,.,0,.,0,.,2.2,,1.3,,1,,0,-,Landkreis,1412302685.4502,311749.172671271
1629,,2024.01,14522,Mittelsachsen,180182,,0,.,0,.,0,.,0,.,2.2,,1.2,,1,,0,,Landkreis,2114833220.54395,370846.696636421
1630,,2024.01,14521,Erzgebirgskreis,202867,,0,.,0,.,0,.,0,.,2.1,,1.2,,0.9,,0,-,Landkreis,1826997137.63379,316907.024888456
1631,,2024.01,14511,Chemnitz,126100,,0,.,0,.,0,.,0,.,3.5,,2,,1.5,,0,,Kreisfreie Stadt,221028414.417969,95998.2589097507
1632,,2024.01,13076,Ludwigslust-Parchim,129841,,0,.,0,.,0,.,0,.,1.9,,1.2,,0.7,,0,-,Landkreis,4767205837.64355,544987.623152899
1633,,2024.01,13075,Vorpommern-Greifswald,127358,,0,.,0,.,0,.,0,.,1.9,,1.1,,0.8,,0,-,Landkreis,3951628526.83691,786666.150434142
1634,,2024.01,13074,Nordwestmecklenburg,92624,,0,.,0,.,0,.,0,.,2.6,,1.6,,0.9,,0,,Landkreis,2125833400.80469,421255.501799993
1635,,2024.01,13073,Vorpommern-Rügen,126499,,0,.,0,.,0,.,0,.,2.3,,1.4,,0.9,,0,,Landkreis,3214113963.38477,1089521.87046376
1636,,2024.01,13072,Rostock,129829,,0,.,0,.,0,.,0,.,2.7,,1.6,,1.1,,0,,Landkreis,3429396493.29785,470885.235429407
1637,,2024.01,13071,Mecklenburgische Seenplatte,146704,,0,.,0,.,0,.,0,.,2,,1.1,,1,,0,,Landkreis,5495373409.96094,516564.114817789
1638,,2024.01,13004,Schwerin,44731,,0,.,0,.,0,.,0,.,3.1,,1.7,,1.3,,0,-,Kreisfreie Stadt,130106434.195313,69520.7229903608
1639,,2024.01,13003,Rostock,86409,,0,.,0,.,0,.,0,.,3.1,,1.9,,1.2,,0,,Kreisfreie Stadt,181477390.371094,88507.9712348811
1640,,2024.01,12073,Uckermark,68684,,0,.,0,.,0,.,0,.,2.1,,1.2,,0.8,,0,,Landkreis,3076108441.98047,392821.33775274
1641,,2024.01,12072,Teltow-Fläming,109099,,0,.,0,.,0,.,0,.,3.6,,2.2,,1.4,,0,-,Landkreis,2103910816.79297,319624.700377854
1642,,2024.01,12071,Spree-Neiße,71257,,0,.,0,.,0,.,0,.,2,,1.1,,0.9,,0,-,Landkreis,1657098234.44043,349641.41206109
1643,,2024.01,12070,Prignitz,46133,,0,.,0,.,0,.,0,.,2,,1.1,,0.9,,0,-,Landkreis,2138707957.80859,314721.91601579
1644,,2024.01,12069,Potsdam-Mittelmark,133323,,0,.,0,.,0,.,0,.,4.1,,2.6,,1.5,,0,,Landkreis,2593033934.44922,472327.251125324
1645,,2024.01,12068,Ostprignitz-Ruppin,59485,,0,.,0,.,0,.,0,.,2.3,,1.3,,1,,0,-,Landkreis,2525923984.48242,381275.632236586
1646,,2024.01,12067,Oder-Spree,109632,,0,.,0,.,0,.,0,.,2.8,,1.7,,1.1,,0,,Landkreis,2257290888.04004,375644.78503136
1647,,2024.01,12066,Oberspreewald-Lausitz,65275,,0,.,0,.,0,.,0,.,1.7,,1,,0.8,,0,-,Landkreis,1223208108.22656,254326.525952779
1648,,2024.01,12065,Oberhavel,126219,,0,.,0,.,0,.,0,.,3.7,,2.2,,1.5,,0,,Landkreis,1807834068.39551,360530.244809173
1649,,2024.01,12064,Märkisch-Oderland,121488,,0,.,0,.,0,.,0,.,3,,1.8,,1.3,,0,-,Landkreis,2157546355.48535,315778.884374255
1650,,2024.01,12063,Havelland,97976,,0,.,0,.,0,.,0,.,3.8,,2.4,,1.4,,0,,Landkreis,1727373166.76465,342971.431508018
1651,,2024.01,12062,Elbe-Elster,63724,,0,.,0,.,0,.,0,.,1.8,,1,,0.8,,0,,Landkreis,1899997386.25391,305918.130224615
1652,,2024.01,12061,Dahme-Spreewald,109136,,0,.,0,.,0,.,0,.,3.6,,2.1,,1.4,,0,,Landkreis,2275819756.17969,436033.631253628
1653,,2024.01,12060,Barnim,110690,,0,.,0,.,0,.,0,.,3.4,,2.1,,1.3,,0,,Landkreis,1481005522.70801,341342.860018858
1654,,2024.01,12054,Potsdam,76804,,0,.,0,.,0,.,0,.,4.4,,2.5,,1.9,,0,,Kreisfreie Stadt,186950957.337891,96418.8943279986
1655,,2024.01,12053,Frankfurt (Oder),28253,,0,.,0,.,0,.,0,.,2.3,,1.2,,1.1,,0,-,Kreisfreie Stadt,147780070.31543,66375.9750375522
1656,,2024.01,12052,Cottbus,48621,,0,.,0,.,0,.,0,.,2.6,,1.3,,1.2,,0,,Kreisfreie Stadt,165033344.552734,87657.0910954755
1657,,2024.01,12051,Brandenburg an der Havel,35183,,0,.,0,.,0,.,0,.,3.9,,2.1,,1.8,,0,-,Kreisfreie Stadt,229536571.996094,141971.594036605
1658,,2024.01,11000,Berlin,1244061,,0,.,0,.,0,.,0,.,5.1,,2.9,,2.2,,0,,Kreisfreie Stadt,891789356.085938,222564.759502733
1659,,2024.01,10046,St. Wendel,63118,,0,.,0,.,0,.,0,.,3.9,,2.4,,1.5,,0,-,Landkreis,476354283.110352,146866.901261139
1660,,2024.01,10045,Saarpfalz-Kreis,99320,,0,.,0,.,0,.,0,.,4.3,,2.5,,1.8,,0,,Landkreis,419096935.567383,159211.807111928
1661,,2024.01,10044,Saarlouis,135263,,0,.,0,.,0,.,0,.,3.9,,2.2,,1.7,,0,,Landkreis,458985903.306641,158271.168504276
1662,,2024.01,10043,Neunkirchen,87218,,0,.,0,.,0,.,0,.,3.6,,2.1,,1.6,,0,-,Landkreis,248117924.852539,107822.664579199
1663,,2024.01,10042,Merzig-Wadern,73314,,0,.,0,.,0,.,0,.,3.4,,2.1,,1.3,,0,-,Landkreis,556979507.769531,154721.880097438
1664,,2024.01,10041,Regionalverband Saarbrücken,193325,,0,.,0,.,0,.,0,.,4.2,,2.3,,1.9,,0,,Landkreis,411489484.970703,160799.877878205
1665,,2024.01,09780,Oberallgäu,105272,,0,.,0,.,0,.,0,.,4.3,,2.9,,1.4,,0,-,Landkreis,1528353119.51855,341969.342105912
1666,,2024.01,09779,Donau-Ries,95459,,0,.,0,.,0,.,0,.,4.2,,2.7,,1.5,,0,-,Landkreis,1274179146.9248,334855.877078285
1667,,2024.01,09778,Unterallgäu,104406,,0,.,0,.,0,.,0,.,3.7,,2.6,,1.2,,0,-,Landkreis,1229882513.49414,326412.465520539
1668,,2024.01,09777,Ostallgäu,96686,,0,.,0,.,0,.,0,.,4.4,,3,,1.4,,0,-,Landkreis,1393283604.78418,408695.960385229
1669,,2024.01,09776,Lindau (Bodensee),54118,,0,.,0,.,0,.,0,.,4.3,,2.8,,1.5,,0,-,Landkreis,323241962.030273,143695.537883892
1670,,2024.01,09775,Neu-Ulm,114586,,0,.,0,.,0,.,0,.,4.3,,2.6,,1.6,,0,,Landkreis,515671085.181641,148988.874247824
1671,,2024.01,09774,Günzburg,88620,,0,.,0,.,0,.,0,.,4.3,,2.7,,1.6,,0,,Landkreis,763345366.449219,232954.134000113
1672,,2024.01,09773,Dillingen a.d.Donau,68296,,0,.,0,.,0,.,0,.,3.6,,2.2,,1.3,,0,-,Landkreis,791686690.830078,242655.202666034
1673,,2024.01,09772,Augsburg,172291,,0,.,0,.,0,.,0,.,4.9,,3,,1.9,,0,,Landkreis,1071521962.7207,309028.860969014
1674,,2024.01,09771,Aichach-Friedberg,90196,,0,.,0,.,0,.,0,.,4.7,,3.2,,1.5,,0,,Landkreis,779820964.371094,226106.141811333
1675,,2024.01,09764,Memmingen,27661,,0,.,0,.,0,.,0,.,4.4,,2.8,,1.7,,0,-,Kreisfreie Stadt,69807842.7167969,63228.1848011595
1676,,2024.01,09763,Kempten (Allgäu),40820,,0,.,0,.,0,.,0,.,5.5,,3.7,,1.8,,0,,Kreisfreie Stadt,63248638.9882813,53450.3530222877
1677,,2024.01,09762,Kaufbeuren,26481,,0,.,0,.,0,.,0,.,3.8,,2.4,,1.4,,0,-,Kreisfreie Stadt,40431942.4960938,39470.9962520316
1678,,2024.01,09761,Augsburg,141382,,0,.,0,.,0,.,0,.,4.6,,2.5,,2.2,,0,,Kreisfreie Stadt,146459229.583984,86297.542663465
1679,,2024.01,09679,Würzburg,108878,,0,.,0,.,0,.,0,.,5.1,,3.4,,1.6,,0,,Landkreis,967155584.087891,337613.040360294
1680,,2024.01,09678,Schweinfurt,79611,,0,.,0,.,0,.,0,.,4.3,,3,,1.3,,0,,Landkreis,841233412.072266,324997.501418006
1681,,2024.01,09677,Main-Spessart,87297,,0,.,0,.,0,.,0,.,4.2,,2.6,,1.6,,0,-,Landkreis,1321991667.66113,287380.964912033
1682,,2024.01,09676,Miltenberg,87898,,0,.,0,.,0,.,0,.,4.1,,2.4,,1.7,,0,,Landkreis,715285437.052734,225618.089550047
1683,,2024.01,09675,Kitzingen,63397,,0,.,0,.,0,.,0,.,4.5,,3.1,,1.4,,0,,Landkreis,683903707.851563,201499.965144985
1684,,2024.01,09674,Haßberge,59955,,0,.,0,.,0,.,0,.,3.9,,2.8,,1.1,,0,-,Landkreis,956502900.063477,250394.505232398
1685,,2024.01,09673,Rhön-Grabfeld,55739,,0,.,0,.,0,.,0,.,4.2,,2.9,,1.3,,0,-,Landkreis,1021624976.38477,256743.758245581
1686,,2024.01,09672,Bad Kissingen,72311,,0,.,0,.,0,.,0,.,3.8,,2.7,,1.1,,0,-,Landkreis,1137656959.4668,279211.62790441
1687,,2024.01,09671,Aschaffenburg,119717,,0,.,0,.,0,.,0,.,5.1,,3.2,,1.9,,0,,Landkreis,698932681.59375,229374.257908033
1688,,2024.01,09663,Würzburg,63812,,0,.,0,.,0,.,0,.,5.8,,3.4,,2.4,,0,,Kreisfreie Stadt,87764401.9951172,65259.0145445697
1689,,2024.01,09662,Schweinfurt,29911,,0,.,0,.,0,.,0,.,6.5,,2.9,,3.6,,0,-,Kreisfreie Stadt,35705732.7753906,39633.719962486
1690,,2024.01,09661,Aschaffenburg,44491,,0,.,0,.,0,.,0,.,8.1,,5,,3,,0,-,Kreisfreie Stadt,62023548.3466797,50412.0037044716
1691,,2024.01,09577,Weißenburg-Gunzenhausen,64716,,0,.,0,.,0,.,0,.,4.2,,2.8,,1.4,,0,,Landkreis,970267811.857422,223083.568343369
1692,,2024.01,09576,Roth,89247,,0,.,0,.,0,.,0,.,4.3,,2.7,,1.6,,0,,Landkreis,895175763.526367,300336.063639876
1693,,2024.01,09575,Neustadt a.d.Aisch-Bad Windsheim,70154,,0,.,0,.,0,.,0,.,4.5,,3.1,,1.3,,0,,Landkreis,1267945156.98633,286565.424246564
1694,,2024.01,09574,Nürnberger Land,113067,,0,.,0,.,0,.,0,.,4.7,,3.1,,1.6,,0,,Landkreis,797630947.844727,280037.722454563
1695,,2024.01,09573,Fürth,78397,,0,.,0,.,0,.,0,.,4.5,,3,,1.5,,0,,Landkreis,307104515.246094,119071.936100924
1696,,2024.01,09572,Erlangen-Höchstadt,94494,,0,.,0,.,0,.,0,.,6.7,,4.2,,2.5,,0,,Landkreis,564516798.948242,302003.323956942
1697,,2024.01,09571,Ansbach,130191,,0,.,0,.,0,.,0,.,4,,2.7,,1.3,,0,,Landkreis,1972780199.8584,438171.105364346
1698,,2024.01,09565,Schwabach,26398,,0,.,0,.,0,.,0,.,5.1,,3.1,,2.1,,0,-,Kreisfreie Stadt,40825280.7548828,44392.3601544875
1699,,2024.01,09564,Nürnberg,249281,,0,.,0,.,0,.,0,.,5.1,,3,,2.1,,0,,Kreisfreie Stadt,187671476.236328,138424.259082801
1700,,2024.01,09563,Fürth,64464,,0,.,0,.,0,.,0,.,4.4,,2.7,,1.7,,0,,Kreisfreie Stadt,63347123.8447266,45995.1390193326
1701,,2024.01,09562,Erlangen,56273,,0,.,0,.,0,.,0,.,5.4,,3.2,,2.2,,0,,Kreisfreie Stadt,78014690.5429688,53139.0900158128
1702,,2024.01,09561,Ansbach,25808,,0,.,0,.,0,.,0,.,4.8,,3,,1.8,,0,-,Kreisfreie Stadt,99853580.3564453,70278.7303360335
1703,,2024.01,09479,Wunsiedel i.Fichtelgebirge,47624,,0,.,0,.,0,.,0,.,3.7,,2.1,,1.6,,0,-,Landkreis,606192311.765625,147427.252500402
1704,,2024.01,09478,Lichtenfels,45719,,0,.,0,.,0,.,0,.,3.2,,2.1,,1.1,,0,-,Landkreis,519676599.529297,188339.943949693
1705,,2024.01,09477,Kulmbach,50798,,0,.,0,.,0,.,0,.,3.8,,2.5,,1.3,,0,,Landkreis,658004334.990234,203657.347389188
1706,,2024.01,09476,Kronach,46225,,0,.,0,.,0,.,0,.,3.3,,2.1,,1.2,,0,-,Landkreis,651475772.542969,195680.596667354
1707,,2024.01,09475,Hof,64613,,0,.,0,.,0,.,0,.,3.7,,2.1,,1.6,,0,,Landkreis,893663689.371094,293042.491814798
1708,,2024.01,09474,Forchheim,79379,,0,.,0,.,0,.,0,.,4.2,,2.9,,1.4,,0,,Landkreis,642921296.804688,202014.345609455
1709,,2024.01,09473,Coburg,60287,,0,.,0,.,0,.,0,.,4.2,,2.7,,1.5,,0,,Landkreis,591020889.209961,265614.514307051
1710,,2024.01,09472,Bayreuth,72700,,0,.,0,.,0,.,0,.,3.6,,2.4,,1.2,,0,,Landkreis,1273584205.2207,386106.994410095
1711,,2024.01,09471,Bamberg,104207,,0,.,0,.,0,.,0,.,3.8,,2.6,,1.2,,0,,Landkreis,1166948004.1875,363511.905725181
1712,,2024.01,09464,Hof,26733,,0,.,0,.,0,.,0,.,6.7,,4.7,,2,,0,,Kreisfreie Stadt,58159802.2382813,54718.4550792217
1713,,2024.01,09463,Coburg,25458,,0,.,0,.,0,.,0,.,5.4,,3.2,,2.2,,0,-,Kreisfreie Stadt,48017323.6835938,47861.9792022719
1714,,2024.01,09462,Bayreuth,41425,,0,.,0,.,0,.,0,.,6.4,,3.6,,2.8,,0,,Kreisfreie Stadt,67008634.3730469,64736.4199248782
1715,,2024.01,09461,Bamberg,41314,,0,.,0,.,0,.,0,.,4.8,,3.1,,1.7,,0,-,Kreisfreie Stadt,54976414.7333984,40927.3519722638
1716,,2024.01,09377,Tirschenreuth,49584,,0,.,0,.,0,.,0,.,3.5,,2,,1.5,,0,-,Landkreis,1084534913.91406,229088.470696812
1717,,2024.01,09376,Schwandorf,104453,,0,.,0,.,0,.,0,.,3.6,,2.3,,1.3,,0,-,Landkreis,1458425984.95898,347575.996306894
1718,,2024.01,09375,Regensburg,132561,,0,.,0,.,0,.,0,.,4.5,,3.1,,1.4,,0,,Landkreis,1393030845.39941,411789.418124436
1719,,2024.01,09374,Neustadt a.d.Waldnaab,66854,,0,.,0,.,0,.,0,.,3.9,,2.5,,1.4,,0,-,Landkreis,1428166109.66699,385732.083609104
1720,,2024.01,09373,Neumarkt i.d.OPf.,92867,,0,.,0,.,0,.,0,.,4.2,,2.8,,1.4,,0,-,Landkreis,1344541220.45117,303939.946431158
1721,,2024.01,09372,Cham,92298,,0,.,0,.,0,.,0,.,3.8,,2.6,,1.2,,0,,Landkreis,1526958023.89063,299328.140846534
1722,,2024.01,09371,Amberg-Sulzbach,72089,,0,.,0,.,0,.,0,.,4.4,,3,,1.4,,0,,Landkreis,1255092290.34766,376859.42579161
1723,,2024.01,09363,Weiden i.d.OPf.,26470,,0,.,0,.,0,.,0,.,4.4,,2.4,,1.9,,0,-,Kreisfreie Stadt,70605006.8857422,71839.4196751139
1724,,2024.01,09362,Regensburg,83290,,0,.,0,.,0,.,0,.,6.3,,3.6,,2.6,,0,,Kreisfreie Stadt,79706492.1894531,59506.3819752187
1725,,2024.01,09361,Amberg,25301,,0,.,0,.,0,.,0,.,5.2,,3.2,,2,,0,-,Kreisfreie Stadt,50405257.5654297,45172.0627563141
1726,,2024.01,09279,Dingolfing-Landau,73005,,0,.,0,.,0,.,0,.,4.4,,3,,1.4,,0,,Landkreis,877379815.797852,263187.17169248
1727,,2024.01,09278,Straubing-Bogen,71999,,0,.,0,.,0,.,0,.,3.8,,2.7,,1.1,,0,-,Landkreis,1200964159.71777,333805.068298285
1728,,2024.01,09277,Rottal-Inn,86780,,0,.,0,.,0,.,0,.,3.9,,2.6,,1.2,,0,,Landkreis,1281034787.56348,290982.290980761
1729,,2024.01,09276,Regen,51663,,0,.,0,.,0,.,0,.,3.8,,2.3,,1.5,,0,-,Landkreis,974828582.608398,194334.820631541
1730,,2024.01,09275,Passau,134174,,0,.,0,.,0,.,0,.,4.4,,3,,1.4,,0,,Landkreis,1530226056.83984,349324.825744492
1731,,2024.01,09274,Landshut,114285,,0,.,0,.,0,.,0,.,4.9,,3.4,,1.5,,0,,Landkreis,1347484584.59082,352561.699055864
1732,,2024.01,09273,Kelheim,84222,,0,.,0,.,0,.,0,.,3.9,,2.8,,1.1,,0,-,Landkreis,1064782902.7373,277566.475134382
1733,,2024.01,09272,Freyung-Grafenau,54766,,0,.,0,.,0,.,0,.,3.7,,2.2,,1.5,,0,-,Landkreis,983773696.077148,205137.074783462
1734,,2024.01,09271,Deggendorf,81987,,0,.,0,.,0,.,0,.,4.3,,2.8,,1.4,,0,-,Landkreis,861232904.080078,214908.653550047
1735,,2024.01,09263,Straubing,28254,,0,.,0,.,0,.,0,.,4.4,,2.6,,1.8,,0,-,Kreisfreie Stadt,67649328.3486328,55342.4542959559
1736,,2024.01,09262,Passau,30264,,0,.,0,.,0,.,0,.,5.8,,3.3,,2.5,,0,,Kreisfreie Stadt,70107293.4433594,58468.6189304297
1737,,2024.01,09261,Landshut,39345,,0,.,0,.,0,.,0,.,5.1,,3.2,,1.9,,0,,Kreisfreie Stadt,66173764.9755859,68059.4178922351
1738,,2024.01,09190,Weilheim-Schongau,91322,,0,.,0,.,0,.,0,.,4.5,,3.2,,1.3,,0,-,Landkreis,967395171.895508,272636.208647296
1739,,2024.01,09189,Traunstein,121906,,0,.,0,.,0,.,0,.,4.6,,3.2,,1.4,,0,-,Landkreis,1532990057.25293,315972.371520452
1740,,2024.01,09188,Starnberg,89870,,0,.,0,.,0,.,0,.,7,,4.5,,2.5,,0,,Landkreis,486839643.578125,154838.380658794
1741,,2024.01,09187,Rosenheim,178010,,0,.,0,.,0,.,0,.,4.8,,3.3,,1.5,,0,,Landkreis,1440401955.72949,378977.363111802
1742,,2024.01,09186,Pfaffenhofen a.d.Ilm,87404,,0,.,0,.,0,.,0,.,4.5,,3.2,,1.3,,0,,Landkreis,760903330.470703,229356.061018572
1743,,2024.01,09185,Neuburg-Schrobenhausen,67866,,0,.,0,.,0,.,0,.,3.6,,2.4,,1.2,,0,,Landkreis,740049089.376953,221714.43570198
1744,,2024.01,09184,München,245839,,0,.,0,.,0,.,0,.,10.2,,5.8,,4.3,,0,,Landkreis,664006064.419922,253024.576960929
1745,,2024.01,09183,Mühldorf a.Inn,78287,,0,.,0,.,0,.,0,.,4.3,,3,,1.3,,0,,Landkreis,805046306.827148,251387.906279848
1746,,2024.01,09182,Miesbach,68000,,0,.,0,.,0,.,0,.,5.1,,3.2,,1.9,,0,,Landkreis,866757960.75293,210751.517487509
1747,,2024.01,09181,Landsberg am Lech,85772,,0,.,0,.,0,.,0,.,5.7,,4.3,,1.4,,0,-,Landkreis,803669334.545898,220162.735665796
1748,,2024.01,09180,Garmisch-Partenkirchen,53429,,0,.,0,.,0,.,0,.,4,,2.6,,1.4,,0,,Landkreis,1011920317.62012,202175.405901146
1749,,2024.01,09179,Fürstenfeldbruck,126660,,0,.,0,.,0,.,0,.,4.8,,3.1,,1.7,,0,,Landkreis,434651013.395508,150795.74162017
1750,,2024.01,09178,Freising,113161,,0,.,0,.,0,.,0,.,4.9,,3.2,,1.7,,0,,Landkreis,798505478.394531,198190.25752764
1751,,2024.01,09177,Erding,92652,,0,.,0,.,0,.,0,.,4.5,,3,,1.5,,0,,Landkreis,870824808.99707,184026.941276641
1752,,2024.01,09176,Eichstätt,88194,,0,.,0,.,0,.,0,.,4.1,,2.9,,1.2,,0,,Landkreis,1214365067.16309,307498.835164874
1753,,2024.01,09175,Ebersberg,88495,,0,.,0,.,0,.,0,.,5.9,,3.7,,2.2,,0,,Landkreis,549824040.4375,156850.433357146
1754,,2024.01,09174,Dachau,95878,,0,.,0,.,0,.,0,.,4.7,,3,,1.7,,0,,Landkreis,579538659.702148,164328.110709436
1755,,2024.01,09173,Bad Tölz-Wolfratshausen,82512,,0,.,0,.,0,.,0,.,4.4,,2.8,,1.6,,0,,Landkreis,1111683344.53906,234990.022505886
1756,,2024.01,09172,Berchtesgadener Land,67609,,0,.,0,.,0,.,0,.,3.7,,2.5,,1.2,,0,-,Landkreis,839799161.021484,222421.730122155
1757,,2024.01,09171,Altötting,74426,,0,.,0,.,0,.,0,.,4.6,,3,,1.6,,0,-,Landkreis,569350849.804688,159866.861096235
1758,,2024.01,09163,Rosenheim,36289,,0,.,0,.,0,.,0,.,4.5,,2.8,,1.7,,0,,Kreisfreie Stadt,36954285.3867188,31415.2055751276
1759,,2024.01,09162,München,763673,,0,.,0,.,0,.,0,.,9,,4.5,,4.4,,0,,Kreisfreie Stadt,311418892.893555,113444.364599277
1760,,2024.01,09161,Ingolstadt,103495,,0,.,0,.,0,.,0,.,9.4,,5.8,,3.5,,0,,Kreisfreie Stadt,133437450.783203,76161.6928625865
1761,,2024.01,08437,Sigmaringen,90113,,0,.,0,.,0,.,0,.,4,,2.6,,1.4,,0,,Landkreis,1204677491.74121,292560.594124531
1762,,2024.01,08436,Ravensburg,187483,,0,.,0,.,0,.,0,.,4.8,,3.2,,1.6,,0,-,Landkreis,1631876151.00586,326018.877239601
1763,,2024.01,08435,Bodenseekreis,143230,,0,.,0,.,0,.,0,.,5.7,,3.2,,2.6,,0,,Landkreis,665234832.079102,196264.544875067
1764,,2024.01,08426,Biberach,137887,,0,.,0,.,0,.,0,.,4.5,,3.2,,1.3,,0,-,Landkreis,1409893821.0918,294123.862292792
1765,,2024.01,08425,Alb-Donau-Kreis,134211,,0,.,0,.,0,.,0,.,4.5,,3.1,,1.4,,0,,Landkreis,1357392728.38867,400613.419260071
1766,,2024.01,08421,Ulm,68016,,0,.,0,.,0,.,0,.,6,,3.7,,2.3,,0,,Stadtkreis,119244615.334961,90886.1258529902
1767,,2024.01,08417,Zollernalbkreis,131947,,0,.,0,.,0,.,0,.,4.4,,2.5,,1.8,,0,,Landkreis,917298672.389648,200702.700707429
1768,,2024.01,08416,Tübingen,129886,,0,.,0,.,0,.,0,.,5.2,,3.2,,2,,0,,Landkreis,519905356.571289,168209.697087106
1769,,2024.01,08415,Reutlingen,185014,,0,.,0,.,0,.,0,.,4.9,,2.9,,2,,0,,Landkreis,1092260476.94043,248486.106887773
1770,,2024.01,08337,Waldshut,111643,,0,.,0,.,0,.,0,.,4.8,,3.3,,1.5,,0,,Landkreis,1130807825.95508,276819.835436996
1771,,2024.01,08336,Lörrach,139842,,0,.,0,.,0,.,0,.,4.8,,3.2,,1.5,,0,,Landkreis,807128916.5625,166962.443862911
1772,,2024.01,08335,Konstanz,165851,,0,.,0,.,0,.,0,.,5,,3.3,,1.7,,0,,Landkreis,817527869.484375,301955.873771339
1773,,2024.01,08327,Tuttlingen,93168,,0,.,0,.,0,.,0,.,5.2,,2.8,,2.3,,0,,Landkreis,734058016.166992,181332.840700999
1774,,2024.01,08326,Schwarzwald-Baar-Kreis,136007,,0,.,0,.,0,.,0,.,4.6,,2.6,,2,,0,,Landkreis,1025911911.13281,230407.440447965
1775,,2024.01,08325,Rottweil,97511,,0,.,0,.,0,.,0,.,4.5,,2.7,,1.9,,0,-,Landkreis,769493816.008789,216136.447502954
1776,,2024.01,08317,Ortenaukreis,282762,,0,.,0,.,0,.,0,.,4.3,,2.9,,1.4,,0,,Landkreis,1859817895.98926,262096.114408608
1777,,2024.01,08316,Emmendingen,105488,,0,.,0,.,0,.,0,.,4.3,,2.9,,1.3,,0,,Landkreis,680398795.238281,172702.629780998
1778,,2024.01,08315,Breisgau-Hochschwarzwald,164411,,0,.,0,.,0,.,0,.,4.7,,3.3,,1.4,,0,,Landkreis,1377672370.40137,370399.271266305
1779,,2024.01,08311,Freiburg im Breisgau,95274,,0,.,0,.,0,.,0,.,5.4,,3.4,,1.9,,0,,Stadtkreis,153849224.488281,91014.02371589
1780,,2024.01,08237,Freudenstadt,80993,,0,.,0,.,0,.,0,.,4.5,,2.7,,1.7,,0,-,Landkreis,870890176.946289,218933.236918359
1781,,2024.01,08236,Enzkreis,137283,,0,.,0,.,0,.,0,.,5.1,,3.2,,1.9,,0,,Landkreis,573013700.561523,230073.925261016
1782,,2024.01,08235,Calw,110383,,0,.,0,.,0,.,0,.,5.7,,4,,1.7,,0,,Landkreis,797593878.895508,205429.753223687
1783,,2024.01,08231,Pforzheim,63835,,0,.,0,.,0,.,0,.,5.2,,2.9,,2.3,,0,,Stadtkreis,98240899.1787109,58511.2928561087
1784,,2024.01,08226,Rhein-Neckar-Kreis,361144,,0,.,0,.,0,.,0,.,6.6,,3.7,,2.9,,0,,Landkreis,1060897378.24121,376735.935318718
1785,,2024.01,08225,Neckar-Odenwald-Kreis,97723,,0,.,0,.,0,.,0,.,4.1,,2.5,,1.6,,0,-,Landkreis,1125803071.23047,245427.437803649
1786,,2024.01,08222,Mannheim,157809,,0,.,0,.,0,.,0,.,5.7,,3.1,,2.7,,0,,Stadtkreis,145282582.120117,66145.7280531458
1787,,2024.01,08221,Heidelberg,61217,,0,.,0,.,0,.,0,.,5.9,,3.4,,2.5,,0,,Stadtkreis,109177300.727539,67290.2437024899
1788,,2024.01,08216,Rastatt,154629,,0,.,0,.,0,.,0,.,5.1,,3.2,,1.9,,0,,Landkreis,738745337.001953,298562.837436705
1789,,2024.01,08215,Karlsruhe,288435,,0,.,0,.,0,.,0,.,4.9,,3.1,,1.8,,0,,Landkreis,1084489419.02441,286288.605541561
1790,,2024.01,08212,Karlsruhe,141341,,0,.,0,.,0,.,0,.,6.5,,3.9,,2.6,,0,,Stadtkreis,174089896.172852,81609.5077277984
1791,,2024.01,08211,Baden-Baden,36190,,0,.,0,.,0,.,0,.,6,,3.6,,2.3,,0,,Stadtkreis,139961040.21582,98183.8804621679
1792,,2024.01,08136,Ostalbkreis,212240,,0,.,0,.,0,.,0,.,4.5,,2.7,,1.9,,0,,Landkreis,1510452892.5166,349788.857320175
1793,,2024.01,08135,Heidenheim,87464,,0,.,0,.,0,.,0,.,3.7,,2.2,,1.5,,0,,Landkreis,627374007.889648,235445.457306892
1794,,2024.01,08128,Main-Tauber-Kreis,92508,,0,.,0,.,0,.,0,.,3.9,,2.4,,1.5,,0,-,Landkreis,1304839178.17285,358765.85369454
1795,,2024.01,08127,Schwäbisch Hall,136616,,0,.,0,.,0,.,0,.,4.6,,2.9,,1.7,,0,,Landkreis,1483983603.97168,341804.115831159
1796,,2024.01,08126,Hohenlohekreis,87376,,0,.,0,.,0,.,0,.,5.1,,3.6,,1.5,,0,,Landkreis,777128184.59375,231938.728929931
1797,,2024.01,16077,Altenburger Land,51337,,0,.,0,.,0,.,0,.,2.2,,1.1,,1.1,,0,,Landkreis,569495813.860352,159208.499301686
1798,,2024.01,16076,Greiz,59909,,0,.,0,.,0,.,0,.,2.2,,1.2,,1,,0,-,Landkreis,846194830.068359,288937.795198219
1799,,2024.01,16075,Saale-Orla-Kreis,50196,,0,.,0,.,0,.,0,.,1.9,,1.1,,0.8,,0,-,Landkreis,1151738096.22656,255786.812284021
1800,,2024.01,16074,Saale-Holzland-Kreis,49815,,0,.,0,.,0,.,0,.,2.6,,1.5,,1.1,,0,-,Landkreis,815508565.787109,235948.734812389
1801,,2024.01,16073,Saalfeld-Rudolstadt,59955,,0,.,0,.,0,.,0,.,2.4,,1.3,,1.1,,0,-,Landkreis,1008735679.04199,289884.18985615
1802,,2024.01,16072,Sonneberg,34763,,0,.,0,.,0,.,0,.,2.4,,1.2,,1.2,,0,,Landkreis,460681672.719727,161297.158075011
1803,,2024.01,16071,Weimarer Land,49340,,0,.,0,.,0,.,0,.,2.9,,1.7,,1.2,,0,,Landkreis,804514564.327148,270201.373476309
1804,,2024.01,16070,Ilm-Kreis,58980,,0,.,0,.,0,.,0,.,3,,1.9,,1.1,,0,,Landkreis,803588201.576172,223009.896391042
1805,,2024.01,16069,Hildburghausen,39167,,0,.,0,.,0,.,0,.,2.2,,1.3,,0.9,,0,-,Landkreis,937768356.192383,266027.275919908
1806,,2024.01,16068,Sömmerda,40606,,0,.,0,.,0,.,0,.,2.4,,1.3,,1,,0,-,Landkreis,807021507.053711,231271.168225578
1807,,2024.01,16067,Gotha,76707,,0,.,0,.,0,.,0,.,2.8,,1.6,,1.2,,0,,Landkreis,935833051.850586,201383.912823013
1808,,2024.01,16066,Schmalkalden-Meiningen,76287,,0,.,0,.,0,.,0,.,2.5,,1.4,,1.1,,0,-,Landkreis,1251050645.04785,289746.940316977
1809,,2024.01,16065,Kyffhäuserkreis,44131,,0,.,0,.,0,.,0,.,1.9,,1.1,,0.8,,0,-,Landkreis,1037770304.01953,273300.806525077
1810,,2024.01,16064,Unstrut-Hainich-Kreis,53537,,0,.,0,.,0,.,0,.,3.1,,1.7,,1.3,,0,-,Landkreis,931296290.730469,220159.559866101
1811,,2024.01,08125,Heilbronn,255222,,0,.,0,.,0,.,0,.,5.1,,3.2,,1.9,,0,,Landkreis,1098643452.9082,359071.410841577
1812,,2024.01,08121,Heilbronn,69749,,0,.,0,.,0,.,0,.,5,,2.6,,2.4,,0,,Stadtkreis,100623181.72168,67074.2189974283
1813,,2024.01,08119,Rems-Murr-Kreis,273326,,0,.,0,.,0,.,0,.,5.5,,3.2,,2.3,,0,,Landkreis,857365536.928711,214668.079545342
1814,,2024.01,08118,Ludwigsburg,339526,,0,.,0,.,0,.,0,.,5.8,,3.3,,2.6,,0,,Landkreis,686632531.452148,212148.528068176
1815,,2024.01,08117,Göppingen,170765,,0,.,0,.,0,.,0,.,4.8,,2.9,,2,,0,,Landkreis,642609816.006836,194509.684601541
1816,,2024.01,08116,Esslingen,345023,,0,.,0,.,0,.,0,.,6.6,,4,,2.6,,0,,Landkreis,639790912.260742,192186.178502883
1817,,2024.01,08115,Böblingen,264362,,0,.,0,.,0,.,0,.,9.7,,5.2,,4.4,,0,,Landkreis,617166961.571289,192935.175303125
1818,,2024.01,08111,Stuttgart,299937,,0,.,0,.,0,.,0,.,10.2,,5,,5.2,,0,,Stadtkreis,209953423.669922,96275.2293088448
1819,,2024.01,07340,Südwestpfalz,68213,,0,.,0,.,0,.,0,.,3.5,,2.2,,1.3,,0,,Landkreis,954113160.211914,287839.002459541
1820,,2024.01,07339,Mainz-Bingen,144871,,0,.,0,.,0,.,0,.,4.7,,3.1,,1.6,,0,-,Landkreis,605620457.03125,228891.65320828
1821,,2024.01,07338,Rhein-Pfalz-Kreis,103095,,0,.,0,.,0,.,0,.,4,,2.7,,1.3,,0,-,Landkreis,304388992.862305,182456.8069609
1822,,2024.01,07337,Südliche Weinstraße,79176,,0,.,0,.,0,.,0,.,4.3,,2.9,,1.3,,0,-,Landkreis,639681013.71582,271814.586706335
1823,,2024.01,07336,Kusel,48063,,0,.,0,.,0,.,0,.,2.8,,1.8,,1.1,,0,-,Landkreis,573837615.500977,183994.7760021
1824,,2024.01,07335,Kaiserslautern,70362,,0,.,0,.,0,.,0,.,4,,2.5,,1.4,,0,-,Landkreis,640571447.892578,268252.938579891
1825,,2024.01,07334,Germersheim,85226,,0,.,0,.,0,.,0,.,4.3,,2.7,,1.6,,0,,Landkreis,463330213.0625,139027.58003438
1826,,2024.01,07333,Donnersbergkreis,51871,,0,.,0,.,0,.,0,.,3.8,,2.7,,1.1,,0,,Landkreis,644631752.258789,159577.632166307
1827,,2024.01,07332,Bad Dürkheim,92950,,0,.,0,.,0,.,0,.,4.5,,3,,1.5,,0,-,Landkreis,593988929.787109,196085.16675297
1828,,2024.01,07331,Alzey-Worms,88345,,0,.,0,.,0,.,0,.,4.2,,2.8,,1.4,,0,-,Landkreis,588117875.958984,189546.478189532
1829,,2024.01,07320,Zweibrücken,21826,,0,.,0,.,0,.,0,.,4.3,,2.6,,1.8,,0,-,Kreisfreie Stadt,70802893.0361328,59253.9537753324
1830,,2024.01,07319,Worms,46529,,0,.,0,.,0,.,0,.,4,,2.2,,1.8,,0,-,Kreisfreie Stadt,108771236.600586,73957.693231704
1831,,2024.01,07318,Speyer,29961,,0,.,0,.,0,.,0,.,4.1,,2.6,,1.5,,0,-,Kreisfreie Stadt,42871205.4169922,40161.5178323398
1832,,2024.01,07317,Pirmasens,23375,,0,.,0,.,0,.,0,.,4.1,,2.2,,1.8,,0,-,Kreisfreie Stadt,61586073.3691406,48933.9179410104
1833,,2024.01,07316,Neustadt an der Weinstraße,33647,,0,.,0,.,0,.,0,.,4.7,,3.2,,1.6,,0,-,Kreisfreie Stadt,117196960.166016,74425.9014137383
1834,,2024.01,07315,Mainz,101507,,0,.,0,.,0,.,0,.,5.2,,3,,2.2,,0,,Kreisfreie Stadt,97639723.5410156,62475.8854668958
1835,,2024.01,07314,Ludwigshafen am Rhein,84929,,0,.,0,.,0,.,0,.,4.6,,2.5,,2.2,,0,,Kreisfreie Stadt,78001717.6855469,51846.815686425
1836,,2024.01,07313,Landau in der Pfalz,28423,,0,.,0,.,0,.,0,.,5.5,,3.2,,2.3,,0,-,Kreisfreie Stadt,82985492.3359375,87908.82313436
1837,,2024.01,07312,Kaiserslautern,50144,,0,.,0,.,0,.,0,.,5.3,,3.1,,2.2,,0,,Kreisfreie Stadt,140338623.198242,76154.15074223
1838,,2024.01,07311,Frankenthal (Pfalz),27175,,0,.,0,.,0,.,0,.,3.7,,1.8,,1.9,,0,-,Kreisfreie Stadt,43781479.5527344,41147.8587057006
1839,,2024.01,07233,Vulkaneifel,43048,,0,.,0,.,0,.,0,.,3.6,,2.2,,1.4,,0,-,Landkreis,911674505.946289,257481.984540412
1840,,2024.01,07232,Eifelkreis Bitburg-Prüm,69838,,0,.,0,.,0,.,0,.,3.8,,2.6,,1.2,,0,,Landkreis,1627922517.46289,260563.165497522
1841,,2024.01,07231,Bernkastel-Wittlich,77485,,0,.,0,.,0,.,0,.,3.9,,2.4,,1.5,,0,-,Landkreis,1168681557.4209,212499.209410563
1842,,2024.01,07211,Trier,158089,,0,.,0,.,0,.,0,.,4.7,,3.1,,1.6,,0,-,Kreisfreie Stadt,1220946433.32129,239144.771120695
1843,,2024.01,07143,Westerwaldkreis,142227,,0,.,0,.,0,.,0,.,4.8,,3,,1.8,,0,-,Landkreis,990180403.595703,258826.416348373
1844,,2024.01,07141,Rhein-Lahn-Kreis,81914,,0,.,0,.,0,.,0,.,4.1,,2.6,,1.5,,0,,Landkreis,781516859.424805,212678.488053315
1845,,2024.01,07140,Rhein-Hunsrück-Kreis,73065,,0,.,0,.,0,.,0,.,3.9,,2.6,,1.3,,0,-,Landkreis,991218488.785156,222923.974650335
1846,,2024.01,07138,Neuwied,124067,,0,.,0,.,0,.,0,.,4.2,,2.4,,1.7,,0,-,Landkreis,627652391.993164,179551.528669657
1847,,2024.01,07137,Mayen-Koblenz,143227,,0,.,0,.,0,.,0,.,4.3,,2.6,,1.7,,0,,Landkreis,816507263.657227,280699.935462887
1848,,2024.01,07135,Cochem-Zell,42724,,0,.,0,.,0,.,0,.,4,,2.6,,1.4,,0,,Landkreis,693071688.401367,185715.450794408
1849,,2024.01,07134,Birkenfeld,53330,,0,.,0,.,0,.,0,.,2.9,,1.7,,1.1,,0,-,Landkreis,776624723.824219,174346.642558535
1850,,2024.01,07133,Bad Kreuznach,102952,,0,.,0,.,0,.,0,.,4,,2.5,,1.5,,0,-,Landkreis,864147548.796875,190511.509267926
1851,,2024.01,07132,Altenkirchen (Westerwald),86849,,0,.,0,.,0,.,0,.,4.3,,2.6,,1.7,,0,,Landkreis,641192280.124023,226666.627454279
1852,,2024.01,07131,Ahrweiler,87236,,0,.,0,.,0,.,0,.,3.9,,2.3,,1.6,,0,,Landkreis,787045522.314453,198523.740877045
1853,,2024.01,07111,Koblenz,64618,,0,.,0,.,0,.,0,.,6.1,,3.1,,3,,0,,Kreisfreie Stadt,105904244.056641,60287.0431391488
1854,,2024.01,06636,Werra-Meißner-Kreis,63690,,0,.,0,.,0,.,0,.,3.5,,2.3,,1.2,,0,,Landkreis,1024390382.30957,277652.532707859
1855,,2024.01,06635,Waldeck-Frankenberg,107365,,0,.,0,.,0,.,0,.,3.9,,2.7,,1.2,,0,-,Landkreis,1847907077.81836,315498.946529771
1856,,2024.01,06634,Schwalm-Eder-Kreis,121864,,0,.,0,.,0,.,0,.,4,,2.9,,1.2,,0,-,Landkreis,1539557454.19043,265332.770302823
1857,,2024.01,06633,Kassel,153772,,0,.,0,.,0,.,0,.,5,,3.3,,1.7,,0,,Landkreis,1294912578.55566,372267.148483234
1858,,2024.01,06632,Hersfeld-Rotenburg,80667,,0,.,0,.,0,.,0,.,3.3,,2.2,,1.2,,0,-,Landkreis,1097989054.38477,239660.411478028
1859,,2024.01,06631,Fulda,147651,,0,.,0,.,0,.,0,.,4.5,,3,,1.5,,0,-,Landkreis,1381379533.09277,249554.88527543
1860,,2024.01,06611,Kassel,91870,,0,.,0,.,0,.,0,.,5.8,,3.4,,2.3,,0,,Kreisfreie Stadt,104921361.786133,63284.3782922191
1861,,2024.01,06535,Vogelsbergkreis,73441,,0,.,0,.,0,.,0,.,3.5,,2.3,,1.2,,0,-,Landkreis,1458289489.31641,281352.484060151
1862,,2024.01,06534,Marburg-Biedenkopf,146736,,0,.,0,.,0,.,0,.,3.8,,2.6,,1.2,,0,,Landkreis,1262136369.50879,219577.755636121
1863,,2024.01,06533,Limburg-Weilburg,115510,,0,.,0,.,0,.,0,.,4.7,,2.9,,1.9,,0,,Landkreis,738799141.473633,172150.712110974
1864,,2024.01,06532,Lahn-Dill-Kreis,167002,,0,.,0,.,0,.,0,.,4.2,,2.4,,1.8,,0,,Landkreis,1065703391.12305,219282.031563173
1865,,2024.01,06531,Gießen,158338,,0,.,0,.,0,.,0,.,4.6,,2.8,,1.8,,0,,Landkreis,855487307.994141,217540.28512267
1866,,2024.01,06440,Wetteraukreis,198272,,0,.,0,.,0,.,0,.,4.7,,2.8,,1.9,,0,,Landkreis,1100715408.88379,263849.646027959
1867,,2024.01,06439,Rheingau-Taunus-Kreis,123849,,0,.,0,.,0,.,0,.,5.1,,3.1,,1.9,,0,,Landkreis,811919270.723633,202814.412874961
1868,,2024.01,06438,Offenbach,222172,,0,.,0,.,0,.,0,.,4.4,,2.5,,1.9,,0,,Landkreis,356325742.489258,116884.314834115
1869,,2024.01,06437,Odenwaldkreis,63776,,0,.,0,.,0,.,0,.,3.9,,2.4,,1.5,,0,-,Landkreis,624772037.275391,175001.809901493
1870,,2024.01,06436,Main-Taunus-Kreis,188186,,0,.,0,.,0,.,0,.,5.4,,2.8,,2.7,,0,,Landkreis,221572678.726563,117470.580064287
1871,,2024.01,06435,Main-Kinzig-Kreis,266094,,0,.,0,.,0,.,0,.,4,,2.4,,1.6,,0,,Landkreis,1396882132.06348,301311.443067471
1872,,2024.01,06434,Hochtaunuskreis,166027,,0,.,0,.,0,.,0,.,5.9,,3.5,,2.4,,0,,Landkreis,480907993.546875,149540.699349362
1873,,2024.01,06433,Groß-Gerau,159377,,0,.,0,.,0,.,0,.,4.7,,2.5,,2.1,,0,,Landkreis,453325723.345703,139558.201442013
1874,,2024.01,06432,Darmstadt-Dieburg,190695,,0,.,0,.,0,.,0,.,4.8,,3,,1.8,,0,,Landkreis,658153392.793945,213944.367990509
1875,,2024.01,06431,Bergstraße,177569,,0,.,0,.,0,.,0,.,4.7,,2.8,,1.9,,0,,Landkreis,718875616.819336,230665.645395089
1876,,2024.01,06414,Wiesbaden,243431,,0,.,0,.,0,.,0,.,18.6,,11.4,,7.3,,0,,Kreisfreie Stadt,203813810.47168,76452.2375274593
1877,,2024.01,06413,Offenbach am Main,59721,,0,.,0,.,0,.,0,.,5.1,,2.7,,2.1,,0.3,,Kreisfreie Stadt,45319131.9121094,40703.3801450091
1878,,2024.01,06412,Frankfurt am Main,342708,,0,.,0,.,0,.,0,.,8.7,,3.7,,5,,0,,Kreisfreie Stadt,248120855.9375,107738.706029347
1879,,2024.01,06411,Darmstadt,73615,,0,.,0,.,0,.,0,.,6.6,,3.7,,2.9,,0,,Kreisfreie Stadt,122738117.188477,62500.6786556625
1880,,2024.01,05978,Unna,244986,,0,.,0,.,0,.,0,.,4.4,,2.6,,1.7,,0,,Kreis,542824039.868164,199548.421166447
1881,,2024.01,05974,Soest,196858,,0,.,0,.,0,.,0,.,5.2,,3.2,,1.9,,0,,Kreis,1329390562.89063,220152.441730781
1882,,2024.01,05970,Siegen-Wittgenstein,179773,,0,.,0,.,0,.,0,.,4.8,,2.6,,2.1,,0,,Kreis,1134040384.64648,221838.742179044
1883,,2024.01,05966,Olpe,92332,,0,.,0,.,0,.,0,.,4.8,,2.7,,2.1,,0,,Kreis,711944622.895508,191915.420333218
1884,,2024.01,05962,Märkischer Kreis,257669,,0,.,0,.,0,.,0,.,4.1,,2.2,,1.9,,0,,Kreis,1060666564.4502,204522.776842104
1885,,2024.01,05958,Hochsauerlandkreis,172894,,0,.,0,.,0,.,0,.,4.6,,2.9,,1.8,,0,-,Kreis,1960082964.80859,346919.353405294
1886,,2024.01,05954,Ennepe-Ruhr-Kreis,202989,,0,.,0,.,0,.,0,.,4.5,,2.6,,1.9,,0,,Kreis,410907296.693359,167823.691284811
1887,,2024.01,05916,Herne,79465,,0,.,0,.,0,.,0,.,3.1,,1.6,,1.5,,0,,Kreisfreie Stadt,51509648.4521484,39643.8392912932
1888,,2024.01,05915,Hamm,100690,,0,.,0,.,0,.,0,.,3.9,,2.4,,1.5,,0,,Kreisfreie Stadt,227720983.532227,93458.3884714458
1889,,2024.01,05914,Hagen,100433,,0,.,0,.,0,.,0,.,3.7,,2,,1.7,,0,,Kreisfreie Stadt,160316710.286133,85106.2549919045
1890,,2024.01,05913,Dortmund,300029,,0,.,0,.,0,.,0,.,4.9,,2.6,,2.3,,0,,Kreisfreie Stadt,279662802.373047,98303.0284601238
1891,,2024.01,05911,Bochum,216772,,0,.,0,.,0,.,0,.,5.2,,2.9,,2.2,,0,,Kreisfreie Stadt,144803780.694336,64025.0873014356
1892,,2024.01,05774,Paderborn,190624,,0,.,0,.,0,.,0,.,5.7,,3.9,,1.8,,0,,Kreis,1246777280.7627,204588.642993027
1893,,2024.01,05770,Minden-Lübbecke,209191,,0,.,0,.,0,.,0,.,4.5,,3.1,,1.5,,0,-,Kreis,1151990376.89063,261061.025532273
1894,,2024.01,05766,Lippe,221464,,0,.,0,.,0,.,0,.,4.5,,2.9,,1.6,,0,,Kreis,1245878538.81934,235200.589696812
1895,,2024.01,05762,Höxter,92198,,0,.,0,.,0,.,0,.,4.4,,2.9,,1.5,,0,-,Kreis,1200707448.32422,216307.222826842
1896,,2024.01,05758,Herford,166878,,0,.,0,.,0,.,0,.,5.2,,3.3,,1.8,,0,,Kreis,450726367.121094,152051.688893975
1897,,2024.01,05754,Gütersloh,239412,,0,.,0,.,0,.,0,.,5.1,,3.3,,1.9,,0,,Kreis,969612643.183594,211345.177555524
1898,,2024.01,05711,Bielefeld,180639,,0,.,0,.,0,.,0,.,5.9,,4,,1.9,,0,,Kreisfreie Stadt,259184268.935547,98214.7178138864
1899,,2024.01,05570,Warendorf,178891,,0,.,0,.,0,.,0,.,4.4,,3,,1.4,,0,,Kreis,1318578231.76758,239020.016740479
1900,,2024.01,05566,Steinfurt,284045,,0,.,0,.,0,.,0,.,5,,3.4,,1.6,,0,,Kreis,1795416420.94824,253521.367273162
1901,,2024.01,05562,Recklinghausen,363312,,0,.,0,.,0,.,0,.,3.7,,2.1,,1.6,,0,,Kreis,761405655.898438,195517.150872042
1902,,2024.01,05558,Coesfeld,144619,,0,.,0,.,0,.,0,.,4.9,,3.4,,1.5,,0,,Kreis,1112317887.10254,218543.143405152
1903,,2024.01,05554,Borken,236064,,0,.,0,.,0,.,0,.,5.6,,3.7,,1.9,,0,,Kreis,1421361804.71777,271032.558216467
1904,,2024.01,05515,Münster,151904,,0,.,0,.,0,.,0,.,6.4,,3.9,,2.5,,0,,Kreisfreie Stadt,303536651.791016,104146.926446906
1905,,2024.01,05513,Gelsenkirchen,125879,,0,.,0,.,0,.,0,.,3.5,,1.9,,1.6,,0,,Kreisfreie Stadt,105321074.493164,57216.534225466
1906,,2024.01,05512,Bottrop,70305,,0,.,0,.,0,.,0,.,3.9,,2.3,,1.6,,0,,Kreisfreie Stadt,100248242.984375,57675.0683142118
1907,,2024.01,05382,Rhein-Sieg-Kreis,376565,,0,.,0,.,0,.,0,.,4.4,,2.7,,1.7,,0,,Kreis,1152349724.42285,315908.196767241
1908,,2024.01,05378,Rheinisch-Bergischer Kreis,185153,,0,.,0,.,0,.,0,.,5.5,,3.4,,2.1,,0,,Kreis,438100913.793945,166197.113748431
1909,,2024.01,05374,Oberbergischer Kreis,184007,,0,.,0,.,0,.,0,.,4.6,,2.7,,1.8,,0,-,Kreis,918229534.572266,223732.776465669
1910,,2024.01,05370,Heinsberg,168682,,0,.,0,.,0,.,0,.,4.3,,2.6,,1.7,,0,,Kreis,627392069.150391,166228.096673107
1911,,2024.01,05366,Euskirchen,159209,,0,.,0,.,0,.,0,.,6.9,,5.2,,1.7,,0,-,Kreis,1250281279.92773,290405.800465605
1912,,2024.01,05362,Rhein-Erft-Kreis,290833,,0,.,0,.,0,.,0,.,4.6,,2.6,,2,,0,,Kreis,703016562.010742,194838.575207755
1913,,2024.01,05358,Düren,169370,,0,.,0,.,0,.,0,.,4.7,,3,,1.7,,0,,Kreis,940371029.933594,239403.533273169
1914,,2024.01,05334,Städteregion Aachen,303123,,0,.,0,.,0,.,0,.,5.3,,3.2,,2.1,,0,,Kreis,704441130.219727,270249.499551821
1915,,2024.01,05316,Leverkusen,92468,,0,.,0,.,0,.,0,.,5.5,,2.8,,2.7,,0,,Kreisfreie Stadt,78780864.5332031,52325.2401412013
1916,,2024.01,05315,Köln,497572,,0,.,0,.,0,.,0,.,6.4,,2.9,,3.5,,0,,Kreisfreie Stadt,406768174.274414,122756.879624915
1917,,2024.01,05314,Bonn,175674,,0,.,0,.,0,.,0,.,6,,3.6,,2.4,,0,,Kreisfreie Stadt,141610673.71582,65631.2890915728
1918,,2024.01,05170,Wesel,295713,,0,.,0,.,0,.,0,.,4.3,,2.7,,1.6,,0,,Kreis,1042254695.52344,236903.50644036
1919,,2024.01,05166,Viersen,193869,,0,.,0,.,0,.,0,.,4.2,,2.7,,1.5,,0,,Kreis,563607848.28418,149013.658961646
1920,,2024.01,05162,Rhein-Kreis Neuss,280984,,0,.,0,.,0,.,0,.,4.8,,2.8,,2,,0,,Kreis,576484962.40332,171376.374023709
1921,,2024.01,05158,Mettmann,302902,,0,.,0,.,0,.,0,.,5.6,,3.3,,2.3,,0,,Kreis,407951393.454102,178740.284376613
1922,,2024.01,05154,Kleve,202477,,0,.,0,.,0,.,0,.,4,,2.5,,1.5,,0,,Kreis,1233480468.46582,273797.765568249
1923,,2024.01,05124,Wuppertal,180171,,0,.,0,.,0,.,0,.,4.6,,2.6,,2,,0,,Kreisfreie Stadt,168439928.404297,87139.7015602039
1924,,2024.01,05122,Solingen,93921,,0,.,0,.,0,.,0,.,5.1,,3.1,,2,,0,,Kreisfreie Stadt,88995921.1865234,60702.010830767
1925,,2024.01,05120,Remscheid,64384,,0,.,0,.,0,.,0,.,4.7,,2.5,,2.2,,0,,Kreisfreie Stadt,74084053.7412109,46566.6416204877
1926,,2024.01,05119,Oberhausen,114152,,0,.,0,.,0,.,0,.,3.7,,2,,1.6,,0,,Kreisfreie Stadt,77442381.3349609,47165.0388934437
1927,,2024.01,05117,Mülheim an der Ruhr,95520,,0,.,0,.,0,.,0,.,4.7,,2.6,,2.1,,0,,Kreisfreie Stadt,91288609.5791016,47771.7305814314
1928,,2024.01,05116,Mönchengladbach,144388,,0,.,0,.,0,.,0,.,4.4,,2.5,,2,,0,,Kreisfreie Stadt,170626170.893555,84169.1695040052
1929,,2024.01,05114,Krefeld,123105,,0,.,0,.,0,.,0,.,4.2,,2.4,,1.8,,0,,Kreisfreie Stadt,136588715.342773,63616.6954308927
1930,,2024.01,05113,Essen,298115,,0,.,0,.,0,.,0,.,5.3,,2.7,,2.6,,0,,Kreisfreie Stadt,210457058.47168,81440.8394355414
1931,,2024.01,05112,Duisburg,240058,,0,.,0,.,0,.,0,.,3.2,,1.8,,1.4,,0,,Kreisfreie Stadt,233192439.330078,95785.9402818368
1932,,2024.01,05111,Düsseldorf,324497,,0,.,0,.,0,.,0,.,8,,3.6,,4.4,,0,,Kreisfreie Stadt,217546071.861328,112285.366144823
1933,,2024.01,04012,Bremerhaven,52362,,0,.,0,.,0,.,0,.,3.5,,2,,1.5,,0,-,Kreisfreie Stadt,94128150.2773438,77653.3498236271
1934,,2024.01,04011,Bremen,248315,,0,.,0,.,0,.,0,.,4.5,,2.4,,2.1,,0,,Kreisfreie Stadt,326188860.736328,152668.942381665
1935,,2024.01,03462,Wittmund,37613,,0,.,0,.,0,.,0,.,2.8,,1.9,,0.9,,0,-,Landkreis,660805508.28125,237460.49211554
1936,,2024.01,03461,Wesermarsch,54644,,0,.,0,.,0,.,0,.,3.3,,2.2,,1.1,,0,-,Landkreis,827952082.020508,201926.225735977
1937,,2024.01,03460,Vechta,92039,,0,.,0,.,0,.,0,.,5.6,,3.8,,1.8,,0,,Landkreis,813816410.000977,175258.930309861
1938,,2024.01,03459,Osnabrück,237836,,0,.,0,.,0,.,0,.,4.5,,3.1,,1.5,,0,,Landkreis,2121066219.41406,375663.605339353
1939,,2024.01,03458,Oldenburg,87011,,0,.,0,.,0,.,0,.,4.3,,2.9,,1.5,,0,,Landkreis,1065025726.70703,198207.041247946
1940,,2024.01,03457,Leer,107352,,0,.,0,.,0,.,0,.,3.4,,2.3,,1.1,,0,,Landkreis,1089662558.6543,230485.427283503
1941,,2024.01,03456,Grafschaft Bentheim,88266,,0,.,0,.,0,.,0,.,5.2,,3.4,,1.8,,0,-,Landkreis,982099052.395508,194064.715881315
1942,,2024.01,03455,Friesland,67916,,0,.,0,.,0,.,0,.,3.7,,2.5,,1.1,,0,,Landkreis,618912788.368164,207826.195154195
1943,,2024.01,03454,Emsland,212442,,0,.,0,.,0,.,0,.,4.9,,3.3,,1.6,,0,,Landkreis,2883746490.64648,300655.969692117
1944,,2024.01,03453,Cloppenburg,107599,,0,.,0,.,0,.,0,.,4.3,,2.9,,1.4,,0,,Landkreis,1421047102.89844,228211.076254937
1945,,2024.01,03452,Aurich,121071,,0,.,0,.,0,.,0,.,3.6,,2.5,,1.1,,0,,Landkreis,1298652890.11816,359604.750190608
1946,,2024.01,03451,Ammerland,82681,,0,.,0,.,0,.,0,.,4.3,,2.9,,1.4,,0,-,Landkreis,730131105.62207,153874.205387695
1947,,2024.01,03405,Wilhelmshaven,40236,,0,.,0,.,0,.,0,.,2.8,,1.6,,1.2,,0,,Kreisfreie Stadt,108248172.838867,56249.714135824
1948,,2024.01,03404,Osnabrück,88940,,0,.,0,.,0,.,0,.,5.9,,3.6,,2.3,,0,,Kreisfreie Stadt,120208161.90625,72502.7445112705
1949,,2024.01,03403,Oldenburg (Oldb),91033,,0,.,0,.,0,.,0,.,6.2,,3.8,,2.3,,0,,Kreisfreie Stadt,103735226.646484,51943.3296956358
1950,,2024.01,03402,Emden,25562,,0,.,0,.,0,.,0,.,4.2,,2.8,,1.3,,0,,Kreisfreie Stadt,111796448.801758,67063.655941761
1951,,2024.01,03401,Delmenhorst,43155,,0,.,0,.,0,.,0,.,3.3,,1.9,,1.4,,0,,Kreisfreie Stadt,62467798.5947266,46257.9381557184
1952,,2024.01,03361,Verden,89382,,0,.,0,.,0,.,0,.,4.1,,2.7,,1.4,,0,,Landkreis,789081710.703125,224811.846339036
1953,,2024.01,03360,Uelzen,58570,,0,.,0,.,0,.,0,.,4.3,,2.7,,1.5,,0,-,Landkreis,1462207700.17188,220612.035508098
1954,,2024.01,03359,Stade,129373,,0,.,0,.,0,.,0,.,4.3,,2.7,,1.6,,0,-,Landkreis,1269075763.50293,265280.850857743
1955,,2024.01,03358,Heidekreis,90978,,0,.,0,.,0,.,0,.,3.5,,2.3,,1.2,,0,,Landkreis,1881746242.97168,365225.831866227
1956,,2024.01,03357,Rotenburg (Wümme),120788,,0,.,0,.,0,.,0,.,4.2,,2.9,,1.3,,0,,Landkreis,2073801406.19531,353552.266818007
1957,,2024.01,03356,Osterholz,74994,,0,.,0,.,0,.,0,.,4,,2.8,,1.2,,0,,Landkreis,653279865,179710.225107181
1958,,2024.01,03355,Lüneburg,108062,,0,.,0,.,0,.,0,.,4.9,,3.3,,1.5,,0,,Landkreis,1327357220.72852,318554.960422675
1959,,2024.01,03354,Lüchow-Dannenberg,31794,,0,.,0,.,0,.,0,.,3.5,,2.3,,1.1,,0,-,Landkreis,1226546093.60547,227707.256898562
1960,,2024.01,03353,Harburg,172406,,0,.,0,.,0,.,0,.,4.6,,2.9,,1.6,,0,,Landkreis,1249117601.8291,256626.86543829
1961,,2024.01,03352,Cuxhaven,128846,,0,.,0,.,0,.,0,.,3.2,,2,,1.2,,0,,Landkreis,2058739992.30664,308454.913252573
1962,,2024.01,03351,Celle,113078,,0,.,0,.,0,.,0,.,4,,2.5,,1.5,,0,,Landkreis,1550684013.71582,246181.705103521
1963,,2024.01,03257,Schaumburg,104603,,0,.,0,.,0,.,0,.,4,,2.8,,1.2,,0,-,Landkreis,676300755.381836,206397.981008128
1964,,2024.01,03256,Nienburg (Weser),80057,,0,.,0,.,0,.,0,.,3.7,,2.5,,1.2,,0,,Landkreis,1400917922.84375,317688.390120049
1965,,2024.01,03255,Holzminden,45839,,0,.,0,.,0,.,0,.,3.3,,1.9,,1.4,,0,-,Landkreis,694472629.105469,189171.307052356
1966,,2024.01,03254,Hildesheim,164325,,0,.,0,.,0,.,0,.,4.1,,2.6,,1.4,,0,,Landkreis,1207789320.64551,251154.965666091
1967,,2024.01,03252,Hameln-Pyrmont,94244,,0,.,0,.,0,.,0,.,3.8,,2.6,,1.3,,0,,Landkreis,797764574.958984,210020.338817558
1968,,2024.01,03251,Diepholz,146202,,0,.,0,.,0,.,0,.,4.5,,2.9,,1.6,,0,,Landkreis,1991034474.31836,308652.494010019
1969,,2024.01,03241,Region Hannover,598580,,0,.,0,.,0,.,0,.,4.9,,3,,1.9,,0,,Landkreis,2297326127.13477,379374.837502092
1970,,2024.01,03159,Göttingen,186314,,0,.,0,.,0,.,0,.,4.3,,2.7,,1.5,,0,,Landkreis,1754861833.00781,385590.386200199
1971,,2024.01,03158,Wolfenbüttel,76758,,0,.,0,.,0,.,0,.,4.2,,3,,1.2,,0,,Landkreis,724065535.433594,215640.850159417
1972,,2024.01,03157,Peine,87413,,0,.,0,.,0,.,0,.,4.2,,3.1,,1.1,,0,,Landkreis,536101104.076172,149602.771432759
1973,,2024.01,03155,Northeim,89949,,0,.,0,.,0,.,0,.,4.1,,2.8,,1.4,,0,-,Landkreis,1269651774.30176,228982.313706335
1974,,2024.01,03154,Helmstedt,57304,,0,.,0,.,0,.,0,.,3.9,,2.7,,1.2,,0,,Landkreis,675687788.225586,231289.034806608
1975,,2024.01,03153,Goslar,80872,,0,.,0,.,0,.,0,.,3.7,,2.3,,1.4,,0,-,Landkreis,969210805.345703,233890.968622506
1976,,2024.01,03151,Gifhorn,111624,,0,.,0,.,0,.,0,.,4.4,,3.2,,1.2,,0,,Landkreis,1569205053.24512,282161.609724976
1977,,2024.01,03103,Wolfsburg,124762,,0,.,0,.,0,.,0,.,12.1,,9.4,,2.7,,0,-,Kreisfreie Stadt,204942168.826172,91494.3940080182
1978,,2024.01,03102,Salzgitter,56799,,0,.,0,.,0,.,0,.,2.7,,1.7,,1,,0,-,Kreisfreie Stadt,225241578.612305,109481.843532545
1979,,2024.01,03101,Braunschweig,147626,,0,.,0,.,0,.,0,.,7.8,,5.5,,2.3,,0,,Kreisfreie Stadt,192263016.94043,96253.2221066206
1980,,2024.01,02000,Hamburg,813109,,0,.,0,.,0,.,0,.,6.8,,3.7,,3.1,,0,,Kreisfreie Stadt,752486078.693359,218319.223917463
1981,,2024.01,01062,Stormarn,156588,,0,.,0,.,0,.,0,.,5.2,,3.3,,2,,0,,Kreis,766059006.546875,254492.948218965
1982,,2024.01,01061,Steinburg,83977,,0,.,0,.,0,.,0,.,3.6,,2.6,,1,,0,,Kreis,1055624123.08594,193429.843760563
1983,,2024.01,01060,Segeberg,174935,,0,.,0,.,0,.,0,.,4.6,,2.9,,1.7,,0,,Kreis,1345767960.55859,287287.284105907
1984,,2024.01,01059,Schleswig-Flensburg,134148,,0,.,0,.,0,.,0,.,4.2,,3.1,,1.1,,0,,Kreis,2070852562.36133,356669.588409604
1985,,2024.01,01058,Rendsburg-Eckernförde,180083,,0,.,0,.,0,.,0,.,4.5,,3.2,,1.3,,0,,Kreis,2188406603.16406,351411.986073704
1986,,2024.01,01057,Plön,82810,,0,.,0,.,0,.,0,.,4.2,,3,,1.2,,0,,Kreis,1083370335.23828,228552.625170368
1987,,2024.01,01056,Pinneberg,181291,,0,.,0,.,0,.,0,.,4.6,,2.9,,1.7,,0,,Kreis,663713966.863281,158271.717662983
1988,,2024.01,01055,Ostholstein,131749,,0,.,0,.,0,.,0,.,3.9,,2.5,,1.3,,0,-,Kreis,1394318441.49023,334074.13334403
1989,,2024.01,01054,Nordfriesland,107747,,0,.,0,.,0,.,0,.,5.4,,3.9,,1.4,,0.1,,Kreis,2090311784.12012,636064.144512072
1990,,2024.01,01053,Herzogtum Lauenburg,122566,,0,.,0,.,0,.,0,.,4.2,,2.8,,1.4,,0,,Kreis,1262927896.33203,256458.727199694
1991,,2024.01,01051,Dithmarschen,84280,,0,.,0,.,0,.,0,.,3.3,,2.4,,0.9,,0,,Kreis,1443991936.72363,245572.111008473
1992,,2024.01,01004,Neumünster,43584,,0,.,0,.,0,.,0,.,4.7,,3.1,,1.6,,0,,Kreisfreie Stadt,71631910.9277344,54213.2416336757
1993,,2024.01,01003,Lübeck,102284,,0,.,0,.,0,.,0,.,4.2,,2.5,,1.7,,0,-,Kreisfreie Stadt,211688220.145508,146471.981758647
1994,,2024.01,01002,Kiel,111933,,0,.,0,.,0,.,0,.,4.5,,2.8,,1.7,,0,,Kreisfreie Stadt,119698137.066406,84659.240789817
1995,,2024.01,01001,Flensburg,45894,,0,.,0,.,0,.,0,.,4.8,,3.1,,1.7,,0,,Kreisfreie Stadt,56888946.234375,37654.0538300401
1996,,2024.04,14625,Bautzen,182172,,0,.,0,.,0,.,0,.,2.3,,1.3,,1,,0,,Landkreis,2395636437.77637,346336.618967316
1997,,2024.04,14612,Dresden,230061,,0,.,0,.,0,.,0,.,3.7,,2,,1.7,,0,,Kreisfreie Stadt,328095164.584961,126184.878956216
1998,,2024.04,14524,Zwickau,187098,,0,.,0,.,0,.,0,.,2.8,,1.6,,1.2,,0,,Landkreis,949635037.395508,236921.194806854
1999,,2024.04,14523,Vogtlandkreis,136947,,0,.,0,.,0,.,0,.,2.3,,1.3,,1,,0,-,Landkreis,1412302685.4502,311749.172671271
2000,,2024.04,14522,Mittelsachsen,180326,,0,.,0,.,0,.,0,.,2.2,,1.2,,1,,0,,Landkreis,2114833220.54395,370846.696636421
2001,,2024.04,14521,Erzgebirgskreis,203100,,0,.,0,.,0,.,0,.,2.2,,1.2,,1,,0,-,Landkreis,1826997137.63379,316907.024888456
2002,,2024.04,14511,Chemnitz,125909,,0,.,0,.,0,.,0,.,3.5,,2,,1.5,,0,,Kreisfreie Stadt,221028414.417969,95998.2589097507
2003,,2024.04,13076,Ludwigslust-Parchim,130089,,0,.,0,.,0,.,0,.,2,,1.2,,0.8,,0,-,Landkreis,4767205837.64355,544987.623152899
2004,,2024.04,13075,Vorpommern-Greifswald,127506,,0,.,0,.,0,.,0,.,2,,1.1,,0.8,,0,-,Landkreis,3951628526.83691,786666.150434142
2005,,2024.04,13074,Nordwestmecklenburg,92736,,0,.,0,.,0,.,0,.,2.7,,1.7,,1,,0,,Landkreis,2125833400.80469,421255.501799993
2006,,2024.04,13073,Vorpommern-Rügen,126591,,0,.,0,.,0,.,0,.,2.4,,1.4,,1,,0,,Landkreis,3214113963.38477,1089521.87046376
2007,,2024.04,13072,Rostock,130087,,0,.,0,.,0,.,0,.,2.8,,1.7,,1.1,,0,,Landkreis,3429396493.29785,470885.235429407
2008,,2024.04,13071,Mecklenburgische Seenplatte,147086,,0,.,0,.,0,.,0,.,2.1,,1.1,,1,,0,,Landkreis,5495373409.96094,516564.114817789
2009,,2024.04,13004,Schwerin,44905,,0,.,0,.,0,.,0,.,3.2,,1.8,,1.3,,0,-,Kreisfreie Stadt,130106434.195313,69520.7229903608
2010,,2024.04,13003,Rostock,86342,,0,.,0,.,0,.,0,.,3.2,,1.9,,1.3,,0,,Kreisfreie Stadt,181477390.371094,88507.9712348811
2011,,2024.04,12073,Uckermark,68651,,0,.,0,.,0,.,0,.,2.2,,1.3,,0.9,,0,,Landkreis,3076108441.98047,392821.33775274
2012,,2024.04,12072,Teltow-Fläming,109497,,0,.,0,.,0,.,0,.,3.8,,2.4,,1.4,,0,-,Landkreis,2103910816.79297,319624.700377854
2013,,2024.04,12071,Spree-Neiße,71345,,0,.,0,.,0,.,0,.,2,,1.1,,0.9,,0,-,Landkreis,1657098234.44043,349641.41206109
2014,,2024.04,12070,Prignitz,46004,,0,.,0,.,0,.,0,.,2,,1.1,,0.9,,0,-,Landkreis,2138707957.80859,314721.91601579
2015,,2024.04,12069,Potsdam-Mittelmark,133721,,0,.,0,.,0,.,0,.,4.3,,2.7,,1.5,,0,,Landkreis,2593033934.44922,472327.251125324
2016,,2024.04,12068,Ostprignitz-Ruppin,59555,,0,.,0,.,0,.,0,.,2.4,,1.4,,1,,0,-,Landkreis,2525923984.48242,381275.632236586
2017,,2024.04,12067,Oder-Spree,109821,,0,.,0,.,0,.,0,.,2.9,,1.8,,1.1,,0,-,Landkreis,2257290888.04004,375644.78503136
2018,,2024.04,12066,Oberspreewald-Lausitz,65326,,0,.,0,.,0,.,0,.,1.9,,1,,0.9,,0,-,Landkreis,1223208108.22656,254326.525952779
2019,,2024.04,12065,Oberhavel,126693,,0,.,0,.,0,.,0,.,3.9,,2.3,,1.6,,0,,Landkreis,1807834068.39551,360530.244809173
2020,,2024.04,12064,Märkisch-Oderland,121962,,0,.,0,.,0,.,0,.,3.2,,1.9,,1.3,,0,-,Landkreis,2157546355.48535,315778.884374255
2021,,2024.04,12063,Havelland,98072,,0,.,0,.,0,.,0,.,4,,2.5,,1.5,,0,,Landkreis,1727373166.76465,342971.431508018
2022,,2024.04,12062,Elbe-Elster,63758,,0,.,0,.,0,.,0,.,1.9,,1,,0.8,,0,,Landkreis,1899997386.25391,305918.130224615
2023,,2024.04,12061,Dahme-Spreewald,109579,,0,.,0,.,0,.,0,.,3.7,,2.2,,1.5,,0,,Landkreis,2275819756.17969,436033.631253628
2024,,2024.04,12060,Barnim,111087,,0,.,0,.,0,.,0,.,3.6,,2.3,,1.4,,0,,Landkreis,1481005522.70801,341342.860018858
2025,,2024.04,12054,Potsdam,76924,,0,.,0,.,0,.,0,.,4.5,,2.6,,2,,0,,Kreisfreie Stadt,186950957.337891,96418.8943279986
2026,,2024.04,12053,Frankfurt (Oder),28293,,0,.,0,.,0,.,0,.,2.5,,1.3,,1.2,,0,-,Kreisfreie Stadt,147780070.31543,66375.9750375522
2027,,2024.04,12052,Cottbus,48645,,0,.,0,.,0,.,0,.,2.7,,1.4,,1.3,,0,,Kreisfreie Stadt,165033344.552734,87657.0910954755
2028,,2024.04,12051,Brandenburg an der Havel,35187,,0,.,0,.,0,.,0,.,3.8,,2.1,,1.7,,0,-,Kreisfreie Stadt,229536571.996094,141971.594036605
2029,,2024.04,11000,Berlin,1240891,,0,.,0,.,0,.,0,.,5.2,,3,,2.2,,0,,Kreisfreie Stadt,891789356.085938,222564.759502733
2030,,2024.04,10046,St. Wendel,62530,,0,.,0,.,0,.,0,.,4,,2.5,,1.6,,0,-,Landkreis,476354283.110352,146866.901261139
2031,,2024.04,10045,Saarpfalz-Kreis,99253,,0,.,0,.,0,.,0,.,4.4,,2.6,,1.8,,0,,Landkreis,419096935.567383,159211.807111928
2032,,2024.04,10044,Saarlouis,135386,,0,.,0,.,0,.,0,.,4,,2.3,,1.7,,0,,Landkreis,458985903.306641,158271.168504276
2033,,2024.04,10043,Neunkirchen,87319,,0,.,0,.,0,.,0,.,3.7,,2.1,,1.6,,0,-,Landkreis,248117924.852539,107822.664579199
2034,,2024.04,10042,Merzig-Wadern,73433,,0,.,0,.,0,.,0,.,3.5,,2.2,,1.3,,0,-,Landkreis,556979507.769531,154721.880097438
2035,,2024.04,10041,Regionalverband Saarbrücken,193486,,0,.,0,.,0,.,0,.,4.2,,2.3,,1.9,,0,,Landkreis,411489484.970703,160799.877878205
2036,,2024.04,09780,Oberallgäu,105765,,0,.,0,.,0,.,0,.,4.4,,3,,1.4,,0,-,Landkreis,1528353119.51855,341969.342105912
2037,,2024.04,09779,Donau-Ries,95897,,0,.,0,.,0,.,0,.,4.4,,2.8,,1.5,,0,-,Landkreis,1274179146.9248,334855.877078285
2038,,2024.04,09778,Unterallgäu,104913,,0,.,0,.,0,.,0,.,3.9,,2.6,,1.2,,0,-,Landkreis,1229882513.49414,326412.465520539
2039,,2024.04,09777,Ostallgäu,97016,,0,.,0,.,0,.,0,.,4.5,,3.1,,1.4,,0,-,Landkreis,1393283604.78418,408695.960385229
2040,,2024.04,09776,Lindau (Bodensee),54379,,0,.,0,.,0,.,0,.,4.4,,2.9,,1.5,,0,-,Landkreis,323241962.030273,143695.537883892
2041,,2024.04,09775,Neu-Ulm,114920,,0,.,0,.,0,.,0,.,4.4,,2.7,,1.7,,0,,Landkreis,515671085.181641,148988.874247824
2042,,2024.04,09774,Günzburg,88794,,0,.,0,.,0,.,0,.,4.4,,2.8,,1.6,,0,,Landkreis,763345366.449219,232954.134000113
2043,,2024.04,09773,Dillingen a.d.Donau,68547,,0,.,0,.,0,.,0,.,3.6,,2.3,,1.3,,0,-,Landkreis,791686690.830078,242655.202666034
2044,,2024.04,09772,Augsburg,172993,,0,.,0,.,0,.,0,.,5,,3.1,,1.9,,0,,Landkreis,1071521962.7207,309028.860969014
2045,,2024.04,09771,Aichach-Friedberg,90593,,0,.,0,.,0,.,0,.,4.8,,3.2,,1.6,,0,,Landkreis,779820964.371094,226106.141811333
2046,,2024.04,09764,Memmingen,27698,,0,.,0,.,0,.,0,.,4.6,,2.9,,1.7,,0,-,Kreisfreie Stadt,69807842.7167969,63228.1848011595
2047,,2024.04,09763,Kempten (Allgäu),40995,,0,.,0,.,0,.,0,.,5.7,,3.9,,1.8,,0,,Kreisfreie Stadt,63248638.9882813,53450.3530222877
2048,,2024.04,09762,Kaufbeuren,26601,,0,.,0,.,0,.,0,.,4,,2.6,,1.4,,0,-,Kreisfreie Stadt,40431942.4960938,39470.9962520316
2049,,2024.04,09761,Augsburg,141455,,0,.,0,.,0,.,0,.,4.7,,2.6,,2.2,,0,,Kreisfreie Stadt,146459229.583984,86297.542663465
2050,,2024.04,09679,Würzburg,109045,,0,.,0,.,0,.,0,.,5.2,,3.5,,1.6,,0,,Landkreis,967155584.087891,337613.040360294
2051,,2024.04,09678,Schweinfurt,79668,,0,.,0,.,0,.,0,.,4.5,,3.1,,1.4,,0,,Landkreis,841233412.072266,324997.501418006
2052,,2024.04,09677,Main-Spessart,87535,,0,.,0,.,0,.,0,.,4.3,,2.7,,1.6,,0,-,Landkreis,1321991667.66113,287380.964912033
2053,,2024.04,09676,Miltenberg,87502,,0,.,0,.,0,.,0,.,4.3,,2.5,,1.8,,0,,Landkreis,715285437.052734,225618.089550047
2054,,2024.04,09675,Kitzingen,63578,,0,.,0,.,0,.,0,.,4.6,,3.2,,1.4,,0,,Landkreis,683903707.851563,201499.965144985
2055,,2024.04,09674,Haßberge,60217,,0,.,0,.,0,.,0,.,3.9,,2.8,,1.1,,0,-,Landkreis,956502900.063477,250394.505232398
2056,,2024.04,09673,Rhön-Grabfeld,55963,,0,.,0,.,0,.,0,.,4.2,,2.9,,1.3,,0,-,Landkreis,1021624976.38477,256743.758245581
2057,,2024.04,09672,Bad Kissingen,72564,,0,.,0,.,0,.,0,.,3.9,,2.8,,1.2,,0,-,Landkreis,1137656959.4668,279211.62790441
2058,,2024.04,09671,Aschaffenburg,120103,,0,.,0,.,0,.,0,.,5.3,,3.3,,1.9,,0,,Landkreis,698932681.59375,229374.257908033
2059,,2024.04,09663,Würzburg,63969,,0,.,0,.,0,.,0,.,5.9,,3.5,,2.3,,0,,Kreisfreie Stadt,87764401.9951172,65259.0145445697
2060,,2024.04,09662,Schweinfurt,30052,,0,.,0,.,0,.,0,.,6.8,,3,,3.7,,0,-,Kreisfreie Stadt,35705732.7753906,39633.719962486
2061,,2024.04,09661,Aschaffenburg,44479,,0,.,0,.,0,.,0,.,8.2,,5.2,,3.1,,0,-,Kreisfreie Stadt,62023548.3466797,50412.0037044716
2062,,2024.04,09577,Weißenburg-Gunzenhausen,64935,,0,.,0,.,0,.,0,.,4.3,,2.9,,1.4,,0,,Landkreis,970267811.857422,223083.568343369
2063,,2024.04,09576,Roth,89393,,0,.,0,.,0,.,0,.,4.5,,2.9,,1.6,,0,,Landkreis,895175763.526367,300336.063639876
2064,,2024.04,09575,Neustadt a.d.Aisch-Bad Windsheim,70294,,0,.,0,.,0,.,0,.,4.6,,3.2,,1.4,,0,,Landkreis,1267945156.98633,286565.424246564
2065,,2024.04,09574,Nürnberger Land,113268,,0,.,0,.,0,.,0,.,4.9,,3.2,,1.7,,0,,Landkreis,797630947.844727,280037.722454563
2066,,2024.04,09573,Fürth,78511,,0,.,0,.,0,.,0,.,4.7,,3.1,,1.6,,0,,Landkreis,307104515.246094,119071.936100924
2067,,2024.04,09572,Erlangen-Höchstadt,94780,,0,.,0,.,0,.,0,.,6.8,,4.4,,2.4,,0,,Landkreis,564516798.948242,302003.323956942
2068,,2024.04,09571,Ansbach,130478,,0,.,0,.,0,.,0,.,4.1,,2.8,,1.3,,0,,Landkreis,1972780199.8584,438171.105364346
2069,,2024.04,09565,Schwabach,26399,,0,.,0,.,0,.,0,.,5.2,,3.2,,2,,0,-,Kreisfreie Stadt,40825280.7548828,44392.3601544875
2070,,2024.04,09564,Nürnberg,249060,,0,.,0,.,0,.,0,.,5.2,,3.1,,2.1,,0,,Kreisfreie Stadt,187671476.236328,138424.259082801
2071,,2024.04,09563,Fürth,64606,,0,.,0,.,0,.,0,.,4.5,,2.8,,1.7,,0,,Kreisfreie Stadt,63347123.8447266,45995.1390193326
2072,,2024.04,09562,Erlangen,56338,,0,.,0,.,0,.,0,.,5.7,,3.4,,2.2,,0,,Kreisfreie Stadt,78014690.5429688,53139.0900158128
2073,,2024.04,09561,Ansbach,25903,,0,.,0,.,0,.,0,.,4.9,,3.1,,1.8,,0,-,Kreisfreie Stadt,99853580.3564453,70278.7303360335
2074,,2024.04,09479,Wunsiedel i.Fichtelgebirge,47696,,0,.,0,.,0,.,0,.,3.7,,2.2,,1.6,,0,-,Landkreis,606192311.765625,147427.252500402
2075,,2024.04,09478,Lichtenfels,45857,,0,.,0,.,0,.,0,.,3.2,,2.1,,1.1,,0,-,Landkreis,519676599.529297,188339.943949693
2076,,2024.04,09477,Kulmbach,50852,,0,.,0,.,0,.,0,.,4,,2.6,,1.4,,0,,Landkreis,658004334.990234,203657.347389188
2077,,2024.04,09476,Kronach,46291,,0,.,0,.,0,.,0,.,3.4,,2.1,,1.2,,0,-,Landkreis,651475772.542969,195680.596667354
2078,,2024.04,09475,Hof,64916,,0,.,0,.,0,.,0,.,3.8,,2.1,,1.6,,0,,Landkreis,893663689.371094,293042.491814798
2079,,2024.04,09474,Forchheim,79552,,0,.,0,.,0,.,0,.,4.3,,3,,1.4,,0,,Landkreis,642921296.804688,202014.345609455
2080,,2024.04,09473,Coburg,60373,,0,.,0,.,0,.,0,.,4.2,,2.7,,1.5,,0,,Landkreis,591020889.209961,265614.514307051
2081,,2024.04,09472,Bayreuth,72890,,0,.,0,.,0,.,0,.,3.7,,2.5,,1.2,,0,,Landkreis,1273584205.2207,386106.994410095
2082,,2024.04,09471,Bamberg,104426,,0,.,0,.,0,.,0,.,3.9,,2.7,,1.2,,0,,Landkreis,1166948004.1875,363511.905725181
2083,,2024.04,09464,Hof,26643,,0,.,0,.,0,.,0,.,4.5,,2.5,,1.9,,0,,Kreisfreie Stadt,58159802.2382813,54718.4550792217
2084,,2024.04,09463,Coburg,25486,,0,.,0,.,0,.,0,.,5.4,,3.3,,2.2,,0,-,Kreisfreie Stadt,48017323.6835938,47861.9792022719
2085,,2024.04,09462,Bayreuth,41116,,0,.,0,.,0,.,0,.,6.7,,3.8,,2.9,,0,,Kreisfreie Stadt,67008634.3730469,64736.4199248782
2086,,2024.04,09461,Bamberg,41364,,0,.,0,.,0,.,0,.,4.9,,3.2,,1.7,,0,-,Kreisfreie Stadt,54976414.7333984,40927.3519722638
2087,,2024.04,09377,Tirschenreuth,49753,,0,.,0,.,0,.,0,.,3.6,,2.1,,1.5,,0,-,Landkreis,1084534913.91406,229088.470696812
2088,,2024.04,09376,Schwandorf,104837,,0,.,0,.,0,.,0,.,3.7,,2.4,,1.3,,0,-,Landkreis,1458425984.95898,347575.996306894
2089,,2024.04,09375,Regensburg,133054,,0,.,0,.,0,.,0,.,4.6,,3.2,,1.4,,0,,Landkreis,1393030845.39941,411789.418124436
2090,,2024.04,09374,Neustadt a.d.Waldnaab,67033,,0,.,0,.,0,.,0,.,4,,2.5,,1.4,,0,-,Landkreis,1428166109.66699,385732.083609104
2091,,2024.04,09373,Neumarkt i.d.OPf.,93256,,0,.,0,.,0,.,0,.,4.3,,2.9,,1.4,,0,-,Landkreis,1344541220.45117,303939.946431158
2092,,2024.04,09372,Cham,92559,,0,.,0,.,0,.,0,.,3.9,,2.7,,1.2,,0,,Landkreis,1526958023.89063,299328.140846534
2093,,2024.04,09371,Amberg-Sulzbach,72173,,0,.,0,.,0,.,0,.,4.4,,3,,1.4,,0,,Landkreis,1255092290.34766,376859.42579161
2094,,2024.04,09363,Weiden i.d.OPf.,26504,,0,.,0,.,0,.,0,.,4.4,,2.5,,1.9,,0,-,Kreisfreie Stadt,70605006.8857422,71839.4196751139
2095,,2024.04,09362,Regensburg,83492,,0,.,0,.,0,.,0,.,6.4,,3.8,,2.6,,0,,Kreisfreie Stadt,79706492.1894531,59506.3819752187
2096,,2024.04,09361,Amberg,25304,,0,.,0,.,0,.,0,.,5.3,,3.4,,2,,0,-,Kreisfreie Stadt,50405257.5654297,45172.0627563141
2097,,2024.04,09279,Dingolfing-Landau,73263,,0,.,0,.,0,.,0,.,4.5,,3.2,,1.4,,0,,Landkreis,877379815.797852,263187.17169248
2098,,2024.04,09278,Straubing-Bogen,72272,,0,.,0,.,0,.,0,.,4,,2.8,,1.1,,0,-,Landkreis,1200964159.71777,333805.068298285
2099,,2024.04,09277,Rottal-Inn,87110,,0,.,0,.,0,.,0,.,4.1,,2.8,,1.3,,0,,Landkreis,1281034787.56348,290982.290980761
2100,,2024.04,09276,Regen,51893,,0,.,0,.,0,.,0,.,3.8,,2.3,,1.5,,0,-,Landkreis,974828582.608398,194334.820631541
2101,,2024.04,09275,Passau,134604,,0,.,0,.,0,.,0,.,4.4,,3,,1.4,,0,,Landkreis,1530226056.83984,349324.825744492
2102,,2024.04,09274,Landshut,114652,,0,.,0,.,0,.,0,.,5,,3.5,,1.5,,0,,Landkreis,1347484584.59082,352561.699055864
2103,,2024.04,09273,Kelheim,84576,,0,.,0,.,0,.,0,.,4,,2.9,,1.1,,0,-,Landkreis,1064782902.7373,277566.475134382
2104,,2024.04,09272,Freyung-Grafenau,55001,,0,.,0,.,0,.,0,.,3.8,,2.3,,1.5,,0,-,Landkreis,983773696.077148,205137.074783462
2105,,2024.04,09271,Deggendorf,82326,,0,.,0,.,0,.,0,.,4.4,,2.9,,1.4,,0,-,Landkreis,861232904.080078,214908.653550047
2106,,2024.04,09263,Straubing,28282,,0,.,0,.,0,.,0,.,4.4,,2.6,,1.8,,0,-,Kreisfreie Stadt,67649328.3486328,55342.4542959559
2107,,2024.04,09262,Passau,30307,,0,.,0,.,0,.,0,.,5.9,,3.4,,2.5,,0,,Kreisfreie Stadt,70107293.4433594,58468.6189304297
2108,,2024.04,09261,Landshut,39534,,0,.,0,.,0,.,0,.,5.3,,3.2,,2.1,,0,,Kreisfreie Stadt,66173764.9755859,68059.4178922351
2109,,2024.04,09190,Weilheim-Schongau,91787,,0,.,0,.,0,.,0,.,4.6,,3.2,,1.4,,0,-,Landkreis,967395171.895508,272636.208647296
2110,,2024.04,09189,Traunstein,122311,,0,.,0,.,0,.,0,.,4.7,,3.3,,1.4,,0,-,Landkreis,1532990057.25293,315972.371520452
2111,,2024.04,09188,Starnberg,89932,,0,.,0,.,0,.,0,.,7.1,,4.7,,2.5,,0,,Landkreis,486839643.578125,154838.380658794
2112,,2024.04,09187,Rosenheim,178629,,0,.,0,.,0,.,0,.,4.9,,3.4,,1.5,,0,,Landkreis,1440401955.72949,378977.363111802
2113,,2024.04,09186,Pfaffenhofen a.d.Ilm,87802,,0,.,0,.,0,.,0,.,4.7,,3.3,,1.3,,0,,Landkreis,760903330.470703,229356.061018572
2114,,2024.04,09185,Neuburg-Schrobenhausen,68066,,0,.,0,.,0,.,0,.,3.7,,2.4,,1.2,,0,,Landkreis,740049089.376953,221714.43570198
2115,,2024.04,09184,München,246990,,0,.,0,.,0,.,0,.,10.4,,6.1,,4.4,,0,,Landkreis,664006064.419922,253024.576960929
2116,,2024.04,09183,Mühldorf a.Inn,78600,,0,.,0,.,0,.,0,.,4.4,,3.1,,1.3,,0,,Landkreis,805046306.827148,251387.906279848
2117,,2024.04,09182,Miesbach,68182,,0,.,0,.,0,.,0,.,5.3,,3.4,,1.9,,0,,Landkreis,866757960.75293,210751.517487509
2118,,2024.04,09181,Landsberg am Lech,85817,,0,.,0,.,0,.,0,.,5.9,,4.4,,1.5,,0,-,Landkreis,803669334.545898,220162.735665796
2119,,2024.04,09180,Garmisch-Partenkirchen,53645,,0,.,0,.,0,.,0,.,4.1,,2.7,,1.4,,0,,Landkreis,1011920317.62012,202175.405901146
2120,,2024.04,09179,Fürstenfeldbruck,126898,,0,.,0,.,0,.,0,.,4.9,,3.1,,1.8,,0,,Landkreis,434651013.395508,150795.74162017
2121,,2024.04,09178,Freising,113403,,0,.,0,.,0,.,0,.,5.1,,3.4,,1.7,,0,,Landkreis,798505478.394531,198190.25752764
2122,,2024.04,09177,Erding,92995,,0,.,0,.,0,.,0,.,4.6,,3,,1.5,,0,,Landkreis,870824808.99707,184026.941276641
2123,,2024.04,09176,Eichstätt,88671,,0,.,0,.,0,.,0,.,4.2,,3,,1.2,,0,,Landkreis,1214365067.16309,307498.835164874
2124,,2024.04,09175,Ebersberg,88871,,0,.,0,.,0,.,0,.,6.1,,3.8,,2.2,,0,,Landkreis,549824040.4375,156850.433357146
2125,,2024.04,09174,Dachau,96116,,0,.,0,.,0,.,0,.,4.8,,3.1,,1.7,,0,,Landkreis,579538659.702148,164328.110709436
2126,,2024.04,09173,Bad Tölz-Wolfratshausen,82620,,0,.,0,.,0,.,0,.,4.5,,3,,1.6,,0,,Landkreis,1111683344.53906,234990.022505886
2127,,2024.04,09172,Berchtesgadener Land,67815,,0,.,0,.,0,.,0,.,3.8,,2.6,,1.3,,0,-,Landkreis,839799161.021484,222421.730122155
2128,,2024.04,09171,Altötting,74615,,0,.,0,.,0,.,0,.,4.7,,3.1,,1.6,,0,-,Landkreis,569350849.804688,159866.861096235
2129,,2024.04,09163,Rosenheim,36302,,0,.,0,.,0,.,0,.,4.6,,2.8,,1.7,,0,,Kreisfreie Stadt,36954285.3867188,31415.2055751276
2130,,2024.04,09162,München,763686,,0,.,0,.,0,.,0,.,8.9,,4.6,,4.3,,0,,Kreisfreie Stadt,311418892.893555,113444.364599277
2131,,2024.04,09161,Ingolstadt,102640,,0,.,0,.,0,.,0,.,11.3,,6.9,,4.5,,0,,Kreisfreie Stadt,133437450.783203,76161.6928625865
2132,,2024.04,08437,Sigmaringen,90300,,0,.,0,.,0,.,0,.,4.1,,2.6,,1.5,,0,,Landkreis,1204677491.74121,292560.594124531
2133,,2024.04,08436,Ravensburg,188128,,0,.,0,.,0,.,0,.,4.9,,3.2,,1.6,,0,-,Landkreis,1631876151.00586,326018.877239601
2134,,2024.04,08435,Bodenseekreis,143543,,0,.,0,.,0,.,0,.,5.9,,3.3,,2.6,,0,,Landkreis,665234832.079102,196264.544875067
2135,,2024.04,08426,Biberach,138243,,0,.,0,.,0,.,0,.,4.6,,3.3,,1.4,,0,-,Landkreis,1409893821.0918,294123.862292792
2136,,2024.04,08425,Alb-Donau-Kreis,134603,,0,.,0,.,0,.,0,.,4.7,,3.2,,1.5,,0,,Landkreis,1357392728.38867,400613.419260071
2137,,2024.04,08421,Ulm,68117,,0,.,0,.,0,.,0,.,6.1,,3.9,,2.2,,0,,Stadtkreis,119244615.334961,90886.1258529902
2138,,2024.04,08417,Zollernalbkreis,132226,,0,.,0,.,0,.,0,.,4.4,,2.6,,1.8,,0,,Landkreis,917298672.389648,200702.700707429
2139,,2024.04,08416,Tübingen,130313,,0,.,0,.,0,.,0,.,5.4,,3.4,,2,,0,,Landkreis,519905356.571289,168209.697087106
2140,,2024.04,08415,Reutlingen,185462,,0,.,0,.,0,.,0,.,5,,3,,2,,0,,Landkreis,1092260476.94043,248486.106887773
2141,,2024.04,08337,Waldshut,111991,,0,.,0,.,0,.,0,.,4.9,,3.4,,1.5,,0,,Landkreis,1130807825.95508,276819.835436996
2142,,2024.04,08336,Lörrach,140222,,0,.,0,.,0,.,0,.,5,,3.4,,1.6,,0,,Landkreis,807128916.5625,166962.443862911
2143,,2024.04,08335,Konstanz,166393,,0,.,0,.,0,.,0,.,5.1,,3.3,,1.8,,0,,Landkreis,817527869.484375,301955.873771339
2144,,2024.04,08327,Tuttlingen,93610,,0,.,0,.,0,.,0,.,5.2,,2.9,,2.3,,0,,Landkreis,734058016.166992,181332.840700999
2145,,2024.04,08326,Schwarzwald-Baar-Kreis,136474,,0,.,0,.,0,.,0,.,4.7,,2.7,,2,,0,,Landkreis,1025911911.13281,230407.440447965
2146,,2024.04,08325,Rottweil,97687,,0,.,0,.,0,.,0,.,4.6,,2.7,,1.9,,0,-,Landkreis,769493816.008789,216136.447502954
2147,,2024.04,08317,Ortenaukreis,283408,,0,.,0,.,0,.,0,.,4.4,,3,,1.5,,0,,Landkreis,1859817895.98926,262096.114408608
2148,,2024.04,08316,Emmendingen,105702,,0,.,0,.,0,.,0,.,4.4,,3,,1.4,,0,,Landkreis,680398795.238281,172702.629780998
2149,,2024.04,08315,Breisgau-Hochschwarzwald,164756,,0,.,0,.,0,.,0,.,4.9,,3.4,,1.5,,0,,Landkreis,1377672370.40137,370399.271266305
2150,,2024.04,08311,Freiburg im Breisgau,95311,,0,.,0,.,0,.,0,.,5.5,,3.5,,2,,0,,Stadtkreis,153849224.488281,91014.02371589
2151,,2024.04,08237,Freudenstadt,81412,,0,.,0,.,0,.,0,.,4.6,,2.9,,1.7,,0,-,Landkreis,870890176.946289,218933.236918359
2152,,2024.04,08236,Enzkreis,137490,,0,.,0,.,0,.,0,.,5.2,,3.3,,1.9,,0,,Landkreis,573013700.561523,230073.925261016
2153,,2024.04,08235,Calw,110693,,0,.,0,.,0,.,0,.,5.8,,4.1,,1.7,,0,,Landkreis,797593878.895508,205429.753223687
2154,,2024.04,08231,Pforzheim,63774,,0,.,0,.,0,.,0,.,5.3,,3,,2.3,,0,,Stadtkreis,98240899.1787109,58511.2928561087
2155,,2024.04,08226,Rhein-Neckar-Kreis,362118,,0,.,0,.,0,.,0,.,6.8,,3.9,,2.9,,0,,Landkreis,1060897378.24121,376735.935318718
2156,,2024.04,08225,Neckar-Odenwald-Kreis,97907,,0,.,0,.,0,.,0,.,4.2,,2.6,,1.6,,0,-,Landkreis,1125803071.23047,245427.437803649
2157,,2024.04,08222,Mannheim,158100,,0,.,0,.,0,.,0,.,5.9,,3.1,,2.7,,0,,Stadtkreis,145282582.120117,66145.7280531458
2158,,2024.04,08221,Heidelberg,61412,,0,.,0,.,0,.,0,.,6,,3.5,,2.5,,0,,Stadtkreis,109177300.727539,67290.2437024899
2159,,2024.04,08216,Rastatt,154749,,0,.,0,.,0,.,0,.,5.2,,3.3,,1.9,,0,,Landkreis,738745337.001953,298562.837436705
2160,,2024.04,08215,Karlsruhe,288871,,0,.,0,.,0,.,0,.,5,,3.2,,1.8,,0,,Landkreis,1084489419.02441,286288.605541561
2161,,2024.04,08212,Karlsruhe,141107,,0,.,0,.,0,.,0,.,6.5,,4,,2.5,,0,,Stadtkreis,174089896.172852,81609.5077277984
2162,,2024.04,08211,Baden-Baden,36266,,0,.,0,.,0,.,0,.,6.1,,3.7,,2.4,,0,,Stadtkreis,139961040.21582,98183.8804621679
2163,,2024.04,08136,Ostalbkreis,212839,,0,.,0,.,0,.,0,.,4.6,,2.7,,1.9,,0,,Landkreis,1510452892.5166,349788.857320175
2164,,2024.04,08135,Heidenheim,87768,,0,.,0,.,0,.,0,.,3.8,,2.2,,1.6,,0,,Landkreis,627374007.889648,235445.457306892
2165,,2024.04,08128,Main-Tauber-Kreis,92657,,0,.,0,.,0,.,0,.,4,,2.4,,1.6,,0,-,Landkreis,1304839178.17285,358765.85369454
2166,,2024.04,08127,Schwäbisch Hall,137100,,0,.,0,.,0,.,0,.,4.7,,3,,1.7,,0,,Landkreis,1483983603.97168,341804.115831159
2167,,2024.04,08126,Hohenlohekreis,87688,,0,.,0,.,0,.,0,.,5.3,,3.8,,1.5,,0,,Landkreis,777128184.59375,231938.728929931
2168,,2024.04,08125,Heilbronn,256328,,0,.,0,.,0,.,0,.,5.3,,3.3,,2,,0,,Landkreis,1098643452.9082,359071.410841577
2169,,2024.04,08121,Heilbronn,69885,,0,.,0,.,0,.,0,.,4.9,,2.6,,2.3,,0,,Stadtkreis,100623181.72168,67074.2189974283
2170,,2024.04,08119,Rems-Murr-Kreis,273865,,0,.,0,.,0,.,0,.,5.6,,3.3,,2.3,,0,,Landkreis,857365536.928711,214668.079545342
2171,,2024.04,08118,Ludwigsburg,339783,,0,.,0,.,0,.,0,.,5.9,,3.4,,2.6,,0,,Landkreis,686632531.452148,212148.528068176
2172,,2024.04,08117,Göppingen,171384,,0,.,0,.,0,.,0,.,4.9,,2.9,,2,,0,,Landkreis,642609816.006836,194509.684601541
2173,,2024.04,08116,Esslingen,345610,,0,.,0,.,0,.,0,.,6.7,,4.1,,2.7,,0,,Landkreis,639790912.260742,192186.178502883
2174,,2024.04,08115,Böblingen,265170,,0,.,0,.,0,.,0,.,10,,5.5,,4.4,,0,,Landkreis,617166961.571289,192935.175303125
2175,,2024.04,08111,Stuttgart,302217,,0,.,0,.,0,.,0,.,10.7,,5,,5.6,,0,,Stadtkreis,209953423.669922,96275.2293088448
2176,,2024.04,07340,Südwestpfalz,68243,,0,.,0,.,0,.,0,.,3.6,,2.3,,1.3,,0,,Landkreis,954113160.211914,287839.002459541
2177,,2024.04,07339,Mainz-Bingen,145128,,0,.,0,.,0,.,0,.,4.9,,3.2,,1.6,,0,-,Landkreis,605620457.03125,228891.65320828
2178,,2024.04,07338,Rhein-Pfalz-Kreis,103159,,0,.,0,.,0,.,0,.,4.2,,2.8,,1.4,,0,-,Landkreis,304388992.862305,182456.8069609
2179,,2024.04,07337,Südliche Weinstraße,79185,,0,.,0,.,0,.,0,.,4.4,,3,,1.4,,0,-,Landkreis,639681013.71582,271814.586706335
2180,,2024.04,07336,Kusel,48080,,0,.,0,.,0,.,0,.,2.9,,1.8,,1.1,,0,-,Landkreis,573837615.500977,183994.7760021
2181,,2024.04,07335,Kaiserslautern,70534,,0,.,0,.,0,.,0,.,4.1,,2.6,,1.5,,0,-,Landkreis,640571447.892578,268252.938579891
2182,,2024.04,07334,Germersheim,85373,,0,.,0,.,0,.,0,.,4.5,,2.8,,1.7,,0,,Landkreis,463330213.0625,139027.58003438
2183,,2024.04,07333,Donnersbergkreis,51929,,0,.,0,.,0,.,0,.,3.8,,2.7,,1.1,,0,,Landkreis,644631752.258789,159577.632166307
2184,,2024.04,07332,Bad Dürkheim,93228,,0,.,0,.,0,.,0,.,4.7,,3.1,,1.5,,0,-,Landkreis,593988929.787109,196085.16675297
2185,,2024.04,07331,Alzey-Worms,88587,,0,.,0,.,0,.,0,.,4.3,,2.9,,1.4,,0,-,Landkreis,588117875.958984,189546.478189532
2186,,2024.04,07320,Zweibrücken,21619,,0,.,0,.,0,.,0,.,4.5,,2.7,,1.8,,0,-,Kreisfreie Stadt,70802893.0361328,59253.9537753324
2187,,2024.04,07319,Worms,46691,,0,.,0,.,0,.,0,.,4.1,,2.3,,1.8,,0,-,Kreisfreie Stadt,108771236.600586,73957.693231704
2188,,2024.04,07318,Speyer,30074,,0,.,0,.,0,.,0,.,4.2,,2.7,,1.5,,0,-,Kreisfreie Stadt,42871205.4169922,40161.5178323398
2189,,2024.04,07317,Pirmasens,23487,,0,.,0,.,0,.,0,.,4.1,,2.2,,1.8,,0,-,Kreisfreie Stadt,61586073.3691406,48933.9179410104
2190,,2024.04,07316,Neustadt an der Weinstraße,33734,,0,.,0,.,0,.,0,.,4.9,,3.2,,1.6,,0,-,Kreisfreie Stadt,117196960.166016,74425.9014137383
2191,,2024.04,07315,Mainz,101767,,0,.,0,.,0,.,0,.,5.3,,3.1,,2.2,,0,,Kreisfreie Stadt,97639723.5410156,62475.8854668958
2192,,2024.04,07314,Ludwigshafen am Rhein,85128,,0,.,0,.,0,.,0,.,4.8,,2.6,,2.2,,0,,Kreisfreie Stadt,78001717.6855469,51846.815686425
2193,,2024.04,07313,Landau in der Pfalz,28476,,0,.,0,.,0,.,0,.,5.6,,3.3,,2.3,,0,-,Kreisfreie Stadt,82985492.3359375,87908.82313436
2194,,2024.04,07312,Kaiserslautern,50094,,0,.,0,.,0,.,0,.,5.3,,3.1,,2.2,,0,,Kreisfreie Stadt,140338623.198242,76154.15074223
2195,,2024.04,07311,Frankenthal (Pfalz),27187,,0,.,0,.,0,.,0,.,3.8,,1.9,,1.9,,0,-,Kreisfreie Stadt,43781479.5527344,41147.8587057006
2196,,2024.04,16077,Altenburger Land,51348,,0,.,0,.,0,.,0,.,2.2,,1.1,,1.1,,0,,Landkreis,569495813.860352,159208.499301686
2197,,2024.04,16076,Greiz,59866,,0,.,0,.,0,.,0,.,2.2,,1.2,,1,,0,-,Landkreis,846194830.068359,288937.795198219
2198,,2024.04,16075,Saale-Orla-Kreis,50187,,0,.,0,.,0,.,0,.,1.9,,1.1,,0.9,,0,-,Landkreis,1151738096.22656,255786.812284021
2199,,2024.04,16074,Saale-Holzland-Kreis,49889,,0,.,0,.,0,.,0,.,2.7,,1.6,,1.1,,0,-,Landkreis,815508565.787109,235948.734812389
2200,,2024.04,16073,Saalfeld-Rudolstadt,60029,,0,.,0,.,0,.,0,.,2.5,,1.4,,1.1,,0,-,Landkreis,1008735679.04199,289884.18985615
2201,,2024.04,16072,Sonneberg,34745,,0,.,0,.,0,.,0,.,2.4,,1.2,,1.2,,0,,Landkreis,460681672.719727,161297.158075011
2202,,2024.04,16071,Weimarer Land,49369,,0,.,0,.,0,.,0,.,3,,1.7,,1.3,,0,,Landkreis,804514564.327148,270201.373476309
2203,,2024.04,16070,Ilm-Kreis,59014,,0,.,0,.,0,.,0,.,3.1,,1.9,,1.2,,0,-,Landkreis,803588201.576172,223009.896391042
2204,,2024.04,16069,Hildburghausen,39170,,0,.,0,.,0,.,0,.,2.2,,1.4,,0.9,,0,-,Landkreis,937768356.192383,266027.275919908
2205,,2024.04,16068,Sömmerda,40691,,0,.,0,.,0,.,0,.,2.4,,1.4,,1.1,,0,-,Landkreis,807021507.053711,231271.168225578
2206,,2024.04,16067,Gotha,76657,,0,.,0,.,0,.,0,.,2.9,,1.7,,1.3,,0,,Landkreis,935833051.850586,201383.912823013
2207,,2024.04,16066,Schmalkalden-Meiningen,76367,,0,.,0,.,0,.,0,.,2.6,,1.4,,1.2,,0,-,Landkreis,1251050645.04785,289746.940316977
2208,,2024.04,16065,Kyffhäuserkreis,44206,,0,.,0,.,0,.,0,.,2,,1.1,,0.9,,0,-,Landkreis,1037770304.01953,273300.806525077
2209,,2024.04,16064,Unstrut-Hainich-Kreis,53756,,0,.,0,.,0,.,0,.,3.1,,1.8,,1.4,,0,-,Landkreis,931296290.730469,220159.559866101
2210,,2024.04,16063,Wartburgkreis,95594,,0,.,0,.,0,.,0,.,2.8,,1.5,,1.2,,0,-,Landkreis,1369998788.58398,359739.228310871
2211,,2024.04,16062,Nordhausen,47423,,0,.,0,.,0,.,0,.,2.5,,1.5,,1.1,,0,,Landkreis,714291367.835938,185722.419164402
2212,,2024.04,16061,Eichsfeld,65051,,0,.,0,.,0,.,0,.,3.6,,2.2,,1.4,,0,-,Landkreis,990529967.28418,211025.563666031
2213,,2024.04,16055,Weimar,30181,,0,.,0,.,0,.,0,.,4.2,,2.5,,1.6,,0,,Kreisfreie Stadt,84371242.5537109,63917.4037953295
2214,,2024.04,16054,Suhl,19629,,0,.,0,.,0,.,0,.,3.1,,1.7,,1.4,,0,-,Kreisfreie Stadt,142863361.462891,89565.7719743408
2215,,2024.04,16053,Jena,44923,,0,.,0,.,0,.,0,.,3.9,,2.3,,1.6,,0,-,Kreisfreie Stadt,114916066.803711,69161.7063041314
2216,,2024.04,16052,Gera,46042,,0,.,0,.,0,.,0,.,2.8,,1.6,,1.3,,0,,Kreisfreie Stadt,152224963.852539,75323.7031332036
2217,,2024.04,16051,Erfurt,98412,,0,.,0,.,0,.,0,.,4.1,,2.4,,1.7,,0,,Kreisfreie Stadt,270412481.84668,106760.438648397
2218,,2024.04,15091,Wittenberg,75894,,0,.,0,.,0,.,0,.,2.2,,1.2,,1,,0,-,Landkreis,1942799199.44336,288331.940418521
2219,,2024.04,15090,Stendal,63761,,0,.,0,.,0,.,0,.,2.1,,1.3,,0.9,,0,-,Landkreis,2437018945.38281,388099.364972118
2220,,2024.04,15089,Salzlandkreis,105057,,0,.,0,.,0,.,0,.,2,,1.1,,0.9,,0,-,Landkreis,1434906372.00391,264035.613726712
2221,,2024.04,15088,Saalekreis,116010,,0,.,0,.,0,.,0,.,2.6,,1.3,,1.3,,0,-,Landkreis,1440237602.55957,371586.717822968
2222,,2024.04,15087,Mansfeld-Südharz,79460,,0,.,0,.,0,.,0,.,1.9,,1.2,,0.8,,0,-,Landkreis,1456203560.97266,331487.311274932
2223,,2024.04,15086,Jerichower Land,54815,,0,.,0,.,0,.,0,.,2.5,,1.5,,1,,0,-,Landkreis,1589285902.17285,247755.483552346
2224,,2024.04,15085,Harz,123931,,0,.,0,.,0,.,0,.,2.7,,1.6,,1.1,,0,-,Landkreis,2108206001.10352,325892.061240799
2225,,2024.04,15084,Burgenlandkreis,102744,,0,.,0,.,0,.,0,.,2.2,,1.2,,1.1,,0,,Landkreis,1419035819.56836,295284.252349554
2226,,2024.04,15083,Börde,107583,,0,.,0,.,0,.,0,.,2.4,,1.4,,1,,0,,Landkreis,2376921623.70215,371548.321413939
2227,,2024.04,15082,Anhalt-Bitterfeld,93099,,0,.,0,.,0,.,0,.,2.2,,1.2,,1,,0,-,Landkreis,1460781901.5127,339057.665260413
2228,,2024.04,15081,Altmarkkreis Salzwedel,50776,,0,.,0,.,0,.,0,.,2.3,,1.4,,0.9,,0,-,Landkreis,2303788808.49023,303821.084721262
2229,,2024.04,15003,Magdeburg,111750,,0,.,0,.,0,.,0,.,3.4,,1.8,,1.6,,0,,Kreisfreie Stadt,200999393.913086,84386.2998201417
2230,,2024.04,15002,Halle (Saale),95085,,0,.,0,.,0,.,0,.,2.8,,1.7,,1.1,,0,,Kreisfreie Stadt,135824688.286133,77730.5455395086
2231,,2024.04,15001,Dessau-Roßlau,41703,,0,.,0,.,0,.,0,.,3,,1.8,,1.2,,0,-,Kreisfreie Stadt,246249160.496094,115997.461325231
2232,,2024.04,14730,Nordsachsen,118408,,0,.,0,.,0,.,0,.,2.6,,1.4,,1.2,,0,,Landkreis,2027548084.84375,410437.981496651
2233,,2024.04,14729,Leipzig,157470,,0,.,0,.,0,.,0,.,3,,1.8,,1.2,,0,,Landkreis,1651662788.13379,340686.753048234
2234,,2024.04,14713,Leipzig,234182,,0,.,0,.,0,.,0,.,4.2,,2.3,,1.8,,0,,Kreisfreie Stadt,298922201.506836,120864.657877298
2235,,2024.04,14628,Sächsische Schweiz-Osterzgebirge,146301,,0,.,0,.,0,.,0,.,2.5,,1.5,,1.1,,0,,Landkreis,1653732867.60742,288402.833770503
2236,,2024.04,14627,Meißen,141380,,0,.,0,.,0,.,0,.,2.5,,1.4,,1.1,,0,,Landkreis,1457361541.51758,262261.856107648
2237,,2024.04,14626,Görlitz,143868,,0,.,0,.,0,.,0,.,1.7,,0.9,,0.8,,0,,Landkreis,2111152045.11914,342510.820123424
2238,,2024.04,07233,Vulkaneifel,43141,,0,.,0,.,0,.,0,.,3.8,,2.3,,1.5,,0,-,Landkreis,911674505.946289,257481.984540412
2239,,2024.04,07232,Eifelkreis Bitburg-Prüm,70247,,0,.,0,.,0,.,0,.,3.9,,2.7,,1.2,,0,,Landkreis,1627922517.46289,260563.165497522
2240,,2024.04,07231,Bernkastel-Wittlich,77677,,0,.,0,.,0,.,0,.,4,,2.5,,1.5,,0,-,Landkreis,1168681557.4209,212499.209410563
2241,,2024.04,07211,Trier,158351,,0,.,0,.,0,.,0,.,4.8,,3.2,,1.7,,0,-,Kreisfreie Stadt,1220946433.32129,239144.771120695
2242,,2024.04,07143,Westerwaldkreis,142454,,0,.,0,.,0,.,0,.,4.9,,3.1,,1.8,,0,-,Landkreis,990180403.595703,258826.416348373
2243,,2024.04,07141,Rhein-Lahn-Kreis,82195,,0,.,0,.,0,.,0,.,4.2,,2.7,,1.5,,0,,Landkreis,781516859.424805,212678.488053315
2244,,2024.04,07140,Rhein-Hunsrück-Kreis,73436,,0,.,0,.,0,.,0,.,4.1,,2.8,,1.3,,0,-,Landkreis,991218488.785156,222923.974650335
2245,,2024.04,07138,Neuwied,124517,,0,.,0,.,0,.,0,.,4.3,,2.5,,1.8,,0,-,Landkreis,627652391.993164,179551.528669657
2246,,2024.04,07137,Mayen-Koblenz,143403,,0,.,0,.,0,.,0,.,4.4,,2.7,,1.7,,0,,Landkreis,816507263.657227,280699.935462887
2247,,2024.04,07135,Cochem-Zell,42787,,0,.,0,.,0,.,0,.,4.1,,2.7,,1.4,,0,,Landkreis,693071688.401367,185715.450794408
2248,,2024.04,07134,Birkenfeld,53369,,0,.,0,.,0,.,0,.,2.9,,1.8,,1.2,,0,-,Landkreis,776624723.824219,174346.642558535
2249,,2024.04,07133,Bad Kreuznach,103147,,0,.,0,.,0,.,0,.,4.1,,2.6,,1.5,,0,-,Landkreis,864147548.796875,190511.509267926
2250,,2024.04,07132,Altenkirchen (Westerwald),87158,,0,.,0,.,0,.,0,.,4.4,,2.7,,1.7,,0,,Landkreis,641192280.124023,226666.627454279
2251,,2024.04,07131,Ahrweiler,87524,,0,.,0,.,0,.,0,.,4,,2.4,,1.6,,0,,Landkreis,787045522.314453,198523.740877045
2252,,2024.04,07111,Koblenz,64543,,0,.,0,.,0,.,0,.,6.3,,3.3,,3,,0,,Kreisfreie Stadt,105904244.056641,60287.0431391488
2253,,2024.04,06636,Werra-Meißner-Kreis,63803,,0,.,0,.,0,.,0,.,3.6,,2.4,,1.2,,0,,Landkreis,1024390382.30957,277652.532707859
2254,,2024.04,06635,Waldeck-Frankenberg,107510,,0,.,0,.,0,.,0,.,4,,2.8,,1.2,,0,-,Landkreis,1847907077.81836,315498.946529771
2255,,2024.04,06634,Schwalm-Eder-Kreis,122085,,0,.,0,.,0,.,0,.,4.1,,3,,1.2,,0,-,Landkreis,1539557454.19043,265332.770302823
2256,,2024.04,06633,Kassel,153911,,0,.,0,.,0,.,0,.,5.1,,3.4,,1.7,,0,,Landkreis,1294912578.55566,372267.148483234
2257,,2024.04,06632,Hersfeld-Rotenburg,80835,,0,.,0,.,0,.,0,.,3.5,,2.3,,1.2,,0,-,Landkreis,1097989054.38477,239660.411478028
2258,,2024.04,06631,Fulda,147985,,0,.,0,.,0,.,0,.,4.6,,3.1,,1.5,,0,-,Landkreis,1381379533.09277,249554.88527543
2259,,2024.04,06611,Kassel,91819,,0,.,0,.,0,.,0,.,5.9,,3.6,,2.3,,0,,Kreisfreie Stadt,104921361.786133,63284.3782922191
2260,,2024.04,06535,Vogelsbergkreis,73533,,0,.,0,.,0,.,0,.,3.6,,2.3,,1.3,,0,-,Landkreis,1458289489.31641,281352.484060151
2261,,2024.04,06534,Marburg-Biedenkopf,147007,,0,.,0,.,0,.,0,.,4,,2.7,,1.3,,0,,Landkreis,1262136369.50879,219577.755636121
2262,,2024.04,06533,Limburg-Weilburg,115624,,0,.,0,.,0,.,0,.,4.9,,3,,1.9,,0,,Landkreis,738799141.473633,172150.712110974
2263,,2024.04,06532,Lahn-Dill-Kreis,167525,,0,.,0,.,0,.,0,.,4.3,,2.5,,1.8,,0,,Landkreis,1065703391.12305,219282.031563173
2264,,2024.04,06531,Gießen,158656,,0,.,0,.,0,.,0,.,4.7,,2.9,,1.8,,0,,Landkreis,855487307.994141,217540.28512267
2265,,2024.04,06440,Wetteraukreis,198602,,0,.,0,.,0,.,0,.,4.8,,2.9,,1.9,,0,,Landkreis,1100715408.88379,263849.646027959
2266,,2024.04,06439,Rheingau-Taunus-Kreis,123974,,0,.,0,.,0,.,0,.,5.2,,3.2,,2,,0,,Landkreis,811919270.723633,202814.412874961
2267,,2024.04,06438,Offenbach,222269,,0,.,0,.,0,.,0,.,4.6,,2.6,,2,,0,,Landkreis,356325742.489258,116884.314834115
2268,,2024.04,06437,Odenwaldkreis,63810,,0,.,0,.,0,.,0,.,4.1,,2.5,,1.6,,0,-,Landkreis,624772037.275391,175001.809901493
2269,,2024.04,06436,Main-Taunus-Kreis,186341,,0,.,0,.,0,.,0,.,5.6,,2.9,,2.8,,0,,Landkreis,221572678.726563,117470.580064287
2270,,2024.04,06435,Main-Kinzig-Kreis,266866,,0,.,0,.,0,.,0,.,4.1,,2.5,,1.6,,0,,Landkreis,1396882132.06348,301311.443067471
2271,,2024.04,06434,Hochtaunuskreis,167509,,0,.,0,.,0,.,0,.,6.1,,3.6,,2.5,,0,,Landkreis,480907993.546875,149540.699349362
2272,,2024.04,06433,Groß-Gerau,160469,,0,.,0,.,0,.,0,.,4.9,,2.7,,2.2,,0,,Landkreis,453325723.345703,139558.201442013
2273,,2024.04,06432,Darmstadt-Dieburg,190968,,0,.,0,.,0,.,0,.,4.9,,3,,1.9,,0,,Landkreis,658153392.793945,213944.367990509
2274,,2024.04,06431,Bergstraße,177914,,0,.,0,.,0,.,0,.,4.9,,2.9,,1.9,,0,,Landkreis,718875616.819336,230665.645395089
2275,,2024.04,06414,Wiesbaden,243966,,0,.,0,.,0,.,0,.,17.9,,11.2,,6.7,,0,,Kreisfreie Stadt,203813810.47168,76452.2375274593
2276,,2024.04,06413,Offenbach am Main,59820,,0,.,0,.,0,.,0,.,5.4,,3,,2.1,,0.3,,Kreisfreie Stadt,45319131.9121094,40703.3801450091
2277,,2024.04,06412,Frankfurt am Main,342561,,0,.,0,.,0,.,0,.,8.7,,3.8,,5,,0,,Kreisfreie Stadt,248120855.9375,107738.706029347
2278,,2024.04,06411,Darmstadt,73801,,0,.,0,.,0,.,0,.,6.8,,3.9,,2.9,,0,,Kreisfreie Stadt,122738117.188477,62500.6786556625
2279,,2024.04,05978,Unna,245436,,0,.,0,.,0,.,0,.,4.5,,2.7,,1.7,,0,,Kreis,542824039.868164,199548.421166447
2280,,2024.04,05974,Soest,196895,,0,.,0,.,0,.,0,.,5.3,,3.4,,2,,0,,Kreis,1329390562.89063,220152.441730781
2281,,2024.04,05970,Siegen-Wittgenstein,179736,,0,.,0,.,0,.,0,.,4.9,,2.7,,2.2,,0,,Kreis,1134040384.64648,221838.742179044
2282,,2024.04,05966,Olpe,92456,,0,.,0,.,0,.,0,.,4.9,,2.8,,2.1,,0,-,Kreis,711944622.895508,191915.420333218
2283,,2024.04,05962,Märkischer Kreis,257822,,0,.,0,.,0,.,0,.,4.2,,2.3,,1.9,,0,,Kreis,1060666564.4502,204522.776842104
2284,,2024.04,05958,Hochsauerlandkreis,173075,,0,.,0,.,0,.,0,.,4.7,,2.9,,1.8,,0,-,Kreis,1960082964.80859,346919.353405294
2285,,2024.04,05954,Ennepe-Ruhr-Kreis,203530,,0,.,0,.,0,.,0,.,4.6,,2.7,,2,,0,,Kreis,410907296.693359,167823.691284811
2286,,2024.04,05916,Herne,79738,,0,.,0,.,0,.,0,.,3.2,,1.6,,1.5,,0,,Kreisfreie Stadt,51509648.4521484,39643.8392912932
2287,,2024.04,05915,Hamm,100891,,0,.,0,.,0,.,0,.,4,,2.5,,1.5,,0,,Kreisfreie Stadt,227720983.532227,93458.3884714458
2288,,2024.04,05914,Hagen,100797,,0,.,0,.,0,.,0,.,3.8,,2,,1.8,,0,,Kreisfreie Stadt,160316710.286133,85106.2549919045
2289,,2024.04,05913,Dortmund,300659,,0,.,0,.,0,.,0,.,5.1,,2.8,,2.3,,0,,Kreisfreie Stadt,279662802.373047,98303.0284601238
2290,,2024.04,05911,Bochum,216348,,0,.,0,.,0,.,0,.,5.2,,3,,2.1,,0,,Kreisfreie Stadt,144803780.694336,64025.0873014356
2291,,2024.04,05774,Paderborn,191178,,0,.,0,.,0,.,0,.,5.8,,4,,1.9,,0,,Kreis,1246777280.7627,204588.642993027
2292,,2024.04,05770,Minden-Lübbecke,209624,,0,.,0,.,0,.,0,.,4.7,,3.2,,1.5,,0,-,Kreis,1151990376.89063,261061.025532273
2293,,2024.04,05766,Lippe,221849,,0,.,0,.,0,.,0,.,4.6,,3,,1.6,,0,,Kreis,1245878538.81934,235200.589696812
2294,,2024.04,05762,Höxter,92505,,0,.,0,.,0,.,0,.,4.5,,3,,1.5,,0,-,Kreis,1200707448.32422,216307.222826842
2295,,2024.04,05758,Herford,167269,,0,.,0,.,0,.,0,.,5.3,,3.4,,1.9,,0,,Kreis,450726367.121094,152051.688893975
2296,,2024.04,05754,Gütersloh,240223,,0,.,0,.,0,.,0,.,5.2,,3.4,,1.9,,0,,Kreis,969612643.183594,211345.177555524
2297,,2024.04,05711,Bielefeld,180913,,0,.,0,.,0,.,0,.,6.1,,4.1,,2,,0,,Kreisfreie Stadt,259184268.935547,98214.7178138864
2298,,2024.04,05570,Warendorf,179257,,0,.,0,.,0,.,0,.,4.5,,3.1,,1.4,,0,,Kreis,1318578231.76758,239020.016740479
2299,,2024.04,05566,Steinfurt,284414,,0,.,0,.,0,.,0,.,5.2,,3.6,,1.6,,0,,Kreis,1795416420.94824,253521.367273162
2300,,2024.04,05562,Recklinghausen,363383,,0,.,0,.,0,.,0,.,3.8,,2.2,,1.6,,0,,Kreis,761405655.898438,195517.150872042
2301,,2024.04,05558,Coesfeld,144989,,0,.,0,.,0,.,0,.,5,,3.5,,1.5,,0,,Kreis,1112317887.10254,218543.143405152
2302,,2024.04,05554,Borken,236482,,0,.,0,.,0,.,0,.,5.8,,3.8,,1.9,,0,,Kreis,1421361804.71777,271032.558216467
2303,,2024.04,05515,Münster,152328,,0,.,0,.,0,.,0,.,6.6,,4.1,,2.5,,0,,Kreisfreie Stadt,303536651.791016,104146.926446906
2304,,2024.04,05513,Gelsenkirchen,126513,,0,.,0,.,0,.,0,.,3.6,,2,,1.6,,0,,Kreisfreie Stadt,105321074.493164,57216.534225466
2305,,2024.04,05512,Bottrop,70413,,0,.,0,.,0,.,0,.,4,,2.4,,1.6,,0,,Kreisfreie Stadt,100248242.984375,57675.0683142118
2306,,2024.04,05382,Rhein-Sieg-Kreis,377307,,0,.,0,.,0,.,0,.,4.5,,2.8,,1.8,,0,,Kreis,1152349724.42285,315908.196767241
2307,,2024.04,05378,Rheinisch-Bergischer Kreis,185298,,0,.,0,.,0,.,0,.,5.6,,3.5,,2.1,,0,,Kreis,438100913.793945,166197.113748431
2308,,2024.04,05374,Oberbergischer Kreis,184564,,0,.,0,.,0,.,0,.,4.7,,2.8,,1.9,,0,-,Kreis,918229534.572266,223732.776465669
2309,,2024.04,05370,Heinsberg,169166,,0,.,0,.,0,.,0,.,4.4,,2.7,,1.7,,0,,Kreis,627392069.150391,166228.096673107
2310,,2024.04,05366,Euskirchen,159766,,0,.,0,.,0,.,0,.,6.6,,5,,1.7,,0,-,Kreis,1250281279.92773,290405.800465605
2311,,2024.04,05362,Rhein-Erft-Kreis,291113,,0,.,0,.,0,.,0,.,4.7,,2.7,,2,,0,,Kreis,703016562.010742,194838.575207755
2312,,2024.04,05358,Düren,170079,,0,.,0,.,0,.,0,.,4.8,,3.1,,1.7,,0,,Kreis,940371029.933594,239403.533273169
2313,,2024.04,05334,Städteregion Aachen,303368,,0,.,0,.,0,.,0,.,5.4,,3.2,,2.2,,0,,Kreis,704441130.219727,270249.499551821
2314,,2024.04,05316,Leverkusen,93497,,0,.,0,.,0,.,0,.,5.6,,2.9,,2.7,,0,,Kreisfreie Stadt,78780864.5332031,52325.2401412013
2315,,2024.04,05315,Köln,499093,,0,.,0,.,0,.,0,.,6.7,,3.1,,3.5,,0,,Kreisfreie Stadt,406768174.274414,122756.879624915
2316,,2024.04,05314,Bonn,175463,,0,.,0,.,0,.,0,.,6.3,,3.8,,2.4,,0,,Kreisfreie Stadt,141610673.71582,65631.2890915728
2317,,2024.04,05170,Wesel,296369,,0,.,0,.,0,.,0,.,4.5,,2.9,,1.6,,0,,Kreis,1042254695.52344,236903.50644036
2318,,2024.04,05166,Viersen,194207,,0,.,0,.,0,.,0,.,4.4,,2.8,,1.6,,0,,Kreis,563607848.28418,149013.658961646
2319,,2024.04,05162,Rhein-Kreis Neuss,281281,,0,.,0,.,0,.,0,.,5,,2.9,,2.1,,0,,Kreis,576484962.40332,171376.374023709
2320,,2024.04,05158,Mettmann,303823,,0,.,0,.,0,.,0,.,5.8,,3.4,,2.4,,0,,Kreis,407951393.454102,178740.284376613
2321,,2024.04,05154,Kleve,203140,,0,.,0,.,0,.,0,.,4.2,,2.6,,1.6,,0,,Kreis,1233480468.46582,273797.765568249
2322,,2024.04,05124,Wuppertal,180059,,0,.,0,.,0,.,0,.,4.7,,2.7,,2,,0,,Kreisfreie Stadt,168439928.404297,87139.7015602039
2323,,2024.04,05122,Solingen,94362,,0,.,0,.,0,.,0,.,5.2,,3.2,,2,,0,,Kreisfreie Stadt,88995921.1865234,60702.010830767
2324,,2024.04,05120,Remscheid,64600,,0,.,0,.,0,.,0,.,4.8,,2.6,,2.2,,0,,Kreisfreie Stadt,74084053.7412109,46566.6416204877
2325,,2024.04,05119,Oberhausen,114527,,0,.,0,.,0,.,0,.,3.8,,2.1,,1.7,,0,,Kreisfreie Stadt,77442381.3349609,47165.0388934437
2326,,2024.04,05117,Mülheim an der Ruhr,95664,,0,.,0,.,0,.,0,.,4.8,,2.6,,2.1,,0,,Kreisfreie Stadt,91288609.5791016,47771.7305814314
2327,,2024.04,05116,Mönchengladbach,144760,,0,.,0,.,0,.,0,.,4.6,,2.6,,2,,0,,Kreisfreie Stadt,170626170.893555,84169.1695040052
2328,,2024.04,05114,Krefeld,123164,,0,.,0,.,0,.,0,.,4.3,,2.5,,1.8,,0,,Kreisfreie Stadt,136588715.342773,63616.6954308927
2329,,2024.04,05113,Essen,298938,,0,.,0,.,0,.,0,.,5.5,,2.8,,2.7,,0,,Kreisfreie Stadt,210457058.47168,81440.8394355414
2330,,2024.04,05112,Duisburg,240843,,0,.,0,.,0,.,0,.,3.4,,1.9,,1.5,,0,,Kreisfreie Stadt,233192439.330078,95785.9402818368
2331,,2024.04,05111,Düsseldorf,324979,,0,.,0,.,0,.,0,.,8.4,,3.9,,4.5,,0,,Kreisfreie Stadt,217546071.861328,112285.366144823
2332,,2024.04,04012,Bremerhaven,52336,,0,.,0,.,0,.,0,.,3.7,,2.1,,1.6,,0,-,Kreisfreie Stadt,94128150.2773438,77653.3498236271
2333,,2024.04,04011,Bremen,247844,,0,.,0,.,0,.,0,.,4.6,,2.5,,2.1,,0,,Kreisfreie Stadt,326188860.736328,152668.942381665
2334,,2024.04,03462,Wittmund,37792,,0,.,0,.,0,.,0,.,2.9,,1.9,,1,,0,-,Landkreis,660805508.28125,237460.49211554
2335,,2024.04,03461,Wesermarsch,54772,,0,.,0,.,0,.,0,.,3.5,,2.3,,1.2,,0,-,Landkreis,827952082.020508,201926.225735977
2336,,2024.04,03460,Vechta,92246,,0,.,0,.,0,.,0,.,5.7,,3.9,,1.8,,0,,Landkreis,813816410.000977,175258.930309861
2337,,2024.04,03459,Osnabrück,238518,,0,.,0,.,0,.,0,.,4.7,,3.2,,1.5,,0,,Landkreis,2121066219.41406,375663.605339353
2338,,2024.04,03458,Oldenburg,87204,,0,.,0,.,0,.,0,.,4.5,,3,,1.5,,0,,Landkreis,1065025726.70703,198207.041247946
2339,,2024.04,03457,Leer,107421,,0,.,0,.,0,.,0,.,3.5,,2.4,,1.1,,0,,Landkreis,1089662558.6543,230485.427283503
2340,,2024.04,03456,Grafschaft Bentheim,88527,,0,.,0,.,0,.,0,.,5.3,,3.5,,1.8,,0,-,Landkreis,982099052.395508,194064.715881315
2341,,2024.04,03455,Friesland,68064,,0,.,0,.,0,.,0,.,3.8,,2.6,,1.2,,0,,Landkreis,618912788.368164,207826.195154195
2342,,2024.04,03454,Emsland,213109,,0,.,0,.,0,.,0,.,5.1,,3.5,,1.6,,0,,Landkreis,2883746490.64648,300655.969692117
2343,,2024.04,03453,Cloppenburg,107880,,0,.,0,.,0,.,0,.,4.5,,3.1,,1.5,,0,,Landkreis,1421047102.89844,228211.076254937
2344,,2024.04,03452,Aurich,121329,,0,.,0,.,0,.,0,.,3.7,,2.5,,1.1,,0,,Landkreis,1298652890.11816,359604.750190608
2345,,2024.04,03451,Ammerland,82859,,0,.,0,.,0,.,0,.,4.4,,2.9,,1.5,,0,-,Landkreis,730131105.62207,153874.205387695
2346,,2024.04,03405,Wilhelmshaven,40247,,0,.,0,.,0,.,0,.,3,,1.7,,1.3,,0,,Kreisfreie Stadt,108248172.838867,56249.714135824
2347,,2024.04,03404,Osnabrück,88993,,0,.,0,.,0,.,0,.,6.1,,3.7,,2.4,,0,,Kreisfreie Stadt,120208161.90625,72502.7445112705
2348,,2024.04,03403,Oldenburg (Oldb),90948,,0,.,0,.,0,.,0,.,6.3,,4,,2.3,,0,,Kreisfreie Stadt,103735226.646484,51943.3296956358
2349,,2024.04,03402,Emden,25502,,0,.,0,.,0,.,0,.,4.1,,2.8,,1.3,,0,,Kreisfreie Stadt,111796448.801758,67063.655941761
2350,,2024.04,03401,Delmenhorst,43285,,0,.,0,.,0,.,0,.,3.4,,2,,1.4,,0,,Kreisfreie Stadt,62467798.5947266,46257.9381557184
2351,,2024.04,03361,Verden,89548,,0,.,0,.,0,.,0,.,4.3,,2.8,,1.5,,0,,Landkreis,789081710.703125,224811.846339036
2352,,2024.04,03360,Uelzen,58719,,0,.,0,.,0,.,0,.,4.3,,2.8,,1.5,,0,-,Landkreis,1462207700.17188,220612.035508098
2353,,2024.04,03359,Stade,129636,,0,.,0,.,0,.,0,.,4.5,,2.8,,1.7,,0,-,Landkreis,1269075763.50293,265280.850857743
2354,,2024.04,03358,Heidekreis,91177,,0,.,0,.,0,.,0,.,3.6,,2.4,,1.2,,0,,Landkreis,1881746242.97168,365225.831866227
2355,,2024.04,03357,Rotenburg (Wümme),121046,,0,.,0,.,0,.,0,.,4.3,,2.9,,1.4,,0,,Landkreis,2073801406.19531,353552.266818007
2356,,2024.04,03356,Osterholz,75203,,0,.,0,.,0,.,0,.,4.2,,2.9,,1.3,,0,,Landkreis,653279865,179710.225107181
2357,,2024.04,03355,Lüneburg,108683,,0,.,0,.,0,.,0,.,4.9,,3.4,,1.5,,0,,Landkreis,1327357220.72852,318554.960422675
2358,,2024.04,03354,Lüchow-Dannenberg,31883,,0,.,0,.,0,.,0,.,3.6,,2.4,,1.2,,0,-,Landkreis,1226546093.60547,227707.256898562
2359,,2024.04,03353,Harburg,172495,,0,.,0,.,0,.,0,.,4.7,,3.1,,1.6,,0,,Landkreis,1249117601.8291,256626.86543829
2360,,2024.04,03352,Cuxhaven,129029,,0,.,0,.,0,.,0,.,3.4,,2.1,,1.2,,0,,Landkreis,2058739992.30664,308454.913252573
2361,,2024.04,03351,Celle,113440,,0,.,0,.,0,.,0,.,4.2,,2.6,,1.5,,0,,Landkreis,1550684013.71582,246181.705103521
2362,,2024.04,03257,Schaumburg,104742,,0,.,0,.,0,.,0,.,4.1,,2.9,,1.2,,0,-,Landkreis,676300755.381836,206397.981008128
2363,,2024.04,03256,Nienburg (Weser),80182,,0,.,0,.,0,.,0,.,3.8,,2.6,,1.2,,0,,Landkreis,1400917922.84375,317688.390120049
2364,,2024.04,03255,Holzminden,45907,,0,.,0,.,0,.,0,.,3.4,,2,,1.4,,0,-,Landkreis,694472629.105469,189171.307052356
2365,,2024.04,03254,Hildesheim,164454,,0,.,0,.,0,.,0,.,4.2,,2.7,,1.4,,0,,Landkreis,1207789320.64551,251154.965666091
2366,,2024.04,03252,Hameln-Pyrmont,94254,,0,.,0,.,0,.,0,.,4,,2.7,,1.3,,0,,Landkreis,797764574.958984,210020.338817558
2367,,2024.04,03251,Diepholz,146635,,0,.,0,.,0,.,0,.,4.7,,3,,1.7,,0,,Landkreis,1991034474.31836,308652.494010019
2368,,2024.04,03241,Region Hannover,599309,,0,.,0,.,0,.,0,.,5.1,,3.2,,1.9,,0,,Landkreis,2297326127.13477,379374.837502092
2369,,2024.04,03159,Göttingen,186329,,0,.,0,.,0,.,0,.,4.4,,2.8,,1.6,,0,,Landkreis,1754861833.00781,385590.386200199
2370,,2024.04,03158,Wolfenbüttel,76786,,0,.,0,.,0,.,0,.,4.3,,3.1,,1.2,,0,,Landkreis,724065535.433594,215640.850159417
2371,,2024.04,03157,Peine,87690,,0,.,0,.,0,.,0,.,4.3,,3.2,,1.1,,0,,Landkreis,536101104.076172,149602.771432759
2372,,2024.04,03155,Northeim,89971,,0,.,0,.,0,.,0,.,4.3,,2.8,,1.4,,0,-,Landkreis,1269651774.30176,228982.313706335
2373,,2024.04,03154,Helmstedt,57354,,0,.,0,.,0,.,0,.,4,,2.8,,1.2,,0,,Landkreis,675687788.225586,231289.034806608
2374,,2024.04,03153,Goslar,80767,,0,.,0,.,0,.,0,.,3.8,,2.4,,1.4,,0,,Landkreis,969210805.345703,233890.968622506
2375,,2024.04,03151,Gifhorn,112001,,0,.,0,.,0,.,0,.,4.5,,3.3,,1.2,,0,,Landkreis,1569205053.24512,282161.609724976
2376,,2024.04,03103,Wolfsburg,123565,,0,.,0,.,0,.,0,.,11.1,,8.9,,2.3,,0,-,Kreisfreie Stadt,204942168.826172,91494.3940080182
2377,,2024.04,03102,Salzgitter,56993,,0,.,0,.,0,.,0,.,2.8,,1.8,,1,,0,-,Kreisfreie Stadt,225241578.612305,109481.843532545
2378,,2024.04,03101,Braunschweig,145396,,0,.,0,.,0,.,0,.,7.7,,5.3,,2.3,,0,,Kreisfreie Stadt,192263016.94043,96253.2221066206
2379,,2024.04,02000,Hamburg,814253,,0,.,0,.,0,.,0,.,6.9,,3.8,,3.1,,0,,Kreisfreie Stadt,752486078.693359,218319.223917463
2380,,2024.04,01062,Stormarn,156707,,0,.,0,.,0,.,0,.,5.4,,3.4,,2,,0,,Kreis,766059006.546875,254492.948218965
2381,,2024.04,01061,Steinburg,84281,,0,.,0,.,0,.,0,.,3.8,,2.7,,1,,0,,Kreis,1055624123.08594,193429.843760563
2382,,2024.04,01060,Segeberg,175289,,0,.,0,.,0,.,0,.,4.7,,3,,1.7,,0,,Kreis,1345767960.55859,287287.284105907
2383,,2024.04,01059,Schleswig-Flensburg,134481,,0,.,0,.,0,.,0,.,4.3,,3.2,,1.1,,0,,Kreis,2070852562.36133,356669.588409604
2384,,2024.04,01058,Rendsburg-Eckernförde,180422,,0,.,0,.,0,.,0,.,4.6,,3.3,,1.3,,0,,Kreis,2188406603.16406,351411.986073704
2385,,2024.04,01057,Plön,82937,,0,.,0,.,0,.,0,.,4.4,,3.1,,1.3,,0,,Kreis,1083370335.23828,228552.625170368
2386,,2024.04,01056,Pinneberg,181562,,0,.,0,.,0,.,0,.,4.7,,3,,1.7,,0,,Kreis,663713966.863281,158271.717662983
2387,,2024.04,01055,Ostholstein,131828,,0,.,0,.,0,.,0,.,3.9,,2.6,,1.4,,0,-,Kreis,1394318441.49023,334074.13334403
2388,,2024.04,01054,Nordfriesland,107874,,0,.,0,.,0,.,0,.,5.5,,4,,1.4,,0.1,,Kreis,2090311784.12012,636064.144512072
2389,,2024.04,01053,Herzogtum Lauenburg,122917,,0,.,0,.,0,.,0,.,4.3,,2.9,,1.4,,0,,Kreis,1262927896.33203,256458.727199694
2390,,2024.04,01051,Dithmarschen,84405,,0,.,0,.,0,.,0,.,3.4,,2.5,,0.9,,0,,Kreis,1443991936.72363,245572.111008473
2391,,2024.04,01004,Neumünster,43792,,0,.,0,.,0,.,0,.,4.8,,3.2,,1.6,,0,,Kreisfreie Stadt,71631910.9277344,54213.2416336757
2392,,2024.04,01003,Lübeck,102528,,0,.,0,.,0,.,0,.,4.4,,2.6,,1.8,,0,-,Kreisfreie Stadt,211688220.145508,146471.981758647
2393,,2024.04,01002,Kiel,111414,,0,.,0,.,0,.,0,.,4.7,,2.9,,1.8,,0,,Kreisfreie Stadt,119698137.066406,84659.240789817
2394,,2024.04,01001,Flensburg,46006,,0,.,0,.,0,.,0,.,4.9,,3.2,,1.7,,0,,Kreisfreie Stadt,56888946.234375,37654.0538300401
2395,,2024.07,12066,Oberspreewald-Lausitz,65480,,0,.,0,.,0,.,0,.,2,,1,,0.9,,0,-,Landkreis,1223208108.22656,254326.525952779
2396,,2024.07,12065,Oberhavel,127177,,0,.,0,.,0,.,0,.,4.1,,2.5,,1.6,,0,,Landkreis,1807834068.39551,360530.244809173
2397,,2024.07,12064,Märkisch-Oderland,122257,,0,.,0,.,0,.,0,.,3.3,,2,,1.4,,0,,Landkreis,2157546355.48535,315778.884374255
2398,,2024.07,12063,Havelland,98418,,0,.,0,.,0,.,0,.,4.2,,2.6,,1.5,,0,,Landkreis,1727373166.76465,342971.431508018
2399,,2024.07,12062,Elbe-Elster,63883,,0,.,0,.,0,.,0,.,2,,1.1,,0.9,,0,,Landkreis,1899997386.25391,305918.130224615
2400,,2024.07,12061,Dahme-Spreewald,109952,,0,.,0,.,0,.,0,.,3.9,,2.4,,1.5,,0,,Landkreis,2275819756.17969,436033.631253628
2401,,2024.07,12060,Barnim,111569,,0,.,0,.,0,.,0,.,3.7,,2.3,,1.4,,0,,Landkreis,1481005522.70801,341342.860018858
2402,,2024.07,12054,Potsdam,77207,,0,.,0,.,0,.,0,.,4.7,,2.7,,2,,0,,Kreisfreie Stadt,186950957.337891,96418.8943279986
2403,,2024.07,12053,Frankfurt (Oder),28380,,0,.,0,.,0,.,0,.,2.6,,1.3,,1.2,,0,-,Kreisfreie Stadt,147780070.31543,66375.9750375522
2404,,2024.07,12052,Cottbus,48673,,0,.,0,.,0,.,0,.,2.8,,1.5,,1.3,,0,,Kreisfreie Stadt,165033344.552734,87657.0910954755
2405,,2024.07,12051,Brandenburg an der Havel,35339,,0,.,0,.,0,.,0,.,3.9,,2.2,,1.6,,0,-,Kreisfreie Stadt,229536571.996094,141971.594036605
2406,,2024.07,11000,Berlin,1241717,,0,.,0,.,0,.,0,.,5.4,,3.1,,2.2,,0,,Kreisfreie Stadt,891789356.085938,222564.759502733
2407,,2024.07,10046,St. Wendel,62955,,0,.,0,.,0,.,0,.,4.1,,2.5,,1.6,,0,-,Landkreis,476354283.110352,146866.901261139
2408,,2024.07,10045,Saarpfalz-Kreis,99618,,0,.,0,.,0,.,0,.,4.6,,2.7,,1.8,,0,,Landkreis,419096935.567383,159211.807111928
2409,,2024.07,10044,Saarlouis,135667,,0,.,0,.,0,.,0,.,4.1,,2.4,,1.7,,0,,Landkreis,458985903.306641,158271.168504276
2410,,2024.07,10043,Neunkirchen,87463,,0,.,0,.,0,.,0,.,3.8,,2.2,,1.6,,0,-,Landkreis,248117924.852539,107822.664579199
2411,,2024.07,10042,Merzig-Wadern,73622,,0,.,0,.,0,.,0,.,3.6,,2.2,,1.4,,0,-,Landkreis,556979507.769531,154721.880097438
2412,,2024.07,10041,Regionalverband Saarbrücken,194153,,0,.,0,.,0,.,0,.,4.4,,2.4,,1.9,,0,,Landkreis,411489484.970703,160799.877878205
2413,,2024.07,09780,Oberallgäu,106311,,0,.,0,.,0,.,0,.,4.6,,3.2,,1.4,,0,-,Landkreis,1528353119.51855,341969.342105912
2414,,2024.07,09779,Donau-Ries,96409,,0,.,0,.,0,.,0,.,4.5,,2.9,,1.6,,0,-,Landkreis,1274179146.9248,334855.877078285
2415,,2024.07,09778,Unterallgäu,105410,,0,.,0,.,0,.,0,.,4,,2.8,,1.2,,0,-,Landkreis,1229882513.49414,326412.465520539
2416,,2024.07,09777,Ostallgäu,97602,,0,.,0,.,0,.,0,.,4.6,,3.2,,1.4,,0,-,Landkreis,1393283604.78418,408695.960385229
2417,,2024.07,09776,Lindau (Bodensee),54669,,0,.,0,.,0,.,0,.,4.5,,3,,1.5,,0,-,Landkreis,323241962.030273,143695.537883892
2418,,2024.07,09775,Neu-Ulm,115602,,0,.,0,.,0,.,0,.,4.5,,2.9,,1.7,,0,,Landkreis,515671085.181641,148988.874247824
2419,,2024.07,09774,Günzburg,89292,,0,.,0,.,0,.,0,.,4.6,,3,,1.6,,0,,Landkreis,763345366.449219,232954.134000113
2420,,2024.07,09773,Dillingen a.d.Donau,68830,,0,.,0,.,0,.,0,.,3.8,,2.4,,1.4,,0,-,Landkreis,791686690.830078,242655.202666034
2421,,2024.07,09772,Augsburg,173686,,0,.,0,.,0,.,0,.,5.2,,3.3,,1.9,,0,,Landkreis,1071521962.7207,309028.860969014
2422,,2024.07,09771,Aichach-Friedberg,91130,,0,.,0,.,0,.,0,.,4.9,,3.4,,1.6,,0,,Landkreis,779820964.371094,226106.141811333
2423,,2024.07,09764,Memmingen,27843,,0,.,0,.,0,.,0,.,4.7,,3,,1.7,,0,-,Kreisfreie Stadt,69807842.7167969,63228.1848011595
2424,,2024.07,09763,Kempten (Allgäu),41311,,0,.,0,.,0,.,0,.,6,,4.1,,1.9,,0,,Kreisfreie Stadt,63248638.9882813,53450.3530222877
2425,,2024.07,09762,Kaufbeuren,26817,,0,.,0,.,0,.,0,.,4.2,,2.7,,1.4,,0,-,Kreisfreie Stadt,40431942.4960938,39470.9962520316
2426,,2024.07,09761,Augsburg,142109,,0,.,0,.,0,.,0,.,4.9,,2.7,,2.1,,0,,Kreisfreie Stadt,146459229.583984,86297.542663465
2427,,2024.07,09679,Würzburg,109350,,0,.,0,.,0,.,0,.,5.4,,3.7,,1.6,,0,,Landkreis,967155584.087891,337613.040360294
2428,,2024.07,09678,Schweinfurt,80006,,0,.,0,.,0,.,0,.,4.7,,3.3,,1.4,,0,,Landkreis,841233412.072266,324997.501418006
2429,,2024.07,09677,Main-Spessart,87871,,0,.,0,.,0,.,0,.,4.4,,2.8,,1.6,,0,-,Landkreis,1321991667.66113,287380.964912033
2430,,2024.07,09676,Miltenberg,87920,,0,.,0,.,0,.,0,.,4.4,,2.5,,1.8,,0,,Landkreis,715285437.052734,225618.089550047
2431,,2024.07,09675,Kitzingen,63926,,0,.,0,.,0,.,0,.,4.7,,3.4,,1.4,,0,,Landkreis,683903707.851563,201499.965144985
2432,,2024.07,09674,Haßberge,60477,,0,.,0,.,0,.,0,.,4.1,,3,,1.1,,0,-,Landkreis,956502900.063477,250394.505232398
2433,,2024.07,09673,Rhön-Grabfeld,56327,,0,.,0,.,0,.,0,.,4.4,,3.1,,1.3,,0,-,Landkreis,1021624976.38477,256743.758245581
2434,,2024.07,09672,Bad Kissingen,72859,,0,.,0,.,0,.,0,.,4.1,,2.9,,1.2,,0,-,Landkreis,1137656959.4668,279211.62790441
2435,,2024.07,09671,Aschaffenburg,120461,,0,.,0,.,0,.,0,.,5.4,,3.4,,1.9,,0,,Landkreis,698932681.59375,229374.257908033
2436,,2024.07,09663,Würzburg,64317,,0,.,0,.,0,.,0,.,6,,3.7,,2.3,,0,,Kreisfreie Stadt,87764401.9951172,65259.0145445697
2437,,2024.07,09662,Schweinfurt,30179,,0,.,0,.,0,.,0,.,7,,3.2,,3.7,,0,-,Kreisfreie Stadt,35705732.7753906,39633.719962486
2438,,2024.07,09661,Aschaffenburg,44722,,0,.,0,.,0,.,0,.,8.3,,5.2,,3.1,,0,,Kreisfreie Stadt,62023548.3466797,50412.0037044716
2439,,2024.07,09577,Weißenburg-Gunzenhausen,65359,,0,.,0,.,0,.,0,.,4.4,,3.1,,1.3,,0,,Landkreis,970267811.857422,223083.568343369
2440,,2024.07,09576,Roth,89813,,0,.,0,.,0,.,0,.,4.7,,3,,1.6,,0,,Landkreis,895175763.526367,300336.063639876
2441,,2024.07,09575,Neustadt a.d.Aisch-Bad Windsheim,70652,,0,.,0,.,0,.,0,.,4.8,,3.4,,1.4,,0,,Landkreis,1267945156.98633,286565.424246564
2442,,2024.07,09574,Nürnberger Land,113847,,0,.,0,.,0,.,0,.,5.1,,3.4,,1.7,,0,,Landkreis,797630947.844727,280037.722454563
2443,,2024.07,09573,Fürth,78825,,0,.,0,.,0,.,0,.,4.9,,3.3,,1.6,,0,,Landkreis,307104515.246094,119071.936100924
2444,,2024.07,09572,Erlangen-Höchstadt,95150,,0,.,0,.,0,.,0,.,7,,4.6,,2.4,,0,,Landkreis,564516798.948242,302003.323956942
2445,,2024.07,09571,Ansbach,131027,,0,.,0,.,0,.,0,.,4.3,,3,,1.3,,0,,Landkreis,1972780199.8584,438171.105364346
2446,,2024.07,09565,Schwabach,26718,,0,.,0,.,0,.,0,.,5.3,,3.4,,1.9,,0,-,Kreisfreie Stadt,40825280.7548828,44392.3601544875
2447,,2024.07,09564,Nürnberg,249979,,0,.,0,.,0,.,0,.,5.4,,3.3,,2.1,,0,,Kreisfreie Stadt,187671476.236328,138424.259082801
2448,,2024.07,09563,Fürth,64845,,0,.,0,.,0,.,0,.,4.7,,3,,1.7,,0,,Kreisfreie Stadt,63347123.8447266,45995.1390193326
2449,,2024.07,09562,Erlangen,56574,,0,.,0,.,0,.,0,.,5.9,,3.7,,2.2,,0,,Kreisfreie Stadt,78014690.5429688,53139.0900158128
2450,,2024.07,09561,Ansbach,26093,,0,.,0,.,0,.,0,.,4.9,,3.1,,1.8,,0,-,Kreisfreie Stadt,99853580.3564453,70278.7303360335
2451,,2024.07,09479,Wunsiedel i.Fichtelgebirge,47971,,0,.,0,.,0,.,0,.,3.8,,2.3,,1.6,,0,-,Landkreis,606192311.765625,147427.252500402
2452,,2024.07,09478,Lichtenfels,46139,,0,.,0,.,0,.,0,.,3.4,,2.2,,1.1,,0,-,Landkreis,519676599.529297,188339.943949693
2453,,2024.07,09477,Kulmbach,51070,,0,.,0,.,0,.,0,.,4.1,,2.7,,1.4,,0,,Landkreis,658004334.990234,203657.347389188
2454,,2024.07,09476,Kronach,46454,,0,.,0,.,0,.,0,.,3.5,,2.2,,1.3,,0,-,Landkreis,651475772.542969,195680.596667354
2455,,2024.07,09475,Hof,65232,,0,.,0,.,0,.,0,.,3.9,,2.2,,1.7,,0,,Landkreis,893663689.371094,293042.491814798
2456,,2024.07,09474,Forchheim,79997,,0,.,0,.,0,.,0,.,4.5,,3.2,,1.4,,0,,Landkreis,642921296.804688,202014.345609455
2457,,2024.07,09473,Coburg,60537,,0,.,0,.,0,.,0,.,4.4,,2.8,,1.5,,0,,Landkreis,591020889.209961,265614.514307051
2458,,2024.07,09472,Bayreuth,73206,,0,.,0,.,0,.,0,.,3.8,,2.6,,1.2,,0,,Landkreis,1273584205.2207,386106.994410095
2459,,2024.07,09471,Bamberg,105110,,0,.,0,.,0,.,0,.,4,,2.8,,1.2,,0,,Landkreis,1166948004.1875,363511.905725181
2460,,2024.07,09464,Hof,27627,,0,.,0,.,0,.,0,.,4.4,,2.5,,1.9,,0,,Kreisfreie Stadt,58159802.2382813,54718.4550792217
2461,,2024.07,09463,Coburg,25645,,0,.,0,.,0,.,0,.,5.4,,3.3,,2.1,,0,-,Kreisfreie Stadt,48017323.6835938,47861.9792022719
2462,,2024.07,09462,Bayreuth,41244,,0,.,0,.,0,.,0,.,6.8,,3.8,,3,,0,,Kreisfreie Stadt,67008634.3730469,64736.4199248782
2463,,2024.07,09461,Bamberg,41389,,0,.,0,.,0,.,0,.,4.9,,3.2,,1.7,,0,-,Kreisfreie Stadt,54976414.7333984,40927.3519722638
2464,,2024.07,09377,Tirschenreuth,50066,,0,.,0,.,0,.,0,.,3.7,,2.2,,1.5,,0,-,Landkreis,1084534913.91406,229088.470696812
2465,,2024.07,09376,Schwandorf,105392,,0,.,0,.,0,.,0,.,3.9,,2.6,,1.3,,0,-,Landkreis,1458425984.95898,347575.996306894
2466,,2024.07,09375,Regensburg,133496,,0,.,0,.,0,.,0,.,4.8,,3.4,,1.5,,0,,Landkreis,1393030845.39941,411789.418124436
2467,,2024.07,09374,Neustadt a.d.Waldnaab,67455,,0,.,0,.,0,.,0,.,4.1,,2.7,,1.4,,0,-,Landkreis,1428166109.66699,385732.083609104
2468,,2024.07,09373,Neumarkt i.d.OPf.,93786,,0,.,0,.,0,.,0,.,4.4,,3,,1.4,,0,-,Landkreis,1344541220.45117,303939.946431158
2469,,2024.07,09372,Cham,93196,,0,.,0,.,0,.,0,.,4,,2.8,,1.2,,0,,Landkreis,1526958023.89063,299328.140846534
2470,,2024.07,09371,Amberg-Sulzbach,72424,,0,.,0,.,0,.,0,.,4.5,,3.1,,1.4,,0,,Landkreis,1255092290.34766,376859.42579161
2471,,2024.07,09363,Weiden i.d.OPf.,26676,,0,.,0,.,0,.,0,.,4.4,,2.6,,1.8,,0,-,Kreisfreie Stadt,70605006.8857422,71839.4196751139
2472,,2024.07,09362,Regensburg,83815,,0,.,0,.,0,.,0,.,6.7,,4,,2.7,,0,,Kreisfreie Stadt,79706492.1894531,59506.3819752187
2473,,2024.07,09361,Amberg,25332,,0,.,0,.,0,.,0,.,5.5,,3.5,,2,,0,-,Kreisfreie Stadt,50405257.5654297,45172.0627563141
2474,,2024.07,09279,Dingolfing-Landau,73682,,0,.,0,.,0,.,0,.,4.8,,3.3,,1.4,,0,,Landkreis,877379815.797852,263187.17169248
2475,,2024.07,09278,Straubing-Bogen,72607,,0,.,0,.,0,.,0,.,4.2,,3,,1.2,,0,-,Landkreis,1200964159.71777,333805.068298285
2476,,2024.07,09277,Rottal-Inn,87697,,0,.,0,.,0,.,0,.,4.2,,2.9,,1.3,,0,,Landkreis,1281034787.56348,290982.290980761
2477,,2024.07,09276,Regen,52128,,0,.,0,.,0,.,0,.,4,,2.5,,1.6,,0,-,Landkreis,974828582.608398,194334.820631541
2478,,2024.07,09275,Passau,135193,,0,.,0,.,0,.,0,.,4.6,,3.2,,1.4,,0,,Landkreis,1530226056.83984,349324.825744492
2479,,2024.07,09274,Landshut,115348,,0,.,0,.,0,.,0,.,5.2,,3.6,,1.5,,0,,Landkreis,1347484584.59082,352561.699055864
2480,,2024.07,09273,Kelheim,84959,,0,.,0,.,0,.,0,.,4.1,,3,,1.2,,0,-,Landkreis,1064782902.7373,277566.475134382
2481,,2024.07,09272,Freyung-Grafenau,55357,,0,.,0,.,0,.,0,.,4,,2.5,,1.5,,0,-,Landkreis,983773696.077148,205137.074783462
2482,,2024.07,09271,Deggendorf,82741,,0,.,0,.,0,.,0,.,4.6,,3.1,,1.5,,0,-,Landkreis,861232904.080078,214908.653550047
2483,,2024.07,09263,Straubing,28466,,0,.,0,.,0,.,0,.,4.5,,2.7,,1.8,,0,-,Kreisfreie Stadt,67649328.3486328,55342.4542959559
2484,,2024.07,09262,Passau,30433,,0,.,0,.,0,.,0,.,6,,3.5,,2.5,,0,,Kreisfreie Stadt,70107293.4433594,58468.6189304297
2485,,2024.07,09261,Landshut,39688,,0,.,0,.,0,.,0,.,5.3,,3.2,,2.1,,0,,Kreisfreie Stadt,66173764.9755859,68059.4178922351
2486,,2024.07,09190,Weilheim-Schongau,92552,,0,.,0,.,0,.,0,.,4.7,,3.3,,1.4,,0,-,Landkreis,967395171.895508,272636.208647296
2487,,2024.07,09189,Traunstein,123274,,0,.,0,.,0,.,0,.,4.9,,3.5,,1.5,,0,-,Landkreis,1532990057.25293,315972.371520452
2488,,2024.07,09188,Starnberg,90371,,0,.,0,.,0,.,0,.,7.4,,4.9,,2.5,,0,,Landkreis,486839643.578125,154838.380658794
2489,,2024.07,09187,Rosenheim,179738,,0,.,0,.,0,.,0,.,5.1,,3.5,,1.6,,0,,Landkreis,1440401955.72949,378977.363111802
2490,,2024.07,09186,Pfaffenhofen a.d.Ilm,88560,,0,.,0,.,0,.,0,.,4.9,,3.5,,1.4,,0,,Landkreis,760903330.470703,229356.061018572
2491,,2024.07,09185,Neuburg-Schrobenhausen,68182,,0,.,0,.,0,.,0,.,3.8,,2.6,,1.3,,0,,Landkreis,740049089.376953,221714.43570198
2492,,2024.07,09184,München,248328,,0,.,0,.,0,.,0,.,10.6,,6.3,,4.3,,0,,Landkreis,664006064.419922,253024.576960929
2493,,2024.07,09183,Mühldorf a.Inn,79099,,0,.,0,.,0,.,0,.,4.6,,3.2,,1.4,,0,,Landkreis,805046306.827148,251387.906279848
2494,,2024.07,09182,Miesbach,68509,,0,.,0,.,0,.,0,.,5.4,,3.5,,1.9,,0,,Landkreis,866757960.75293,210751.517487509
2495,,2024.07,09181,Landsberg am Lech,86330,,0,.,0,.,0,.,0,.,6,,4.6,,1.5,,0,-,Landkreis,803669334.545898,220162.735665796
2496,,2024.07,09180,Garmisch-Partenkirchen,54026,,0,.,0,.,0,.,0,.,4.2,,2.8,,1.4,,0,,Landkreis,1011920317.62012,202175.405901146
2497,,2024.07,09179,Fürstenfeldbruck,127526,,0,.,0,.,0,.,0,.,5.1,,3.3,,1.8,,0,,Landkreis,434651013.395508,150795.74162017
2498,,2024.07,09178,Freising,113911,,0,.,0,.,0,.,0,.,5.3,,3.5,,1.7,,0,,Landkreis,798505478.394531,198190.25752764
2499,,2024.07,09177,Erding,93293,,0,.,0,.,0,.,0,.,4.7,,3.2,,1.5,,0,,Landkreis,870824808.99707,184026.941276641
2500,,2024.07,09176,Eichstätt,89156,,0,.,0,.,0,.,0,.,4.3,,3.2,,1.2,,0,,Landkreis,1214365067.16309,307498.835164874
2501,,2024.07,09175,Ebersberg,89579,,0,.,0,.,0,.,0,.,6.3,,4,,2.2,,0,,Landkreis,549824040.4375,156850.433357146
2502,,2024.07,09174,Dachau,96789,,0,.,0,.,0,.,0,.,5,,3.3,,1.8,,0,,Landkreis,579538659.702148,164328.110709436
2503,,2024.07,09173,Bad Tölz-Wolfratshausen,82925,,0,.,0,.,0,.,0,.,4.7,,3.1,,1.6,,0,,Landkreis,1111683344.53906,234990.022505886
2504,,2024.07,09172,Berchtesgadener Land,68167,,0,.,0,.,0,.,0,.,3.9,,2.6,,1.3,,0,-,Landkreis,839799161.021484,222421.730122155
2505,,2024.07,09171,Altötting,75014,,0,.,0,.,0,.,0,.,4.9,,3.3,,1.6,,0,-,Landkreis,569350849.804688,159866.861096235
2506,,2024.07,09163,Rosenheim,36430,,0,.,0,.,0,.,0,.,4.7,,3,,1.7,,0,,Kreisfreie Stadt,36954285.3867188,31415.2055751276
2507,,2024.07,09162,München,776218,,0,.,0,.,0,.,0,.,9,,4.8,,4.2,,0,,Kreisfreie Stadt,311418892.893555,113444.364599277
2508,,2024.07,09161,Ingolstadt,104256,,0,.,0,.,0,.,0,.,12.4,,7.3,,5,,0,,Kreisfreie Stadt,133437450.783203,76161.6928625865
2509,,2024.07,08437,Sigmaringen,90918,,0,.,0,.,0,.,0,.,4.3,,2.8,,1.5,,0,,Landkreis,1204677491.74121,292560.594124531
2510,,2024.07,08436,Ravensburg,189677,,0,.,0,.,0,.,0,.,5,,3.4,,1.6,,0,-,Landkreis,1631876151.00586,326018.877239601
2511,,2024.07,08435,Bodenseekreis,144326,,0,.,0,.,0,.,0,.,6,,3.4,,2.6,,0,,Landkreis,665234832.079102,196264.544875067
2512,,2024.07,08426,Biberach,139118,,0,.,0,.,0,.,0,.,4.8,,3.4,,1.4,,0,-,Landkreis,1409893821.0918,294123.862292792
2513,,2024.07,08425,Alb-Donau-Kreis,135167,,0,.,0,.,0,.,0,.,4.8,,3.3,,1.5,,0,,Landkreis,1357392728.38867,400613.419260071
2514,,2024.07,08421,Ulm,68572,,0,.,0,.,0,.,0,.,6.3,,4.1,,2.3,,0,,Stadtkreis,119244615.334961,90886.1258529902
2515,,2024.07,08417,Zollernalbkreis,133018,,0,.,0,.,0,.,0,.,4.5,,2.7,,1.8,,0,,Landkreis,917298672.389648,200702.700707429
2516,,2024.07,08416,Tübingen,130817,,0,.,0,.,0,.,0,.,5.5,,3.5,,2,,0,,Landkreis,519905356.571289,168209.697087106
2517,,2024.07,08415,Reutlingen,186402,,0,.,0,.,0,.,0,.,5.2,,3.1,,2,,0,,Landkreis,1092260476.94043,248486.106887773
2518,,2024.07,08337,Waldshut,112629,,0,.,0,.,0,.,0,.,5.1,,3.5,,1.6,,0,,Landkreis,1130807825.95508,276819.835436996
2519,,2024.07,08336,Lörrach,140769,,0,.,0,.,0,.,0,.,5.2,,3.5,,1.7,,0,,Landkreis,807128916.5625,166962.443862911
2520,,2024.07,08335,Konstanz,167388,,0,.,0,.,0,.,0,.,5.2,,3.4,,1.8,,0,,Landkreis,817527869.484375,301955.873771339
2521,,2024.07,08327,Tuttlingen,94117,,0,.,0,.,0,.,0,.,5.3,,3,,2.3,,0,,Landkreis,734058016.166992,181332.840700999
2522,,2024.07,08326,Schwarzwald-Baar-Kreis,137226,,0,.,0,.,0,.,0,.,4.8,,2.8,,2,,0,,Landkreis,1025911911.13281,230407.440447965
2523,,2024.07,08325,Rottweil,98321,,0,.,0,.,0,.,0,.,4.7,,2.8,,1.9,,0,-,Landkreis,769493816.008789,216136.447502954
2524,,2024.07,08317,Ortenaukreis,284799,,0,.,0,.,0,.,0,.,4.5,,3,,1.5,,0,,Landkreis,1859817895.98926,262096.114408608
2525,,2024.07,08316,Emmendingen,106124,,0,.,0,.,0,.,0,.,4.5,,3.1,,1.4,,0,,Landkreis,680398795.238281,172702.629780998
2526,,2024.07,08315,Breisgau-Hochschwarzwald,165359,,0,.,0,.,0,.,0,.,5,,3.5,,1.5,,0,-,Landkreis,1377672370.40137,370399.271266305
2527,,2024.07,08311,Freiburg im Breisgau,95653,,0,.,0,.,0,.,0,.,5.7,,3.7,,2,,0,,Stadtkreis,153849224.488281,91014.02371589
2528,,2024.07,08237,Freudenstadt,82032,,0,.,0,.,0,.,0,.,4.7,,3,,1.7,,0,-,Landkreis,870890176.946289,218933.236918359
2529,,2024.07,08236,Enzkreis,137932,,0,.,0,.,0,.,0,.,5.4,,3.4,,1.9,,0,,Landkreis,573013700.561523,230073.925261016
2530,,2024.07,08235,Calw,111319,,0,.,0,.,0,.,0,.,6,,4.2,,1.8,,0,,Landkreis,797593878.895508,205429.753223687
2531,,2024.07,08231,Pforzheim,63955,,0,.,0,.,0,.,0,.,5.5,,3.1,,2.3,,0,,Stadtkreis,98240899.1787109,58511.2928561087
2532,,2024.07,08226,Rhein-Neckar-Kreis,363694,,0,.,0,.,0,.,0,.,7.1,,4.2,,2.9,,0,,Landkreis,1060897378.24121,376735.935318718
2533,,2024.07,08225,Neckar-Odenwald-Kreis,98433,,0,.,0,.,0,.,0,.,4.3,,2.7,,1.6,,0,-,Landkreis,1125803071.23047,245427.437803649
2534,,2024.07,08222,Mannheim,159034,,0,.,0,.,0,.,0,.,6.1,,3.3,,2.8,,0,,Stadtkreis,145282582.120117,66145.7280531458
2535,,2024.07,08221,Heidelberg,61370,,0,.,0,.,0,.,0,.,6.2,,3.7,,2.5,,0,,Stadtkreis,109177300.727539,67290.2437024899
2536,,2024.07,08216,Rastatt,155350,,0,.,0,.,0,.,0,.,5.4,,3.4,,2,,0,,Landkreis,738745337.001953,298562.837436705
2537,,2024.07,08215,Karlsruhe,289969,,0,.,0,.,0,.,0,.,5.2,,3.4,,1.8,,0,,Landkreis,1084489419.02441,286288.605541561
2538,,2024.07,08212,Karlsruhe,141282,,0,.,0,.,0,.,0,.,6.7,,4.2,,2.5,,0,,Stadtkreis,174089896.172852,81609.5077277984
2539,,2024.07,08211,Baden-Baden,36397,,0,.,0,.,0,.,0,.,6.2,,3.8,,2.4,,0,,Stadtkreis,139961040.21582,98183.8804621679
2540,,2024.07,08136,Ostalbkreis,214049,,0,.,0,.,0,.,0,.,4.8,,2.9,,1.9,,0,,Landkreis,1510452892.5166,349788.857320175
2541,,2024.07,08135,Heidenheim,88130,,0,.,0,.,0,.,0,.,3.9,,2.3,,1.6,,0,,Landkreis,627374007.889648,235445.457306892
2542,,2024.07,08128,Main-Tauber-Kreis,93144,,0,.,0,.,0,.,0,.,4.1,,2.5,,1.6,,0,-,Landkreis,1304839178.17285,358765.85369454
2543,,2024.07,08127,Schwäbisch Hall,137748,,0,.,0,.,0,.,0,.,4.9,,3.2,,1.7,,0,,Landkreis,1483983603.97168,341804.115831159
2544,,2024.07,08126,Hohenlohekreis,88249,,0,.,0,.,0,.,0,.,5.6,,4,,1.5,,0,,Landkreis,777128184.59375,231938.728929931
2545,,2024.07,08125,Heilbronn,257120,,0,.,0,.,0,.,0,.,5.5,,3.5,,2.1,,0,,Landkreis,1098643452.9082,359071.410841577
2546,,2024.07,08121,Heilbronn,70214,,0,.,0,.,0,.,0,.,5.1,,2.7,,2.4,,0,,Stadtkreis,100623181.72168,67074.2189974283
2547,,2024.07,08119,Rems-Murr-Kreis,274957,,0,.,0,.,0,.,0,.,5.7,,3.4,,2.3,,0,,Landkreis,857365536.928711,214668.079545342
2548,,2024.07,08118,Ludwigsburg,342159,,0,.,0,.,0,.,0,.,6.1,,3.6,,2.6,,0,,Landkreis,686632531.452148,212148.528068176
2549,,2024.07,08117,Göppingen,172223,,0,.,0,.,0,.,0,.,5,,3,,2,,0,,Landkreis,642609816.006836,194509.684601541
2550,,2024.07,08116,Esslingen,347155,,0,.,0,.,0,.,0,.,6.9,,4.2,,2.7,,0,,Landkreis,639790912.260742,192186.178502883
2551,,2024.07,08115,Böblingen,266434,,0,.,0,.,0,.,0,.,10.3,,5.7,,4.6,,0,,Landkreis,617166961.571289,192935.175303125
2552,,2024.07,08111,Stuttgart,304520,,0,.,0,.,0,.,0,.,10.9,,5.3,,5.7,,0,,Stadtkreis,209953423.669922,96275.2293088448
2553,,2024.07,07340,Südwestpfalz,68523,,0,.,0,.,0,.,0,.,3.7,,2.4,,1.3,,0,,Landkreis,954113160.211914,287839.002459541
2554,,2024.07,07339,Mainz-Bingen,145669,,0,.,0,.,0,.,0,.,5.1,,3.4,,1.7,,0,-,Landkreis,605620457.03125,228891.65320828
2555,,2024.07,07338,Rhein-Pfalz-Kreis,103180,,0,.,0,.,0,.,0,.,4.4,,2.9,,1.4,,0,-,Landkreis,304388992.862305,182456.8069609
2556,,2024.07,07337,Südliche Weinstraße,79545,,0,.,0,.,0,.,0,.,4.6,,3.2,,1.4,,0,-,Landkreis,639681013.71582,271814.586706335
2557,,2024.07,07336,Kusel,48187,,0,.,0,.,0,.,0,.,3,,1.9,,1.1,,0,-,Landkreis,573837615.500977,183994.7760021
2558,,2024.07,07335,Kaiserslautern,70703,,0,.,0,.,0,.,0,.,4.2,,2.7,,1.5,,0,-,Landkreis,640571447.892578,268252.938579891
2559,,2024.07,07334,Germersheim,85856,,0,.,0,.,0,.,0,.,4.7,,3,,1.7,,0,,Landkreis,463330213.0625,139027.58003438
2560,,2024.07,07333,Donnersbergkreis,52148,,0,.,0,.,0,.,0,.,3.9,,2.7,,1.2,,0,,Landkreis,644631752.258789,159577.632166307
2561,,2024.07,07332,Bad Dürkheim,93673,,0,.,0,.,0,.,0,.,4.8,,3.3,,1.6,,0,-,Landkreis,593988929.787109,196085.16675297
2562,,2024.07,07331,Alzey-Worms,88957,,0,.,0,.,0,.,0,.,4.5,,3,,1.4,,0,-,Landkreis,588117875.958984,189546.478189532
2563,,2024.07,07320,Zweibrücken,21738,,0,.,0,.,0,.,0,.,4.6,,2.8,,1.8,,0,-,Kreisfreie Stadt,70802893.0361328,59253.9537753324
2564,,2024.07,07319,Worms,46843,,0,.,0,.,0,.,0,.,4.2,,2.4,,1.8,,0,-,Kreisfreie Stadt,108771236.600586,73957.693231704
2565,,2024.07,07318,Speyer,30301,,0,.,0,.,0,.,0,.,4.3,,2.8,,1.5,,0,-,Kreisfreie Stadt,42871205.4169922,40161.5178323398
2566,,2024.07,07317,Pirmasens,23392,,0,.,0,.,0,.,0,.,4.1,,2.3,,1.9,,0,-,Kreisfreie Stadt,61586073.3691406,48933.9179410104
2567,,2024.07,07316,Neustadt an der Weinstraße,33897,,0,.,0,.,0,.,0,.,5.1,,3.4,,1.6,,0,-,Kreisfreie Stadt,117196960.166016,74425.9014137383
2568,,2024.07,07315,Mainz,102321,,0,.,0,.,0,.,0,.,5.5,,3.3,,2.2,,0,,Kreisfreie Stadt,97639723.5410156,62475.8854668958
2569,,2024.07,07314,Ludwigshafen am Rhein,85526,,0,.,0,.,0,.,0,.,5,,2.8,,2.2,,0,,Kreisfreie Stadt,78001717.6855469,51846.815686425
2570,,2024.07,07313,Landau in der Pfalz,28563,,0,.,0,.,0,.,0,.,5.8,,3.5,,2.3,,0,-,Kreisfreie Stadt,82985492.3359375,87908.82313436
2571,,2024.07,07312,Kaiserslautern,50282,,0,.,0,.,0,.,0,.,5.4,,3.3,,2.2,,0,,Kreisfreie Stadt,140338623.198242,76154.15074223
2572,,2024.07,07311,Frankenthal (Pfalz),27341,,0,.,0,.,0,.,0,.,4,,2,,2,,0,-,Kreisfreie Stadt,43781479.5527344,41147.8587057006
2573,,2024.07,07233,Vulkaneifel,43304,,0,.,0,.,0,.,0,.,3.9,,2.4,,1.5,,0,-,Landkreis,911674505.946289,257481.984540412
2574,,2024.07,07232,Eifelkreis Bitburg-Prüm,70612,,0,.,0,.,0,.,0,.,4,,2.8,,1.2,,0,,Landkreis,1627922517.46289,260563.165497522
2575,,2024.07,07231,Bernkastel-Wittlich,78214,,0,.,0,.,0,.,0,.,4.1,,2.6,,1.5,,0,-,Landkreis,1168681557.4209,212499.209410563
2576,,2024.07,07211,Trier,158686,,0,.,0,.,0,.,0,.,4.9,,3.2,,1.7,,0,-,Kreisfreie Stadt,1220946433.32129,239144.771120695
2577,,2024.07,07143,Westerwaldkreis,143080,,0,.,0,.,0,.,0,.,5,,3.2,,1.8,,0,-,Landkreis,990180403.595703,258826.416348373
2578,,2024.07,07141,Rhein-Lahn-Kreis,82500,,0,.,0,.,0,.,0,.,4.4,,2.8,,1.6,,0,,Landkreis,781516859.424805,212678.488053315
2579,,2024.07,07140,Rhein-Hunsrück-Kreis,73835,,0,.,0,.,0,.,0,.,4.2,,2.9,,1.4,,0,-,Landkreis,991218488.785156,222923.974650335
2580,,2024.07,07138,Neuwied,125036,,0,.,0,.,0,.,0,.,4.4,,2.6,,1.8,,0,-,Landkreis,627652391.993164,179551.528669657
2581,,2024.07,07137,Mayen-Koblenz,144034,,0,.,0,.,0,.,0,.,4.6,,2.9,,1.7,,0,,Landkreis,816507263.657227,280699.935462887
2582,,2024.07,07135,Cochem-Zell,42937,,0,.,0,.,0,.,0,.,4.2,,2.8,,1.4,,0,,Landkreis,693071688.401367,185715.450794408
2583,,2024.07,07134,Birkenfeld,53614,,0,.,0,.,0,.,0,.,3,,1.8,,1.2,,0,-,Landkreis,776624723.824219,174346.642558535
2584,,2024.07,07133,Bad Kreuznach,103650,,0,.,0,.,0,.,0,.,4.3,,2.8,,1.5,,0,-,Landkreis,864147548.796875,190511.509267926
2585,,2024.07,07132,Altenkirchen (Westerwald),87562,,0,.,0,.,0,.,0,.,4.5,,2.8,,1.8,,0,,Landkreis,641192280.124023,226666.627454279
2586,,2024.07,07131,Ahrweiler,87827,,0,.,0,.,0,.,0,.,4.1,,2.5,,1.6,,0,,Landkreis,787045522.314453,198523.740877045
2587,,2024.07,07111,Koblenz,64932,,0,.,0,.,0,.,0,.,6.4,,3.5,,2.9,,0,,Kreisfreie Stadt,105904244.056641,60287.0431391488
2588,,2024.07,06636,Werra-Meißner-Kreis,63968,,0,.,0,.,0,.,0,.,3.8,,2.5,,1.2,,0,,Landkreis,1024390382.30957,277652.532707859
2589,,2024.07,06635,Waldeck-Frankenberg,107780,,0,.,0,.,0,.,0,.,4.2,,2.9,,1.3,,0,-,Landkreis,1847907077.81836,315498.946529771
2590,,2024.07,06634,Schwalm-Eder-Kreis,122674,,0,.,0,.,0,.,0,.,4.4,,3.1,,1.2,,0,-,Landkreis,1539557454.19043,265332.770302823
2591,,2024.07,06633,Kassel,154546,,0,.,0,.,0,.,0,.,5.3,,3.6,,1.7,,0,,Landkreis,1294912578.55566,372267.148483234
2592,,2024.07,06632,Hersfeld-Rotenburg,81120,,0,.,0,.,0,.,0,.,3.7,,2.4,,1.2,,0,-,Landkreis,1097989054.38477,239660.411478028
2593,,2024.07,06631,Fulda,148573,,0,.,0,.,0,.,0,.,4.7,,3.2,,1.5,,0,-,Landkreis,1381379533.09277,249554.88527543
2594,,2024.07,06611,Kassel,92338,,0,.,0,.,0,.,0,.,6.1,,3.7,,2.4,,0,,Kreisfreie Stadt,104921361.786133,63284.3782922191
2595,,2024.07,16077,Altenburger Land,51537,,0,.,0,.,0,.,0,.,2.3,,1.1,,1.1,,0,,Landkreis,569495813.860352,159208.499301686
2596,,2024.07,16076,Greiz,59977,,0,.,0,.,0,.,0,.,2.3,,1.3,,1,,0,-,Landkreis,846194830.068359,288937.795198219
2597,,2024.07,16075,Saale-Orla-Kreis,50330,,0,.,0,.,0,.,0,.,2,,1.1,,0.9,,0,-,Landkreis,1151738096.22656,255786.812284021
2598,,2024.07,16074,Saale-Holzland-Kreis,49884,,0,.,0,.,0,.,0,.,2.8,,1.7,,1.1,,0,-,Landkreis,815508565.787109,235948.734812389
2599,,2024.07,16073,Saalfeld-Rudolstadt,60120,,0,.,0,.,0,.,0,.,2.6,,1.4,,1.1,,0,-,Landkreis,1008735679.04199,289884.18985615
2600,,2024.07,16072,Sonneberg,34819,,0,.,0,.,0,.,0,.,2.5,,1.3,,1.2,,0,,Landkreis,460681672.719727,161297.158075011
2601,,2024.07,16071,Weimarer Land,49494,,0,.,0,.,0,.,0,.,3.1,,1.8,,1.3,,0,,Landkreis,804514564.327148,270201.373476309
2602,,2024.07,16070,Ilm-Kreis,59105,,0,.,0,.,0,.,0,.,3.2,,2,,1.2,,0,-,Landkreis,803588201.576172,223009.896391042
2603,,2024.07,16069,Hildburghausen,39142,,0,.,0,.,0,.,0,.,2.3,,1.4,,0.9,,0,-,Landkreis,937768356.192383,266027.275919908
2604,,2024.07,16068,Sömmerda,40818,,0,.,0,.,0,.,0,.,2.5,,1.5,,1.1,,0,-,Landkreis,807021507.053711,231271.168225578
2605,,2024.07,16067,Gotha,76823,,0,.,0,.,0,.,0,.,3,,1.8,,1.3,,0,,Landkreis,935833051.850586,201383.912823013
2606,,2024.07,16066,Schmalkalden-Meiningen,76638,,0,.,0,.,0,.,0,.,2.6,,1.5,,1.2,,0,-,Landkreis,1251050645.04785,289746.940316977
2607,,2024.07,16065,Kyffhäuserkreis,44279,,0,.,0,.,0,.,0,.,2.1,,1.2,,0.9,,0,-,Landkreis,1037770304.01953,273300.806525077
2608,,2024.07,16064,Unstrut-Hainich-Kreis,53995,,0,.,0,.,0,.,0,.,3.2,,1.8,,1.4,,0,-,Landkreis,931296290.730469,220159.559866101
2609,,2024.07,16063,Wartburgkreis,95807,,0,.,0,.,0,.,0,.,2.8,,1.6,,1.3,,0,-,Landkreis,1369998788.58398,359739.228310871
2610,,2024.07,16062,Nordhausen,47530,,0,.,0,.,0,.,0,.,2.6,,1.5,,1.1,,0,,Landkreis,714291367.835938,185722.419164402
2611,,2024.07,16061,Eichsfeld,65131,,0,.,0,.,0,.,0,.,3.7,,2.3,,1.4,,0,-,Landkreis,990529967.28418,211025.563666031
2612,,2024.07,16055,Weimar,30313,,0,.,0,.,0,.,0,.,4.2,,2.6,,1.6,,0,,Kreisfreie Stadt,84371242.5537109,63917.4037953295
2613,,2024.07,16054,Suhl,19628,,0,.,0,.,0,.,0,.,3.1,,1.7,,1.3,,0,-,Kreisfreie Stadt,142863361.462891,89565.7719743408
2614,,2024.07,16053,Jena,45029,,0,.,0,.,0,.,0,.,4.1,,2.4,,1.7,,0,-,Kreisfreie Stadt,114916066.803711,69161.7063041314
2615,,2024.07,16052,Gera,46151,,0,.,0,.,0,.,0,.,2.8,,1.6,,1.3,,0,,Kreisfreie Stadt,152224963.852539,75323.7031332036
2616,,2024.07,16051,Erfurt,98769,,0,.,0,.,0,.,0,.,4.2,,2.5,,1.7,,0,,Kreisfreie Stadt,270412481.84668,106760.438648397
2617,,2024.07,15091,Wittenberg,76029,,0,.,0,.,0,.,0,.,2.3,,1.2,,1.1,,0,-,Landkreis,1942799199.44336,288331.940418521
2618,,2024.07,15090,Stendal,63884,,0,.,0,.,0,.,0,.,2.2,,1.3,,0.9,,0,-,Landkreis,2437018945.38281,388099.364972118
2619,,2024.07,15089,Salzlandkreis,105179,,0,.,0,.,0,.,0,.,2.1,,1.2,,0.9,,0,-,Landkreis,1434906372.00391,264035.613726712
2620,,2024.07,15088,Saalekreis,116313,,0,.,0,.,0,.,0,.,2.7,,1.4,,1.3,,0,-,Landkreis,1440237602.55957,371586.717822968
2621,,2024.07,15087,Mansfeld-Südharz,79586,,0,.,0,.,0,.,0,.,2,,1.2,,0.8,,0,-,Landkreis,1456203560.97266,331487.311274932
2622,,2024.07,15086,Jerichower Land,54903,,0,.,0,.,0,.,0,.,2.6,,1.6,,1.1,,0,-,Landkreis,1589285902.17285,247755.483552346
2623,,2024.07,15085,Harz,124245,,0,.,0,.,0,.,0,.,2.8,,1.6,,1.2,,0,-,Landkreis,2108206001.10352,325892.061240799
2624,,2024.07,15084,Burgenlandkreis,103017,,0,.,0,.,0,.,0,.,2.3,,1.2,,1.1,,0,,Landkreis,1419035819.56836,295284.252349554
2625,,2024.07,15083,Börde,107794,,0,.,0,.,0,.,0,.,2.6,,1.5,,1,,0,,Landkreis,2376921623.70215,371548.321413939
2626,,2024.07,15082,Anhalt-Bitterfeld,93320,,0,.,0,.,0,.,0,.,2.2,,1.2,,1,,0,-,Landkreis,1460781901.5127,339057.665260413
2627,,2024.07,15081,Altmarkkreis Salzwedel,50806,,0,.,0,.,0,.,0,.,2.4,,1.5,,0.9,,0,-,Landkreis,2303788808.49023,303821.084721262
2628,,2024.07,15003,Magdeburg,112191,,0,.,0,.,0,.,0,.,3.6,,2,,1.7,,0,,Kreisfreie Stadt,200999393.913086,84386.2998201417
2629,,2024.07,15002,Halle (Saale),95174,,0,.,0,.,0,.,0,.,2.9,,1.8,,1.1,,0,,Kreisfreie Stadt,135824688.286133,77730.5455395086
2630,,2024.07,15001,Dessau-Roßlau,41755,,0,.,0,.,0,.,0,.,3.1,,1.8,,1.3,,0,-,Kreisfreie Stadt,246249160.496094,115997.461325231
2631,,2024.07,14730,Nordsachsen,118810,,0,.,0,.,0,.,0,.,2.7,,1.5,,1.2,,0,,Landkreis,2027548084.84375,410437.981496651
2632,,2024.07,14729,Leipzig,157842,,0,.,0,.,0,.,0,.,3.1,,1.9,,1.3,,0,,Landkreis,1651662788.13379,340686.753048234
2633,,2024.07,14713,Leipzig,235007,,0,.,0,.,0,.,0,.,4.3,,2.4,,1.8,,0,,Kreisfreie Stadt,298922201.506836,120864.657877298
2634,,2024.07,14628,Sächsische Schweiz-Osterzgebirge,146675,,0,.,0,.,0,.,0,.,2.6,,1.5,,1.1,,0,,Landkreis,1653732867.60742,288402.833770503
2635,,2024.07,14627,Meißen,141633,,0,.,0,.,0,.,0,.,2.6,,1.4,,1.1,,0,,Landkreis,1457361541.51758,262261.856107648
2636,,2024.07,14626,Görlitz,143974,,0,.,0,.,0,.,0,.,1.8,,1,,0.8,,0,,Landkreis,2111152045.11914,342510.820123424
2637,,2024.07,14625,Bautzen,182573,,0,.,0,.,0,.,0,.,2.4,,1.3,,1,,0,,Landkreis,2395636437.77637,346336.618967316
2638,,2024.07,14612,Dresden,230363,,0,.,0,.,0,.,0,.,3.8,,2.1,,1.7,,0,,Kreisfreie Stadt,328095164.584961,126184.878956216
2639,,2024.07,14524,Zwickau,187653,,0,.,0,.,0,.,0,.,2.9,,1.7,,1.2,,0,,Landkreis,949635037.395508,236921.194806854
2640,,2024.07,14523,Vogtlandkreis,137640,,0,.,0,.,0,.,0,.,2.4,,1.4,,1,,0,-,Landkreis,1412302685.4502,311749.172671271
2641,,2024.07,14522,Mittelsachsen,180840,,0,.,0,.,0,.,0,.,2.3,,1.3,,1,,0,,Landkreis,2114833220.54395,370846.696636421
2642,,2024.07,14521,Erzgebirgskreis,203630,,0,.,0,.,0,.,0,.,2.3,,1.3,,1,,0,-,Landkreis,1826997137.63379,316907.024888456
2643,,2024.07,14511,Chemnitz,126243,,0,.,0,.,0,.,0,.,3.6,,2.1,,1.5,,0,,Kreisfreie Stadt,221028414.417969,95998.2589097507
2644,,2024.07,13076,Ludwigslust-Parchim,130541,,0,.,0,.,0,.,0,.,2.1,,1.3,,0.8,,0,-,Landkreis,4767205837.64355,544987.623152899
2645,,2024.07,13075,Vorpommern-Greifswald,127748,,0,.,0,.,0,.,0,.,2.1,,1.2,,0.9,,0,-,Landkreis,3951628526.83691,786666.150434142
2646,,2024.07,13074,Nordwestmecklenburg,92926,,0,.,0,.,0,.,0,.,2.8,,1.8,,1,,0,-,Landkreis,2125833400.80469,421255.501799993
2647,,2024.07,13073,Vorpommern-Rügen,126792,,0,.,0,.,0,.,0,.,2.4,,1.5,,1,,0,,Landkreis,3214113963.38477,1089521.87046376
2648,,2024.07,13072,Rostock,130471,,0,.,0,.,0,.,0,.,2.9,,1.8,,1.2,,0,,Landkreis,3429396493.29785,470885.235429407
2649,,2024.07,13071,Mecklenburgische Seenplatte,147378,,0,.,0,.,0,.,0,.,2.2,,1.2,,1,,0,,Landkreis,5495373409.96094,516564.114817789
2650,,2024.07,13004,Schwerin,45177,,0,.,0,.,0,.,0,.,3.3,,1.9,,1.4,,0,-,Kreisfreie Stadt,130106434.195313,69520.7229903608
2651,,2024.07,13003,Rostock,86509,,0,.,0,.,0,.,0,.,3.3,,2,,1.3,,0,,Kreisfreie Stadt,181477390.371094,88507.9712348811
2652,,2024.07,12073,Uckermark,69027,,0,.,0,.,0,.,0,.,2.2,,1.3,,0.9,,0,,Landkreis,3076108441.98047,392821.33775274
2653,,2024.07,12072,Teltow-Fläming,109962,,0,.,0,.,0,.,0,.,3.9,,2.5,,1.5,,0,-,Landkreis,2103910816.79297,319624.700377854
2654,,2024.07,12071,Spree-Neiße,71443,,0,.,0,.,0,.,0,.,2.1,,1.2,,0.9,,0,-,Landkreis,1657098234.44043,349641.41206109
2655,,2024.07,12070,Prignitz,46142,,0,.,0,.,0,.,0,.,2,,1.1,,0.9,,0,-,Landkreis,2138707957.80859,314721.91601579
2656,,2024.07,12069,Potsdam-Mittelmark,134232,,0,.,0,.,0,.,0,.,4.5,,2.9,,1.6,,0,,Landkreis,2593033934.44922,472327.251125324
2657,,2024.07,12068,Ostprignitz-Ruppin,59652,,0,.,0,.,0,.,0,.,2.5,,1.5,,1,,0,-,Landkreis,2525923984.48242,381275.632236586
2658,,2024.07,12067,Oder-Spree,110202,,0,.,0,.,0,.,0,.,3.1,,1.9,,1.2,,0,-,Landkreis,2257290888.04004,375644.78503136
2659,,2024.07,06535,Vogelsbergkreis,73874,,0,.,0,.,0,.,0,.,3.8,,2.5,,1.3,,0,-,Landkreis,1458289489.31641,281352.484060151
2660,,2024.07,06534,Marburg-Biedenkopf,147653,,0,.,0,.,0,.,0,.,4.1,,2.8,,1.3,,0,,Landkreis,1262136369.50879,219577.755636121
2661,,2024.07,06533,Limburg-Weilburg,116115,,0,.,0,.,0,.,0,.,5,,3.1,,1.9,,0,,Landkreis,738799141.473633,172150.712110974
2662,,2024.07,06532,Lahn-Dill-Kreis,168418,,0,.,0,.,0,.,0,.,4.5,,2.7,,1.8,,0,,Landkreis,1065703391.12305,219282.031563173
2663,,2024.07,06531,Gießen,159416,,0,.,0,.,0,.,0,.,4.9,,3,,1.9,,0,,Landkreis,855487307.994141,217540.28512267
2664,,2024.07,06440,Wetteraukreis,199557,,0,.,0,.,0,.,0,.,5,,3.1,,1.9,,0,,Landkreis,1100715408.88379,263849.646027959
2665,,2024.07,06439,Rheingau-Taunus-Kreis,124261,,0,.,0,.,0,.,0,.,5.4,,3.4,,2,,0,,Landkreis,811919270.723633,202814.412874961
2666,,2024.07,06438,Offenbach,222306,,0,.,0,.,0,.,0,.,4.8,,2.8,,2,,0,,Landkreis,356325742.489258,116884.314834115
2667,,2024.07,06437,Odenwaldkreis,64051,,0,.,0,.,0,.,0,.,4.2,,2.6,,1.6,,0,-,Landkreis,624772037.275391,175001.809901493
2668,,2024.07,06436,Main-Taunus-Kreis,189681,,0,.,0,.,0,.,0,.,5.9,,3,,2.9,,0,,Landkreis,221572678.726563,117470.580064287
2669,,2024.07,06435,Main-Kinzig-Kreis,268192,,0,.,0,.,0,.,0,.,4.3,,2.6,,1.6,,0,,Landkreis,1396882132.06348,301311.443067471
2670,,2024.07,06434,Hochtaunuskreis,170552,,0,.,0,.,0,.,0,.,6.7,,3.7,,3,,0,,Landkreis,480907993.546875,149540.699349362
2671,,2024.07,06433,Groß-Gerau,164571,,0,.,0,.,0,.,0,.,5.2,,2.8,,2.4,,0,,Landkreis,453325723.345703,139558.201442013
2672,,2024.07,06432,Darmstadt-Dieburg,191588,,0,.,0,.,0,.,0,.,5.1,,3.2,,1.9,,0,,Landkreis,658153392.793945,213944.367990509
2673,,2024.07,06431,Bergstraße,178646,,0,.,0,.,0,.,0,.,5.1,,3.1,,2,,0,,Landkreis,718875616.819336,230665.645395089
2674,,2024.07,06414,Wiesbaden,240995,,0,.,0,.,0,.,0,.,16.4,,10.5,,5.9,,0,,Kreisfreie Stadt,203813810.47168,76452.2375274593
2675,,2024.07,06413,Offenbach am Main,60894,,0,.,0,.,0,.,0,.,5.6,,3.2,,2.1,,0.3,,Kreisfreie Stadt,45319131.9121094,40703.3801450091
2676,,2024.07,06412,Frankfurt am Main,344824,,0,.,0,.,0,.,0,.,8.9,,4,,4.9,,0,,Kreisfreie Stadt,248120855.9375,107738.706029347
2677,,2024.07,06411,Darmstadt,74023,,0,.,0,.,0,.,0,.,7.1,,4.2,,2.9,,0,,Kreisfreie Stadt,122738117.188477,62500.6786556625
2678,,2024.07,05978,Unna,246104,,0,.,0,.,0,.,0,.,4.6,,2.9,,1.8,,0,,Kreis,542824039.868164,199548.421166447
2679,,2024.07,05974,Soest,197659,,0,.,0,.,0,.,0,.,5.5,,3.5,,2,,0,,Kreis,1329390562.89063,220152.441730781
2680,,2024.07,05970,Siegen-Wittgenstein,180357,,0,.,0,.,0,.,0,.,5,,2.8,,2.2,,0,,Kreis,1134040384.64648,221838.742179044
2681,,2024.07,05966,Olpe,92777,,0,.,0,.,0,.,0,.,5,,2.9,,2.1,,0,-,Kreis,711944622.895508,191915.420333218
2682,,2024.07,05962,Märkischer Kreis,258789,,0,.,0,.,0,.,0,.,4.4,,2.4,,1.9,,0,,Kreis,1060666564.4502,204522.776842104
2683,,2024.07,05958,Hochsauerlandkreis,173831,,0,.,0,.,0,.,0,.,4.8,,3,,1.8,,0,-,Kreis,1960082964.80859,346919.353405294
2684,,2024.07,05954,Ennepe-Ruhr-Kreis,204187,,0,.,0,.,0,.,0,.,4.8,,2.8,,2,,0,,Kreis,410907296.693359,167823.691284811
2685,,2024.07,05916,Herne,80223,,0,.,0,.,0,.,0,.,3.2,,1.7,,1.5,,0,,Kreisfreie Stadt,51509648.4521484,39643.8392912932
2686,,2024.07,05915,Hamm,101424,,0,.,0,.,0,.,0,.,4.1,,2.6,,1.5,,0,,Kreisfreie Stadt,227720983.532227,93458.3884714458
2687,,2024.07,05914,Hagen,101028,,0,.,0,.,0,.,0,.,3.9,,2.1,,1.8,,0,,Kreisfreie Stadt,160316710.286133,85106.2549919045
2688,,2024.07,05913,Dortmund,301943,,0,.,0,.,0,.,0,.,5.3,,3,,2.3,,0,,Kreisfreie Stadt,279662802.373047,98303.0284601238
2689,,2024.07,05911,Bochum,215513,,0,.,0,.,0,.,0,.,5.2,,3.1,,2.1,,0,,Kreisfreie Stadt,144803780.694336,64025.0873014356
2690,,2024.07,05774,Paderborn,192087,,0,.,0,.,0,.,0,.,6,,4.1,,1.9,,0,,Kreis,1246777280.7627,204588.642993027
2691,,2024.07,05770,Minden-Lübbecke,210591,,0,.,0,.,0,.,0,.,4.9,,3.4,,1.5,,0,-,Kreis,1151990376.89063,261061.025532273
2692,,2024.07,05766,Lippe,222693,,0,.,0,.,0,.,0,.,4.8,,3.2,,1.6,,0,,Kreis,1245878538.81934,235200.589696812
2693,,2024.07,05762,Höxter,92913,,0,.,0,.,0,.,0,.,4.7,,3.1,,1.6,,0,-,Kreis,1200707448.32422,216307.222826842
2694,,2024.07,05758,Herford,167822,,0,.,0,.,0,.,0,.,5.4,,3.5,,1.9,,0,,Kreis,450726367.121094,152051.688893975
2695,,2024.07,05754,Gütersloh,241118,,0,.,0,.,0,.,0,.,5.4,,3.5,,1.9,,0,,Kreis,969612643.183594,211345.177555524
2696,,2024.07,05711,Bielefeld,181462,,0,.,0,.,0,.,0,.,6.2,,4.2,,2,,0,,Kreisfreie Stadt,259184268.935547,98214.7178138864
2697,,2024.07,05570,Warendorf,180090,,0,.,0,.,0,.,0,.,4.6,,3.2,,1.4,,0,,Kreis,1318578231.76758,239020.016740479
2698,,2024.07,05566,Steinfurt,285518,,0,.,0,.,0,.,0,.,5.4,,3.7,,1.7,,0,,Kreis,1795416420.94824,253521.367273162
2699,,2024.07,05562,Recklinghausen,363583,,0,.,0,.,0,.,0,.,3.9,,2.3,,1.6,,0,,Kreis,761405655.898438,195517.150872042
2700,,2024.07,05558,Coesfeld,145898,,0,.,0,.,0,.,0,.,5.2,,3.6,,1.6,,0,,Kreis,1112317887.10254,218543.143405152
2701,,2024.07,05554,Borken,237194,,0,.,0,.,0,.,0,.,6,,4,,1.9,,0,,Kreis,1421361804.71777,271032.558216467
2702,,2024.07,05515,Münster,152682,,0,.,0,.,0,.,0,.,6.9,,4.3,,2.6,,0,,Kreisfreie Stadt,303536651.791016,104146.926446906
2703,,2024.07,05513,Gelsenkirchen,127381,,0,.,0,.,0,.,0,.,3.7,,2,,1.6,,0,,Kreisfreie Stadt,105321074.493164,57216.534225466
2704,,2024.07,05512,Bottrop,70801,,0,.,0,.,0,.,0,.,4.2,,2.5,,1.6,,0,,Kreisfreie Stadt,100248242.984375,57675.0683142118
2705,,2024.07,05382,Rhein-Sieg-Kreis,378549,,0,.,0,.,0,.,0,.,4.7,,2.9,,1.8,,0,,Kreis,1152349724.42285,315908.196767241
2706,,2024.07,05378,Rheinisch-Bergischer Kreis,186392,,0,.,0,.,0,.,0,.,5.7,,3.6,,2.1,,0,,Kreis,438100913.793945,166197.113748431
2707,,2024.07,05374,Oberbergischer Kreis,185368,,0,.,0,.,0,.,0,.,4.8,,3,,1.9,,0,-,Kreis,918229534.572266,223732.776465669
2708,,2024.07,05370,Heinsberg,169969,,0,.,0,.,0,.,0,.,4.5,,2.8,,1.7,,0,,Kreis,627392069.150391,166228.096673107
2709,,2024.07,05366,Euskirchen,160650,,0,.,0,.,0,.,0,.,6.7,,5,,1.6,,0,-,Kreis,1250281279.92773,290405.800465605
2710,,2024.07,05362,Rhein-Erft-Kreis,292365,,0,.,0,.,0,.,0,.,4.8,,2.8,,2,,0,,Kreis,703016562.010742,194838.575207755
2711,,2024.07,05358,Düren,171070,,0,.,0,.,0,.,0,.,4.9,,3.1,,1.7,,0,,Kreis,940371029.933594,239403.533273169
2712,,2024.07,05334,Städteregion Aachen,304338,,0,.,0,.,0,.,0,.,5.5,,3.3,,2.2,,0,,Kreis,704441130.219727,270249.499551821
2713,,2024.07,05316,Leverkusen,94158,,0,.,0,.,0,.,0,.,5.8,,3.1,,2.7,,0,,Kreisfreie Stadt,78780864.5332031,52325.2401412013
2714,,2024.07,05315,Köln,499930,,0,.,0,.,0,.,0,.,6.8,,3.3,,3.5,,0,,Kreisfreie Stadt,406768174.274414,122756.879624915
2715,,2024.07,05314,Bonn,175504,,0,.,0,.,0,.,0,.,6.6,,4.1,,2.5,,0,,Kreisfreie Stadt,141610673.71582,65631.2890915728
2716,,2024.07,05170,Wesel,297124,,0,.,0,.,0,.,0,.,4.6,,3,,1.6,,0,,Kreis,1042254695.52344,236903.50644036
2717,,2024.07,05166,Viersen,194912,,0,.,0,.,0,.,0,.,4.5,,2.9,,1.6,,0,,Kreis,563607848.28418,149013.658961646
2718,,2024.07,05162,Rhein-Kreis Neuss,282264,,0,.,0,.,0,.,0,.,5.1,,3,,2.1,,0,,Kreis,576484962.40332,171376.374023709
2719,,2024.07,05158,Mettmann,304311,,0,.,0,.,0,.,0,.,5.9,,3.6,,2.4,,0,,Kreis,407951393.454102,178740.284376613
2720,,2024.07,05154,Kleve,203877,,0,.,0,.,0,.,0,.,4.4,,2.7,,1.7,,0,,Kreis,1233480468.46582,273797.765568249
2721,,2024.07,05124,Wuppertal,180278,,0,.,0,.,0,.,0,.,4.8,,2.8,,2,,0,,Kreisfreie Stadt,168439928.404297,87139.7015602039
2722,,2024.07,05122,Solingen,94098,,0,.,0,.,0,.,0,.,5.3,,3.3,,2.1,,0,,Kreisfreie Stadt,88995921.1865234,60702.010830767
2723,,2024.07,05120,Remscheid,64897,,0,.,0,.,0,.,0,.,5,,2.8,,2.2,,0,,Kreisfreie Stadt,74084053.7412109,46566.6416204877
2724,,2024.07,05119,Oberhausen,114953,,0,.,0,.,0,.,0,.,3.9,,2.2,,1.7,,0,,Kreisfreie Stadt,77442381.3349609,47165.0388934437
2725,,2024.07,05117,Mülheim an der Ruhr,96309,,0,.,0,.,0,.,0,.,4.9,,2.8,,2.2,,0,-,Kreisfreie Stadt,91288609.5791016,47771.7305814314
2726,,2024.07,05116,Mönchengladbach,145343,,0,.,0,.,0,.,0,.,4.6,,2.6,,2,,0,,Kreisfreie Stadt,170626170.893555,84169.1695040052
2727,,2024.07,05114,Krefeld,123339,,0,.,0,.,0,.,0,.,4.5,,2.6,,1.8,,0,,Kreisfreie Stadt,136588715.342773,63616.6954308927
2728,,2024.07,05113,Essen,300642,,0,.,0,.,0,.,0,.,5.7,,3,,2.7,,0,,Kreisfreie Stadt,210457058.47168,81440.8394355414
2729,,2024.07,05112,Duisburg,242020,,0,.,0,.,0,.,0,.,3.5,,2,,1.5,,0,,Kreisfreie Stadt,233192439.330078,95785.9402818368
2730,,2024.07,05111,Düsseldorf,326210,,0,.,0,.,0,.,0,.,8.6,,4.1,,4.5,,0,,Kreisfreie Stadt,217546071.861328,112285.366144823
2731,,2024.07,04012,Bremerhaven,52619,,0,.,0,.,0,.,0,.,3.8,,2.2,,1.6,,0,-,Kreisfreie Stadt,94128150.2773438,77653.3498236271
2732,,2024.07,04011,Bremen,248538,,0,.,0,.,0,.,0,.,4.7,,2.6,,2.1,,0,,Kreisfreie Stadt,326188860.736328,152668.942381665
2733,,2024.07,03462,Wittmund,37900,,0,.,0,.,0,.,0,.,3,,2,,1,,0,-,Landkreis,660805508.28125,237460.49211554
2734,,2024.07,03461,Wesermarsch,55075,,0,.,0,.,0,.,0,.,3.6,,2.4,,1.2,,0,-,Landkreis,827952082.020508,201926.225735977
2735,,2024.07,03460,Vechta,92857,,0,.,0,.,0,.,0,.,6,,4.1,,1.9,,0,,Landkreis,813816410.000977,175258.930309861
2736,,2024.07,03459,Osnabrück,239386,,0,.,0,.,0,.,0,.,4.9,,3.3,,1.6,,0,,Landkreis,2121066219.41406,375663.605339353
2737,,2024.07,03458,Oldenburg,87241,,0,.,0,.,0,.,0,.,4.7,,3.1,,1.6,,0,,Landkreis,1065025726.70703,198207.041247946
2738,,2024.07,03457,Leer,107714,,0,.,0,.,0,.,0,.,3.6,,2.5,,1.1,,0,,Landkreis,1089662558.6543,230485.427283503
2739,,2024.07,03456,Grafschaft Bentheim,89002,,0,.,0,.,0,.,0,.,5.6,,3.7,,1.9,,0,,Landkreis,982099052.395508,194064.715881315
2740,,2024.07,03455,Friesland,68170,,0,.,0,.,0,.,0,.,4,,2.8,,1.3,,0,,Landkreis,618912788.368164,207826.195154195
2741,,2024.07,03454,Emsland,214208,,0,.,0,.,0,.,0,.,5.3,,3.7,,1.6,,0,,Landkreis,2883746490.64648,300655.969692117
2742,,2024.07,03453,Cloppenburg,108485,,0,.,0,.,0,.,0,.,4.7,,3.2,,1.5,,0,,Landkreis,1421047102.89844,228211.076254937
2743,,2024.07,03452,Aurich,121610,,0,.,0,.,0,.,0,.,3.8,,2.6,,1.2,,0,,Landkreis,1298652890.11816,359604.750190608
2744,,2024.07,03451,Ammerland,83178,,0,.,0,.,0,.,0,.,4.6,,3.1,,1.5,,0,-,Landkreis,730131105.62207,153874.205387695
2745,,2024.07,03405,Wilhelmshaven,40413,,0,.,0,.,0,.,0,.,3,,1.7,,1.3,,0,,Kreisfreie Stadt,108248172.838867,56249.714135824
2746,,2024.07,03404,Osnabrück,89218,,0,.,0,.,0,.,0,.,6.3,,3.9,,2.3,,0,,Kreisfreie Stadt,120208161.90625,72502.7445112705
2747,,2024.07,03403,Oldenburg (Oldb),91389,,0,.,0,.,0,.,0,.,6.5,,4.3,,2.2,,0,,Kreisfreie Stadt,103735226.646484,51943.3296956358
2748,,2024.07,03402,Emden,25572,,0,.,0,.,0,.,0,.,4.1,,2.8,,1.3,,0,,Kreisfreie Stadt,111796448.801758,67063.655941761
2749,,2024.07,03401,Delmenhorst,43335,,0,.,0,.,0,.,0,.,3.6,,2.1,,1.4,,0,,Kreisfreie Stadt,62467798.5947266,46257.9381557184
2750,,2024.07,03361,Verden,89908,,0,.,0,.,0,.,0,.,4.5,,3,,1.5,,0,,Landkreis,789081710.703125,224811.846339036
2751,,2024.07,03360,Uelzen,58962,,0,.,0,.,0,.,0,.,4.5,,3,,1.5,,0,-,Landkreis,1462207700.17188,220612.035508098
2752,,2024.07,03359,Stade,130060,,0,.,0,.,0,.,0,.,4.7,,3,,1.7,,0,-,Landkreis,1269075763.50293,265280.850857743
2753,,2024.07,03358,Heidekreis,91617,,0,.,0,.,0,.,0,.,3.7,,2.5,,1.2,,0,,Landkreis,1881746242.97168,365225.831866227
2754,,2024.07,03357,Rotenburg (Wümme),121522,,0,.,0,.,0,.,0,.,4.4,,3,,1.4,,0,,Landkreis,2073801406.19531,353552.266818007
2755,,2024.07,03356,Osterholz,75414,,0,.,0,.,0,.,0,.,4.4,,3,,1.3,,0,,Landkreis,653279865,179710.225107181
2756,,2024.07,03355,Lüneburg,108603,,0,.,0,.,0,.,0,.,5,,3.5,,1.5,,0,,Landkreis,1327357220.72852,318554.960422675
2757,,2024.07,03354,Lüchow-Dannenberg,32011,,0,.,0,.,0,.,0,.,3.7,,2.5,,1.2,,0,-,Landkreis,1226546093.60547,227707.256898562
2758,,2024.07,03353,Harburg,173093,,0,.,0,.,0,.,0,.,4.9,,3.3,,1.6,,0,,Landkreis,1249117601.8291,256626.86543829
2759,,2024.07,03352,Cuxhaven,129399,,0,.,0,.,0,.,0,.,3.5,,2.2,,1.3,,0,,Landkreis,2058739992.30664,308454.913252573
2760,,2024.07,03351,Celle,113823,,0,.,0,.,0,.,0,.,4.3,,2.8,,1.6,,0,,Landkreis,1550684013.71582,246181.705103521
2761,,2024.07,03257,Schaumburg,104992,,0,.,0,.,0,.,0,.,4.3,,3,,1.2,,0,-,Landkreis,676300755.381836,206397.981008128
2762,,2024.07,03256,Nienburg (Weser),80383,,0,.,0,.,0,.,0,.,3.9,,2.7,,1.2,,0,,Landkreis,1400917922.84375,317688.390120049
2763,,2024.07,03255,Holzminden,46086,,0,.,0,.,0,.,0,.,3.6,,2.1,,1.4,,0,-,Landkreis,694472629.105469,189171.307052356
2764,,2024.07,03254,Hildesheim,164946,,0,.,0,.,0,.,0,.,4.4,,2.9,,1.5,,0,,Landkreis,1207789320.64551,251154.965666091
2765,,2024.07,03252,Hameln-Pyrmont,94539,,0,.,0,.,0,.,0,.,4.2,,2.8,,1.4,,0,,Landkreis,797764574.958984,210020.338817558
2766,,2024.07,03251,Diepholz,147256,,0,.,0,.,0,.,0,.,4.9,,3.1,,1.7,,0,,Landkreis,1991034474.31836,308652.494010019
2767,,2024.07,03241,Region Hannover,601528,,0,.,0,.,0,.,0,.,5.3,,3.4,,1.9,,0,,Landkreis,2297326127.13477,379374.837502092
2768,,2024.07,03159,Göttingen,186874,,0,.,0,.,0,.,0,.,4.5,,2.9,,1.6,,0,,Landkreis,1754861833.00781,385590.386200199
2769,,2024.07,03158,Wolfenbüttel,76966,,0,.,0,.,0,.,0,.,4.5,,3.3,,1.2,,0,,Landkreis,724065535.433594,215640.850159417
2770,,2024.07,03157,Peine,88062,,0,.,0,.,0,.,0,.,4.5,,3.4,,1.2,,0,,Landkreis,536101104.076172,149602.771432759
2771,,2024.07,03155,Northeim,90159,,0,.,0,.,0,.,0,.,4.4,,3,,1.4,,0,-,Landkreis,1269651774.30176,228982.313706335
2772,,2024.07,03154,Helmstedt,57548,,0,.,0,.,0,.,0,.,4.2,,2.9,,1.2,,0,,Landkreis,675687788.225586,231289.034806608
2773,,2024.07,03153,Goslar,80948,,0,.,0,.,0,.,0,.,4,,2.5,,1.5,,0,,Landkreis,969210805.345703,233890.968622506
2774,,2024.07,03151,Gifhorn,112480,,0,.,0,.,0,.,0,.,4.7,,3.5,,1.2,,0,,Landkreis,1569205053.24512,282161.609724976
2775,,2024.07,03103,Wolfsburg,122868,,0,.,0,.,0,.,0,.,10.4,,8.2,,2.1,,0,,Kreisfreie Stadt,204942168.826172,91494.3940080182
2776,,2024.07,03102,Salzgitter,57275,,0,.,0,.,0,.,0,.,3,,2,,1,,0,-,Kreisfreie Stadt,225241578.612305,109481.843532545
2777,,2024.07,03101,Braunschweig,144879,,0,.,0,.,0,.,0,.,7.7,,5.4,,2.3,,0,,Kreisfreie Stadt,192263016.94043,96253.2221066206
2778,,2024.07,02000,Hamburg,819683,,0,.,0,.,0,.,0,.,7.1,,4,,3.1,,0,,Kreisfreie Stadt,752486078.693359,218319.223917463
2779,,2024.07,01062,Stormarn,157154,,0,.,0,.,0,.,0,.,5.6,,3.5,,2,,0,,Kreis,766059006.546875,254492.948218965
2780,,2024.07,01061,Steinburg,84457,,0,.,0,.,0,.,0,.,3.9,,2.9,,1.1,,0,,Kreis,1055624123.08594,193429.843760563
2781,,2024.07,01060,Segeberg,176088,,0,.,0,.,0,.,0,.,4.9,,3.2,,1.7,,0,,Kreis,1345767960.55859,287287.284105907
2782,,2024.07,01059,Schleswig-Flensburg,135051,,0,.,0,.,0,.,0,.,4.5,,3.4,,1.1,,0,,Kreis,2070852562.36133,356669.588409604
2783,,2024.07,01058,Rendsburg-Eckernförde,180826,,0,.,0,.,0,.,0,.,4.8,,3.5,,1.3,,0,,Kreis,2188406603.16406,351411.986073704
2784,,2024.07,01057,Plön,83577,,0,.,0,.,0,.,0,.,4.5,,3.2,,1.3,,0,,Kreis,1083370335.23828,228552.625170368
2785,,2024.07,01056,Pinneberg,182543,,0,.,0,.,0,.,0,.,4.9,,3.1,,1.8,,0,,Kreis,663713966.863281,158271.717662983
2786,,2024.07,01055,Ostholstein,132236,,0,.,0,.,0,.,0,.,4.1,,2.7,,1.4,,0,-,Kreis,1394318441.49023,334074.13334403
2787,,2024.07,01054,Nordfriesland,108303,,0,.,0,.,0,.,0,.,5.7,,4.2,,1.4,,0.1,,Kreis,2090311784.12012,636064.144512072
2788,,2024.07,01053,Herzogtum Lauenburg,123450,,0,.,0,.,0,.,0,.,4.5,,3.1,,1.4,,0,,Kreis,1262927896.33203,256458.727199694
2789,,2024.07,01051,Dithmarschen,84707,,0,.,0,.,0,.,0,.,3.6,,2.6,,1,,0,,Kreis,1443991936.72363,245572.111008473
2790,,2024.07,01004,Neumünster,44104,,0,.,0,.,0,.,0,.,5,,3.4,,1.6,,0,,Kreisfreie Stadt,71631910.9277344,54213.2416336757
2791,,2024.07,01003,Lübeck,102971,,0,.,0,.,0,.,0,.,4.6,,2.8,,1.8,,0,-,Kreisfreie Stadt,211688220.145508,146471.981758647
2792,,2024.07,01002,Kiel,111286,,0,.,0,.,0,.,0,.,4.8,,3,,1.8,,0,,Kreisfreie Stadt,119698137.066406,84659.240789817
2793,,2024.07,01001,Flensburg,46351,,0,.,0,.,0,.,0,.,5.1,,3.4,,1.7,,0,,Kreisfreie Stadt,56888946.234375,37654.0538300401
2794,,2024.10,16077,Altenburger Land,51520,,0,.,0,.,0,.,0,.,2.4,,1.2,,1.2,,0,,Landkreis,569495813.860352,159208.499301686
2795,,2024.10,16076,Greiz,60050,,0,.,0,.,0,.,0,.,2.3,,1.3,,1,,0,-,Landkreis,846194830.068359,288937.795198219
2796,,2024.10,16075,Saale-Orla-Kreis,50314,,0,.,0,.,0,.,0,.,2.1,,1.2,,0.9,,0,-,Landkreis,1151738096.22656,255786.812284021
2797,,2024.10,16074,Saale-Holzland-Kreis,49915,,0,.,0,.,0,.,0,.,2.9,,1.8,,1.1,,0,-,Landkreis,815508565.787109,235948.734812389
2798,,2024.10,16073,Saalfeld-Rudolstadt,60081,,0,.,0,.,0,.,0,.,2.6,,1.5,,1.1,,0,-,Landkreis,1008735679.04199,289884.18985615
2799,,2024.10,16072,Sonneberg,34713,,0,.,0,.,0,.,0,.,2.6,,1.3,,1.3,,0,,Landkreis,460681672.719727,161297.158075011
2800,,2024.10,16071,Weimarer Land,49547,,0,.,0,.,0,.,0,.,3.2,,1.9,,1.3,,0,,Landkreis,804514564.327148,270201.373476309
2801,,2024.10,16070,Ilm-Kreis,59119,,0,.,0,.,0,.,0,.,3.3,,2.1,,1.3,,0,-,Landkreis,803588201.576172,223009.896391042
2802,,2024.10,16069,Hildburghausen,39116,,0,.,0,.,0,.,0,.,2.3,,1.4,,0.9,,0,-,Landkreis,937768356.192383,266027.275919908
2803,,2024.10,16068,Sömmerda,40789,,0,.,0,.,0,.,0,.,2.6,,1.5,,1.1,,0,-,Landkreis,807021507.053711,231271.168225578
2804,,2024.10,16067,Gotha,76877,,0,.,0,.,0,.,0,.,3.1,,1.8,,1.3,,0,,Landkreis,935833051.850586,201383.912823013
2805,,2024.10,16066,Schmalkalden-Meiningen,76545,,0,.,0,.,0,.,0,.,2.7,,1.5,,1.2,,0,-,Landkreis,1251050645.04785,289746.940316977
2806,,2024.10,16065,Kyffhäuserkreis,44264,,0,.,0,.,0,.,0,.,2.1,,1.2,,0.9,,0,-,Landkreis,1037770304.01953,273300.806525077
2807,,2024.10,16064,Unstrut-Hainich-Kreis,54067,,0,.,0,.,0,.,0,.,3.4,,1.9,,1.4,,0,-,Landkreis,931296290.730469,220159.559866101
2808,,2024.10,16063,Wartburgkreis,95859,,0,.,0,.,0,.,0,.,2.9,,1.6,,1.3,,0,-,Landkreis,1369998788.58398,359739.228310871
2809,,2024.10,16062,Nordhausen,47455,,0,.,0,.,0,.,0,.,2.6,,1.5,,1.1,,0,,Landkreis,714291367.835938,185722.419164402
2810,,2024.10,16061,Eichsfeld,65243,,0,.,0,.,0,.,0,.,3.9,,2.4,,1.5,,0,-,Landkreis,990529967.28418,211025.563666031
2811,,2024.10,16055,Weimar,30416,,0,.,0,.,0,.,0,.,4.3,,2.7,,1.6,,0,,Kreisfreie Stadt,84371242.5537109,63917.4037953295
2812,,2024.10,16054,Suhl,19591,,0,.,0,.,0,.,0,.,3.1,,1.8,,1.4,,0,-,Kreisfreie Stadt,142863361.462891,89565.7719743408
2813,,2024.10,16053,Jena,45010,,0,.,0,.,0,.,0,.,4.2,,2.5,,1.7,,0,-,Kreisfreie Stadt,114916066.803711,69161.7063041314
2814,,2024.10,16052,Gera,46144,,0,.,0,.,0,.,0,.,2.9,,1.6,,1.3,,0,,Kreisfreie Stadt,152224963.852539,75323.7031332036
2815,,2024.10,16051,Erfurt,98698,,0,.,0,.,0,.,0,.,4.3,,2.6,,1.7,,0,,Kreisfreie Stadt,270412481.84668,106760.438648397
2816,,2024.10,15091,Wittenberg,76053,,0,.,0,.,0,.,0,.,2.4,,1.3,,1.1,,0,-,Landkreis,1942799199.44336,288331.940418521
2817,,2024.10,15090,Stendal,63992,,0,.,0,.,0,.,0,.,2.3,,1.4,,0.9,,0,-,Landkreis,2437018945.38281,388099.364972118
2818,,2024.10,15089,Salzlandkreis,105273,,0,.,0,.,0,.,0,.,2.1,,1.2,,1,,0,-,Landkreis,1434906372.00391,264035.613726712
2819,,2024.10,15088,Saalekreis,116575,,0,.,0,.,0,.,0,.,2.8,,1.5,,1.3,,0,-,Landkreis,1440237602.55957,371586.717822968
2820,,2024.10,15087,Mansfeld-Südharz,79610,,0,.,0,.,0,.,0,.,2.1,,1.3,,0.8,,0,-,Landkreis,1456203560.97266,331487.311274932
2821,,2024.10,15086,Jerichower Land,54946,,0,.,0,.,0,.,0,.,2.7,,1.6,,1.1,,0,-,Landkreis,1589285902.17285,247755.483552346
2822,,2024.10,15085,Harz,124204,,0,.,0,.,0,.,0,.,2.8,,1.6,,1.2,,0,-,Landkreis,2108206001.10352,325892.061240799
2823,,2024.10,15084,Burgenlandkreis,103130,,0,.,0,.,0,.,0,.,2.5,,1.3,,1.1,,0,,Landkreis,1419035819.56836,295284.252349554
2824,,2024.10,15083,Börde,107949,,0,.,0,.,0,.,0,.,2.7,,1.6,,1.1,,0,,Landkreis,2376921623.70215,371548.321413939
2825,,2024.10,15082,Anhalt-Bitterfeld,93471,,0,.,0,.,0,.,0,.,2.3,,1.3,,1.1,,0,-,Landkreis,1460781901.5127,339057.665260413
2826,,2024.10,15081,Altmarkkreis Salzwedel,50761,,0,.,0,.,0,.,0,.,2.5,,1.5,,1,,0,-,Landkreis,2303788808.49023,303821.084721262
2827,,2024.10,15003,Magdeburg,112289,,0,.,0,.,0,.,0,.,3.7,,2,,1.7,,0,,Kreisfreie Stadt,200999393.913086,84386.2998201417
2828,,2024.10,15002,Halle (Saale),95114,,0,.,0,.,0,.,0,.,3,,1.9,,1.1,,0,,Kreisfreie Stadt,135824688.286133,77730.5455395086
2829,,2024.10,15001,Dessau-Roßlau,41555,,0,.,0,.,0,.,0,.,3.1,,1.8,,1.3,,0,-,Kreisfreie Stadt,246249160.496094,115997.461325231
2830,,2024.10,14730,Nordsachsen,118979,,0,.,0,.,0,.,0,.,2.8,,1.5,,1.3,,0,,Landkreis,2027548084.84375,410437.981496651
2831,,2024.10,14729,Leipzig,158287,,0,.,0,.,0,.,0,.,3.3,,1.9,,1.3,,0,,Landkreis,1651662788.13379,340686.753048234
2832,,2024.10,14713,Leipzig,235187,,0,.,0,.,0,.,0,.,4.4,,2.5,,1.8,,0,,Kreisfreie Stadt,298922201.506836,120864.657877298
2833,,2024.10,14628,Sächsische Schweiz-Osterzgebirge,146993,,0,.,0,.,0,.,0,.,2.7,,1.6,,1.1,,0,,Landkreis,1653732867.60742,288402.833770503
2834,,2024.10,14627,Meißen,141778,,0,.,0,.,0,.,0,.,2.6,,1.5,,1.1,,0,,Landkreis,1457361541.51758,262261.856107648
2835,,2024.10,14626,Görlitz,144059,,0,.,0,.,0,.,0,.,1.8,,1,,0.9,,0,,Landkreis,2111152045.11914,342510.820123424
2836,,2024.10,14625,Bautzen,182423,,0,.,0,.,0,.,0,.,2.5,,1.4,,1.1,,0,,Landkreis,2395636437.77637,346336.618967316
2837,,2024.10,14612,Dresden,230415,,0,.,0,.,0,.,0,.,4,,2.2,,1.7,,0,,Kreisfreie Stadt,328095164.584961,126184.878956216
2838,,2024.10,14524,Zwickau,187351,,0,.,0,.,0,.,0,.,3,,1.8,,1.2,,0,,Landkreis,949635037.395508,236921.194806854
2839,,2024.10,14523,Vogtlandkreis,137363,,0,.,0,.,0,.,0,.,2.5,,1.4,,1.1,,0,-,Landkreis,1412302685.4502,311749.172671271
2840,,2024.10,14522,Mittelsachsen,180832,,0,.,0,.,0,.,0,.,2.4,,1.3,,1,,0,,Landkreis,2114833220.54395,370846.696636421
2841,,2024.10,14521,Erzgebirgskreis,203593,,0,.,0,.,0,.,0,.,2.4,,1.3,,1,,0,-,Landkreis,1826997137.63379,316907.024888456
2842,,2024.10,14511,Chemnitz,126291,,0,.,0,.,0,.,0,.,3.6,,2,,1.5,,0,,Kreisfreie Stadt,221028414.417969,95998.2589097507
2843,,2024.10,13076,Ludwigslust-Parchim,130671,,0,.,0,.,0,.,0,.,2.2,,1.4,,0.8,,0,-,Landkreis,4767205837.64355,544987.623152899
2844,,2024.10,13075,Vorpommern-Greifswald,128045,,0,.,0,.,0,.,0,.,2.2,,1.3,,0.9,,0,-,Landkreis,3951628526.83691,786666.150434142
2845,,2024.10,13074,Nordwestmecklenburg,93052,,0,.,0,.,0,.,0,.,2.9,,1.9,,1,,0,-,Landkreis,2125833400.80469,421255.501799993
2846,,2024.10,13073,Vorpommern-Rügen,126999,,0,.,0,.,0,.,0,.,2.5,,1.5,,1,,0,,Landkreis,3214113963.38477,1089521.87046376
2847,,2024.10,13072,Rostock,130752,,0,.,0,.,0,.,0,.,3,,1.8,,1.2,,0,,Landkreis,3429396493.29785,470885.235429407
2848,,2024.10,13071,Mecklenburgische Seenplatte,147748,,0,.,0,.,0,.,0,.,2.3,,1.3,,1,,0,,Landkreis,5495373409.96094,516564.114817789
2849,,2024.10,13004,Schwerin,45343,,0,.,0,.,0,.,0,.,3.4,,2,,1.4,,0,-,Kreisfreie Stadt,130106434.195313,69520.7229903608
2850,,2024.10,13003,Rostock,86418,,0,.,0,.,0,.,0,.,3.4,,2,,1.4,,0,,Kreisfreie Stadt,181477390.371094,88507.9712348811
2851,,2024.10,12073,Uckermark,68781,,0,.,0,.,0,.,0,.,2.3,,1.4,,0.9,,0,,Landkreis,3076108441.98047,392821.33775274
2852,,2024.10,12072,Teltow-Fläming,110388,,0,.,0,.,0,.,0,.,4.1,,2.6,,1.5,,0,-,Landkreis,2103910816.79297,319624.700377854
2853,,2024.10,12071,Spree-Neiße,71438,,0,.,0,.,0,.,0,.,2.2,,1.2,,1,,0,-,Landkreis,1657098234.44043,349641.41206109
2854,,2024.10,12070,Prignitz,46119,,0,.,0,.,0,.,0,.,2.1,,1.2,,0.9,,0,-,Landkreis,2138707957.80859,314721.91601579
2855,,2024.10,12069,Potsdam-Mittelmark,134358,,0,.,0,.,0,.,0,.,4.6,,3,,1.7,,0,,Landkreis,2593033934.44922,472327.251125324
2856,,2024.10,12068,Ostprignitz-Ruppin,59688,,0,.,0,.,0,.,0,.,2.6,,1.5,,1.1,,0,-,Landkreis,2525923984.48242,381275.632236586
2857,,2024.10,12067,Oder-Spree,110414,,0,.,0,.,0,.,0,.,3.3,,2,,1.2,,0,-,Landkreis,2257290888.04004,375644.78503136
2858,,2024.10,12066,Oberspreewald-Lausitz,65548,,0,.,0,.,0,.,0,.,2.1,,1.1,,0.9,,0,-,Landkreis,1223208108.22656,254326.525952779
2859,,2024.10,12065,Oberhavel,127516,,0,.,0,.,0,.,0,.,4.3,,2.6,,1.7,,0,,Landkreis,1807834068.39551,360530.244809173
2860,,2024.10,12064,Märkisch-Oderland,122596,,0,.,0,.,0,.,0,.,3.5,,2.1,,1.4,,0,,Landkreis,2157546355.48535,315778.884374255
2861,,2024.10,12063,Havelland,98851,,0,.,0,.,0,.,0,.,4.3,,2.7,,1.6,,0,,Landkreis,1727373166.76465,342971.431508018
2862,,2024.10,12062,Elbe-Elster,63863,,0,.,0,.,0,.,0,.,2,,1.1,,0.9,,0,,Landkreis,1899997386.25391,305918.130224615
2863,,2024.10,12061,Dahme-Spreewald,110402,,0,.,0,.,0,.,0,.,4.1,,2.5,,1.6,,0,,Landkreis,2275819756.17969,436033.631253628
2864,,2024.10,12060,Barnim,111991,,0,.,0,.,0,.,0,.,3.8,,2.4,,1.5,,0,,Landkreis,1481005522.70801,341342.860018858
2865,,2024.10,12054,Potsdam,77133,,0,.,0,.,0,.,0,.,4.8,,2.8,,2,,0,,Kreisfreie Stadt,186950957.337891,96418.8943279986
2866,,2024.10,12053,Frankfurt (Oder),28314,,0,.,0,.,0,.,0,.,2.7,,1.4,,1.2,,0,-,Kreisfreie Stadt,147780070.31543,66375.9750375522
2867,,2024.10,12052,Cottbus,48668,,0,.,0,.,0,.,0,.,2.9,,1.6,,1.3,,0,,Kreisfreie Stadt,165033344.552734,87657.0910954755
2868,,2024.10,12051,Brandenburg an der Havel,35309,,0,.,0,.,0,.,0,.,3.8,,2.2,,1.6,,0,-,Kreisfreie Stadt,229536571.996094,141971.594036605
2869,,2024.10,11000,Berlin,1236307,,0,.,0,.,0,.,0,.,5.5,,3.3,,2.3,,0,,Kreisfreie Stadt,891789356.085938,222564.759502733
2870,,2024.10,10046,St. Wendel,62785,,0,.,0,.,0,.,0,.,4.2,,2.6,,1.6,,0,-,Landkreis,476354283.110352,146866.901261139
2871,,2024.10,10045,Saarpfalz-Kreis,99744,,0,.,0,.,0,.,0,.,4.6,,2.8,,1.8,,0,,Landkreis,419096935.567383,159211.807111928
2872,,2024.10,10044,Saarlouis,135836,,0,.,0,.,0,.,0,.,4.2,,2.5,,1.7,,0,,Landkreis,458985903.306641,158271.168504276
2873,,2024.10,10043,Neunkirchen,87580,,0,.,0,.,0,.,0,.,4,,2.3,,1.6,,0,-,Landkreis,248117924.852539,107822.664579199
2874,,2024.10,10042,Merzig-Wadern,73852,,0,.,0,.,0,.,0,.,3.8,,2.3,,1.4,,0,-,Landkreis,556979507.769531,154721.880097438
2875,,2024.10,10041,Regionalverband Saarbrücken,194561,,0,.,0,.,0,.,0,.,4.5,,2.5,,1.9,,0,,Landkreis,411489484.970703,160799.877878205
2876,,2024.10,09780,Oberallgäu,106474,,0,.,0,.,0,.,0,.,4.7,,3.3,,1.4,,0,-,Landkreis,1528353119.51855,341969.342105912
2877,,2024.10,09779,Donau-Ries,96587,,0,.,0,.,0,.,0,.,4.6,,3,,1.6,,0,-,Landkreis,1274179146.9248,334855.877078285
2878,,2024.10,09778,Unterallgäu,105798,,0,.,0,.,0,.,0,.,4.2,,3,,1.2,,0,-,Landkreis,1229882513.49414,326412.465520539
2879,,2024.10,09777,Ostallgäu,97766,,0,.,0,.,0,.,0,.,4.8,,3.3,,1.4,,0,-,Landkreis,1393283604.78418,408695.960385229
2880,,2024.10,09776,Lindau (Bodensee),54729,,0,.,0,.,0,.,0,.,4.7,,3.1,,1.5,,0,-,Landkreis,323241962.030273,143695.537883892
2881,,2024.10,09775,Neu-Ulm,115711,,0,.,0,.,0,.,0,.,4.7,,3,,1.7,,0,,Landkreis,515671085.181641,148988.874247824
2882,,2024.10,09774,Günzburg,89698,,0,.,0,.,0,.,0,.,4.8,,3.1,,1.7,,0,,Landkreis,763345366.449219,232954.134000113
2883,,2024.10,09773,Dillingen a.d.Donau,69113,,0,.,0,.,0,.,0,.,3.9,,2.5,,1.4,,0,-,Landkreis,791686690.830078,242655.202666034
2884,,2024.10,09772,Augsburg,174378,,0,.,0,.,0,.,0,.,5.3,,3.4,,1.9,,0,,Landkreis,1071521962.7207,309028.860969014
2885,,2024.10,09771,Aichach-Friedberg,91278,,0,.,0,.,0,.,0,.,5.1,,3.5,,1.6,,0,,Landkreis,779820964.371094,226106.141811333
2886,,2024.10,09764,Memmingen,27898,,0,.,0,.,0,.,0,.,4.7,,3,,1.7,,0,-,Kreisfreie Stadt,69807842.7167969,63228.1848011595
2887,,2024.10,09763,Kempten (Allgäu),41271,,0,.,0,.,0,.,0,.,6.2,,4.3,,1.8,,0,,Kreisfreie Stadt,63248638.9882813,53450.3530222877
2888,,2024.10,09762,Kaufbeuren,26909,,0,.,0,.,0,.,0,.,4.3,,2.9,,1.5,,0,-,Kreisfreie Stadt,40431942.4960938,39470.9962520316
2889,,2024.10,09761,Augsburg,142123,,0,.,0,.,0,.,0,.,5,,2.8,,2.2,,0,,Kreisfreie Stadt,146459229.583984,86297.542663465
2890,,2024.10,09679,Würzburg,109615,,0,.,0,.,0,.,0,.,5.6,,3.9,,1.7,,0,,Landkreis,967155584.087891,337613.040360294
2891,,2024.10,09678,Schweinfurt,80051,,0,.,0,.,0,.,0,.,4.9,,3.5,,1.4,,0,,Landkreis,841233412.072266,324997.501418006
2892,,2024.10,09677,Main-Spessart,88016,,0,.,0,.,0,.,0,.,4.6,,3,,1.6,,0,-,Landkreis,1321991667.66113,287380.964912033
2893,,2024.10,09676,Miltenberg,87866,,0,.,0,.,0,.,0,.,4.4,,2.6,,1.8,,0,,Landkreis,715285437.052734,225618.089550047
2894,,2024.10,09675,Kitzingen,64102,,0,.,0,.,0,.,0,.,4.9,,3.5,,1.4,,0,,Landkreis,683903707.851563,201499.965144985
2895,,2024.10,09674,Haßberge,60400,,0,.,0,.,0,.,0,.,4.2,,3.1,,1.2,,0,-,Landkreis,956502900.063477,250394.505232398
2896,,2024.10,09673,Rhön-Grabfeld,56347,,0,.,0,.,0,.,0,.,4.5,,3.1,,1.4,,0,-,Landkreis,1021624976.38477,256743.758245581
2897,,2024.10,09672,Bad Kissingen,73002,,0,.,0,.,0,.,0,.,4.3,,3.1,,1.2,,0,-,Landkreis,1137656959.4668,279211.62790441
2898,,2024.10,09671,Aschaffenburg,120464,,0,.,0,.,0,.,0,.,5.5,,3.6,,1.9,,0,,Landkreis,698932681.59375,229374.257908033
2899,,2024.10,09663,Würzburg,64465,,0,.,0,.,0,.,0,.,6.1,,3.8,,2.3,,0,,Kreisfreie Stadt,87764401.9951172,65259.0145445697
2900,,2024.10,09662,Schweinfurt,30264,,0,.,0,.,0,.,0,.,7.2,,3.4,,3.8,,0,-,Kreisfreie Stadt,35705732.7753906,39633.719962486
2901,,2024.10,09661,Aschaffenburg,44604,,0,.,0,.,0,.,0,.,8.4,,5.3,,3.1,,0,,Kreisfreie Stadt,62023548.3466797,50412.0037044716
2902,,2024.10,09577,Weißenburg-Gunzenhausen,65387,,0,.,0,.,0,.,0,.,4.5,,3.2,,1.3,,0,,Landkreis,970267811.857422,223083.568343369
2903,,2024.10,09576,Roth,89913,,0,.,0,.,0,.,0,.,4.8,,3.2,,1.6,,0,,Landkreis,895175763.526367,300336.063639876
2904,,2024.10,09575,Neustadt a.d.Aisch-Bad Windsheim,70826,,0,.,0,.,0,.,0,.,4.9,,3.5,,1.4,,0,,Landkreis,1267945156.98633,286565.424246564
2905,,2024.10,09574,Nürnberger Land,114022,,0,.,0,.,0,.,0,.,5.2,,3.6,,1.7,,0,,Landkreis,797630947.844727,280037.722454563
2906,,2024.10,09573,Fürth,78970,,0,.,0,.,0,.,0,.,5.1,,3.4,,1.7,,0,,Landkreis,307104515.246094,119071.936100924
2907,,2024.10,09572,Erlangen-Höchstadt,95410,,0,.,0,.,0,.,0,.,7.3,,4.9,,2.4,,0,,Landkreis,564516798.948242,302003.323956942
2908,,2024.10,09571,Ansbach,131224,,0,.,0,.,0,.,0,.,4.5,,3.1,,1.4,,0,,Landkreis,1972780199.8584,438171.105364346
2909,,2024.10,09565,Schwabach,26606,,0,.,0,.,0,.,0,.,5.3,,3.3,,2,,0,-,Kreisfreie Stadt,40825280.7548828,44392.3601544875
2910,,2024.10,09564,Nürnberg,249926,,0,.,0,.,0,.,0,.,5.5,,3.4,,2.1,,0,,Kreisfreie Stadt,187671476.236328,138424.259082801
2911,,2024.10,09563,Fürth,64866,,0,.,0,.,0,.,0,.,4.9,,3.1,,1.8,,0,,Kreisfreie Stadt,63347123.8447266,45995.1390193326
2912,,2024.10,09562,Erlangen,56593,,0,.,0,.,0,.,0,.,6,,3.8,,2.2,,0,,Kreisfreie Stadt,78014690.5429688,53139.0900158128
2913,,2024.10,09561,Ansbach,26014,,0,.,0,.,0,.,0,.,4.9,,3.1,,1.8,,0,-,Kreisfreie Stadt,99853580.3564453,70278.7303360335
2914,,2024.10,09479,Wunsiedel i.Fichtelgebirge,47997,,0,.,0,.,0,.,0,.,4,,2.4,,1.6,,0,-,Landkreis,606192311.765625,147427.252500402
2915,,2024.10,09478,Lichtenfels,46089,,0,.,0,.,0,.,0,.,3.5,,2.3,,1.2,,0,-,Landkreis,519676599.529297,188339.943949693
2916,,2024.10,09477,Kulmbach,51045,,0,.,0,.,0,.,0,.,4.3,,2.8,,1.4,,0,,Landkreis,658004334.990234,203657.347389188
2917,,2024.10,09476,Kronach,46418,,0,.,0,.,0,.,0,.,3.6,,2.3,,1.3,,0,,Landkreis,651475772.542969,195680.596667354
2918,,2024.10,09475,Hof,65283,,0,.,0,.,0,.,0,.,4.1,,2.4,,1.7,,0,,Landkreis,893663689.371094,293042.491814798
2919,,2024.10,09474,Forchheim,79977,,0,.,0,.,0,.,0,.,4.7,,3.3,,1.4,,0,,Landkreis,642921296.804688,202014.345609455
2920,,2024.10,09473,Coburg,60621,,0,.,0,.,0,.,0,.,4.5,,3,,1.5,,0,,Landkreis,591020889.209961,265614.514307051
2921,,2024.10,09472,Bayreuth,73324,,0,.,0,.,0,.,0,.,4,,2.8,,1.2,,0,,Landkreis,1273584205.2207,386106.994410095
2922,,2024.10,09471,Bamberg,105116,,0,.,0,.,0,.,0,.,4.1,,2.9,,1.2,,0,,Landkreis,1166948004.1875,363511.905725181
2923,,2024.10,09464,Hof,26705,,0,.,0,.,0,.,0,.,4.5,,2.5,,2,,0,,Kreisfreie Stadt,58159802.2382813,54718.4550792217
2924,,2024.10,09463,Coburg,25505,,0,.,0,.,0,.,0,.,5.5,,3.4,,2.1,,0,-,Kreisfreie Stadt,48017323.6835938,47861.9792022719
2925,,2024.10,09462,Bayreuth,40982,,0,.,0,.,0,.,0,.,6.9,,3.8,,3,,0,,Kreisfreie Stadt,67008634.3730469,64736.4199248782
2926,,2024.10,09461,Bamberg,41497,,0,.,0,.,0,.,0,.,5.1,,3.4,,1.7,,0,-,Kreisfreie Stadt,54976414.7333984,40927.3519722638
2927,,2024.10,09377,Tirschenreuth,50130,,0,.,0,.,0,.,0,.,3.8,,2.3,,1.5,,0,-,Landkreis,1084534913.91406,229088.470696812
2928,,2024.10,09376,Schwandorf,105700,,0,.,0,.,0,.,0,.,4.1,,2.7,,1.4,,0,-,Landkreis,1458425984.95898,347575.996306894
2929,,2024.10,09375,Regensburg,133760,,0,.,0,.,0,.,0,.,5.1,,3.6,,1.5,,0,,Landkreis,1393030845.39941,411789.418124436
2930,,2024.10,09374,Neustadt a.d.Waldnaab,67531,,0,.,0,.,0,.,0,.,4.3,,2.9,,1.4,,0,-,Landkreis,1428166109.66699,385732.083609104
2931,,2024.10,09373,Neumarkt i.d.OPf.,93868,,0,.,0,.,0,.,0,.,4.6,,3.2,,1.4,,0,-,Landkreis,1344541220.45117,303939.946431158
2932,,2024.10,09372,Cham,93389,,0,.,0,.,0,.,0,.,4.1,,2.9,,1.2,,0,,Landkreis,1526958023.89063,299328.140846534
2933,,2024.10,09371,Amberg-Sulzbach,72568,,0,.,0,.,0,.,0,.,4.7,,3.3,,1.4,,0,,Landkreis,1255092290.34766,376859.42579161
2934,,2024.10,09363,Weiden i.d.OPf.,26757,,0,.,0,.,0,.,0,.,4.4,,2.5,,1.8,,0,-,Kreisfreie Stadt,70605006.8857422,71839.4196751139
2935,,2024.10,09362,Regensburg,84207,,0,.,0,.,0,.,0,.,7.1,,4.4,,2.6,,0,,Kreisfreie Stadt,79706492.1894531,59506.3819752187
2936,,2024.10,09361,Amberg,25253,,0,.,0,.,0,.,0,.,5.5,,3.5,,2,,0,-,Kreisfreie Stadt,50405257.5654297,45172.0627563141
2937,,2024.10,09279,Dingolfing-Landau,73960,,0,.,0,.,0,.,0,.,5,,3.6,,1.4,,0,,Landkreis,877379815.797852,263187.17169248
2938,,2024.10,09278,Straubing-Bogen,72732,,0,.,0,.,0,.,0,.,4.3,,3.1,,1.2,,0,-,Landkreis,1200964159.71777,333805.068298285
2939,,2024.10,09277,Rottal-Inn,88009,,0,.,0,.,0,.,0,.,4.4,,3.1,,1.3,,0,,Landkreis,1281034787.56348,290982.290980761
2940,,2024.10,09276,Regen,52156,,0,.,0,.,0,.,0,.,4.2,,2.5,,1.6,,0,-,Landkreis,974828582.608398,194334.820631541
2941,,2024.10,09275,Passau,135667,,0,.,0,.,0,.,0,.,4.7,,3.3,,1.5,,0,,Landkreis,1530226056.83984,349324.825744492
2942,,2024.10,09274,Landshut,115643,,0,.,0,.,0,.,0,.,5.4,,3.8,,1.5,,0,,Landkreis,1347484584.59082,352561.699055864
2943,,2024.10,09273,Kelheim,85347,,0,.,0,.,0,.,0,.,4.3,,3.1,,1.2,,0,-,Landkreis,1064782902.7373,277566.475134382
2944,,2024.10,09272,Freyung-Grafenau,55529,,0,.,0,.,0,.,0,.,4.1,,2.6,,1.5,,0,-,Landkreis,983773696.077148,205137.074783462
2945,,2024.10,09271,Deggendorf,83003,,0,.,0,.,0,.,0,.,4.7,,3.2,,1.5,,0,-,Landkreis,861232904.080078,214908.653550047
2946,,2024.10,09263,Straubing,28532,,0,.,0,.,0,.,0,.,4.5,,2.8,,1.8,,0,-,Kreisfreie Stadt,67649328.3486328,55342.4542959559
2947,,2024.10,09262,Passau,30527,,0,.,0,.,0,.,0,.,6.1,,3.7,,2.4,,0,,Kreisfreie Stadt,70107293.4433594,58468.6189304297
2948,,2024.10,09261,Landshut,39715,,0,.,0,.,0,.,0,.,5.4,,3.3,,2.1,,0,,Kreisfreie Stadt,66173764.9755859,68059.4178922351
2949,,2024.10,09190,Weilheim-Schongau,92697,,0,.,0,.,0,.,0,.,4.8,,3.5,,1.4,,0,-,Landkreis,967395171.895508,272636.208647296
2950,,2024.10,09189,Traunstein,123534,,0,.,0,.,0,.,0,.,5.1,,3.6,,1.5,,0,-,Landkreis,1532990057.25293,315972.371520452
2951,,2024.10,09188,Starnberg,90498,,0,.,0,.,0,.,0,.,7.7,,5.1,,2.5,,0,,Landkreis,486839643.578125,154838.380658794
2952,,2024.10,09187,Rosenheim,179917,,0,.,0,.,0,.,0,.,5.3,,3.7,,1.6,,0,,Landkreis,1440401955.72949,378977.363111802
2953,,2024.10,09186,Pfaffenhofen a.d.Ilm,88631,,0,.,0,.,0,.,0,.,5,,3.6,,1.4,,0,,Landkreis,760903330.470703,229356.061018572
2954,,2024.10,09185,Neuburg-Schrobenhausen,68367,,0,.,0,.,0,.,0,.,4,,2.7,,1.3,,0,,Landkreis,740049089.376953,221714.43570198
2955,,2024.10,09184,München,247124,,0,.,0,.,0,.,0,.,10.8,,6.4,,4.3,,0,,Landkreis,664006064.419922,253024.576960929
2956,,2024.10,09183,Mühldorf a.Inn,79374,,0,.,0,.,0,.,0,.,4.8,,3.4,,1.4,,0,,Landkreis,805046306.827148,251387.906279848
2957,,2024.10,09182,Miesbach,68537,,0,.,0,.,0,.,0,.,5.7,,3.7,,1.9,,0,,Landkreis,866757960.75293,210751.517487509
2958,,2024.10,09181,Landsberg am Lech,86490,,0,.,0,.,0,.,0,.,6.2,,4.7,,1.5,,0,-,Landkreis,803669334.545898,220162.735665796
2959,,2024.10,09180,Garmisch-Partenkirchen,54054,,0,.,0,.,0,.,0,.,4.3,,2.9,,1.5,,0,,Landkreis,1011920317.62012,202175.405901146
2960,,2024.10,09179,Fürstenfeldbruck,127604,,0,.,0,.,0,.,0,.,5.2,,3.4,,1.8,,0,,Landkreis,434651013.395508,150795.74162017
2961,,2024.10,09178,Freising,114241,,0,.,0,.,0,.,0,.,5.5,,3.7,,1.8,,0,,Landkreis,798505478.394531,198190.25752764
2962,,2024.10,09177,Erding,93583,,0,.,0,.,0,.,0,.,4.9,,3.3,,1.6,,0,,Landkreis,870824808.99707,184026.941276641
2963,,2024.10,09176,Eichstätt,89379,,0,.,0,.,0,.,0,.,4.5,,3.3,,1.2,,0,,Landkreis,1214365067.16309,307498.835164874
2964,,2024.10,09175,Ebersberg,89738,,0,.,0,.,0,.,0,.,6.5,,4.2,,2.2,,0,,Landkreis,549824040.4375,156850.433357146
2965,,2024.10,09174,Dachau,96795,,0,.,0,.,0,.,0,.,5.2,,3.4,,1.8,,0,,Landkreis,579538659.702148,164328.110709436
2966,,2024.10,09173,Bad Tölz-Wolfratshausen,83061,,0,.,0,.,0,.,0,.,4.9,,3.3,,1.6,,0,,Landkreis,1111683344.53906,234990.022505886
2967,,2024.10,09172,Berchtesgadener Land,68320,,0,.,0,.,0,.,0,.,4,,2.7,,1.3,,0,-,Landkreis,839799161.021484,222421.730122155
2968,,2024.10,09171,Altötting,75241,,0,.,0,.,0,.,0,.,5.1,,3.5,,1.7,,0,-,Landkreis,569350849.804688,159866.861096235
2969,,2024.10,09163,Rosenheim,36446,,0,.,0,.,0,.,0,.,4.8,,3.1,,1.7,,0,,Kreisfreie Stadt,36954285.3867188,31415.2055751276
2970,,2024.10,09162,München,772490,,0,.,0,.,0,.,0,.,8.9,,4.9,,4.1,,0,,Kreisfreie Stadt,311418892.893555,113444.364599277
2971,,2024.10,09161,Ingolstadt,103275,,0,.,0,.,0,.,0,.,12.3,,7.6,,4.6,,0,,Kreisfreie Stadt,133437450.783203,76161.6928625865
2972,,2024.10,08437,Sigmaringen,91061,,0,.,0,.,0,.,0,.,4.4,,2.9,,1.5,,0,,Landkreis,1204677491.74121,292560.594124531
2973,,2024.10,08436,Ravensburg,190222,,0,.,0,.,0,.,0,.,5.2,,3.5,,1.6,,0,-,Landkreis,1631876151.00586,326018.877239601
2974,,2024.10,08435,Bodenseekreis,144705,,0,.,0,.,0,.,0,.,6.2,,3.5,,2.7,,0,-,Landkreis,665234832.079102,196264.544875067
2975,,2024.10,08426,Biberach,139561,,0,.,0,.,0,.,0,.,5,,3.6,,1.4,,0,-,Landkreis,1409893821.0918,294123.862292792
2976,,2024.10,08425,Alb-Donau-Kreis,135388,,0,.,0,.,0,.,0,.,4.9,,3.4,,1.5,,0,,Landkreis,1357392728.38867,400613.419260071
2977,,2024.10,08421,Ulm,68696,,0,.,0,.,0,.,0,.,6.5,,4.2,,2.3,,0,,Stadtkreis,119244615.334961,90886.1258529902
2978,,2024.10,08417,Zollernalbkreis,133151,,0,.,0,.,0,.,0,.,4.6,,2.8,,1.8,,0,,Landkreis,917298672.389648,200702.700707429
2979,,2024.10,08416,Tübingen,130971,,0,.,0,.,0,.,0,.,5.6,,3.6,,2,,0,,Landkreis,519905356.571289,168209.697087106
2980,,2024.10,08415,Reutlingen,186559,,0,.,0,.,0,.,0,.,5.3,,3.2,,2.1,,0,,Landkreis,1092260476.94043,248486.106887773
2981,,2024.10,08337,Waldshut,112815,,0,.,0,.,0,.,0,.,5.2,,3.6,,1.6,,0,,Landkreis,1130807825.95508,276819.835436996
2982,,2024.10,08336,Lörrach,140710,,0,.,0,.,0,.,0,.,5.3,,3.5,,1.7,,0,,Landkreis,807128916.5625,166962.443862911
2983,,2024.10,08335,Konstanz,167528,,0,.,0,.,0,.,0,.,5.3,,3.5,,1.8,,0,,Landkreis,817527869.484375,301955.873771339
2984,,2024.10,08327,Tuttlingen,94279,,0,.,0,.,0,.,0,.,5.4,,3.1,,2.3,,0,,Landkreis,734058016.166992,181332.840700999
2985,,2024.10,08326,Schwarzwald-Baar-Kreis,137463,,0,.,0,.,0,.,0,.,4.9,,2.9,,2,,0,,Landkreis,1025911911.13281,230407.440447965
2986,,2024.10,08325,Rottweil,98449,,0,.,0,.,0,.,0,.,4.8,,2.9,,1.9,,0,-,Landkreis,769493816.008789,216136.447502954
2987,,2024.10,08317,Ortenaukreis,285250,,0,.,0,.,0,.,0,.,4.6,,3.1,,1.5,,0,,Landkreis,1859817895.98926,262096.114408608
2988,,2024.10,08316,Emmendingen,106476,,0,.,0,.,0,.,0,.,4.7,,3.3,,1.4,,0,,Landkreis,680398795.238281,172702.629780998
2989,,2024.10,08315,Breisgau-Hochschwarzwald,165589,,0,.,0,.,0,.,0,.,5.2,,3.7,,1.5,,0,-,Landkreis,1377672370.40137,370399.271266305
2990,,2024.10,08311,Freiburg im Breisgau,95822,,0,.,0,.,0,.,0,.,6,,4,,2,,0,,Stadtkreis,153849224.488281,91014.02371589
2991,,2024.10,08237,Freudenstadt,82218,,0,.,0,.,0,.,0,.,4.8,,3.1,,1.7,,0,-,Landkreis,870890176.946289,218933.236918359
2992,,2024.10,08236,Enzkreis,138018,,0,.,0,.,0,.,0,.,5.5,,3.6,,2,,0,,Landkreis,573013700.561523,230073.925261016
2993,,2024.10,08235,Calw,111316,,0,.,0,.,0,.,0,.,6,,4.2,,1.7,,0,,Landkreis,797593878.895508,205429.753223687
2994,,2024.10,08231,Pforzheim,64073,,0,.,0,.,0,.,0,.,5.6,,3.2,,2.3,,0,,Stadtkreis,98240899.1787109,58511.2928561087
2995,,2024.10,08226,Rhein-Neckar-Kreis,364282,,0,.,0,.,0,.,0,.,7.4,,4.4,,2.9,,0,,Landkreis,1060897378.24121,376735.935318718
2996,,2024.10,08225,Neckar-Odenwald-Kreis,98496,,0,.,0,.,0,.,0,.,4.4,,2.7,,1.6,,0,-,Landkreis,1125803071.23047,245427.437803649
2997,,2024.10,08222,Mannheim,159249,,0,.,0,.,0,.,0,.,6.2,,3.4,,2.7,,0,,Stadtkreis,145282582.120117,66145.7280531458
2998,,2024.10,08221,Heidelberg,61318,,0,.,0,.,0,.,0,.,6.4,,3.8,,2.5,,0,,Stadtkreis,109177300.727539,67290.2437024899
2999,,2024.10,08216,Rastatt,155496,,0,.,0,.,0,.,0,.,5.6,,3.6,,2,,0,,Landkreis,738745337.001953,298562.837436705
3000,,2024.10,08215,Karlsruhe,290635,,0,.,0,.,0,.,0,.,5.3,,3.5,,1.8,,0,,Landkreis,1084489419.02441,286288.605541561
3001,,2024.10,08212,Karlsruhe,140979,,0,.,0,.,0,.,0,.,6.9,,4.4,,2.5,,0,,Stadtkreis,174089896.172852,81609.5077277984
3002,,2024.10,08211,Baden-Baden,36359,,0,.,0,.,0,.,0,.,6.3,,3.9,,2.4,,0,-,Stadtkreis,139961040.21582,98183.8804621679
3003,,2024.10,08136,Ostalbkreis,214355,,0,.,0,.,0,.,0,.,4.9,,3,,1.9,,0,,Landkreis,1510452892.5166,349788.857320175
3004,,2024.10,08135,Heidenheim,88314,,0,.,0,.,0,.,0,.,4,,2.3,,1.6,,0,,Landkreis,627374007.889648,235445.457306892
3005,,2024.10,08128,Main-Tauber-Kreis,93334,,0,.,0,.,0,.,0,.,4.2,,2.7,,1.6,,0,,Landkreis,1304839178.17285,358765.85369454
3006,,2024.10,08127,Schwäbisch Hall,138012,,0,.,0,.,0,.,0,.,5,,3.3,,1.7,,0,,Landkreis,1483983603.97168,341804.115831159
3007,,2024.10,08126,Hohenlohekreis,88125,,0,.,0,.,0,.,0,.,5.8,,4.3,,1.6,,0,,Landkreis,777128184.59375,231938.728929931
3008,,2024.10,08125,Heilbronn,258485,,0,.,0,.,0,.,0,.,5.7,,3.7,,2,,0,,Landkreis,1098643452.9082,359071.410841577
3009,,2024.10,08121,Heilbronn,70294,,0,.,0,.,0,.,0,.,5.1,,2.8,,2.3,,0,,Stadtkreis,100623181.72168,67074.2189974283
3010,,2024.10,08119,Rems-Murr-Kreis,275328,,0,.,0,.,0,.,0,.,5.8,,3.5,,2.3,,0,,Landkreis,857365536.928711,214668.079545342
3011,,2024.10,08118,Ludwigsburg,342582,,0,.,0,.,0,.,0,.,6.3,,3.7,,2.6,,0,,Landkreis,686632531.452148,212148.528068176
3012,,2024.10,08117,Göppingen,172364,,0,.,0,.,0,.,0,.,5.2,,3.2,,2,,0,,Landkreis,642609816.006836,194509.684601541
3013,,2024.10,08116,Esslingen,347055,,0,.,0,.,0,.,0,.,7.1,,4.3,,2.7,,0,,Landkreis,639790912.260742,192186.178502883
3014,,2024.10,08115,Böblingen,266547,,0,.,0,.,0,.,0,.,10.4,,5.8,,4.6,,0,,Landkreis,617166961.571289,192935.175303125
3015,,2024.10,08111,Stuttgart,303072,,0,.,0,.,0,.,0,.,11.3,,5.6,,5.7,,0,,Stadtkreis,209953423.669922,96275.2293088448
3016,,2024.10,07340,Südwestpfalz,68583,,0,.,0,.,0,.,0,.,3.8,,2.5,,1.3,,0,,Landkreis,954113160.211914,287839.002459541
3017,,2024.10,07339,Mainz-Bingen,145907,,0,.,0,.,0,.,0,.,5.3,,3.6,,1.7,,0,-,Landkreis,605620457.03125,228891.65320828
3018,,2024.10,07338,Rhein-Pfalz-Kreis,103413,,0,.,0,.,0,.,0,.,4.6,,3.1,,1.5,,0,-,Landkreis,304388992.862305,182456.8069609
3019,,2024.10,07337,Südliche Weinstraße,79610,,0,.,0,.,0,.,0,.,4.8,,3.3,,1.4,,0,-,Landkreis,639681013.71582,271814.586706335
3020,,2024.10,07336,Kusel,48366,,0,.,0,.,0,.,0,.,3.2,,2,,1.1,,0,-,Landkreis,573837615.500977,183994.7760021
3021,,2024.10,07335,Kaiserslautern,70851,,0,.,0,.,0,.,0,.,4.4,,2.9,,1.6,,0,-,Landkreis,640571447.892578,268252.938579891
3022,,2024.10,07334,Germersheim,85935,,0,.,0,.,0,.,0,.,4.9,,3.1,,1.8,,0,,Landkreis,463330213.0625,139027.58003438
3023,,2024.10,07333,Donnersbergkreis,52131,,0,.,0,.,0,.,0,.,4,,2.8,,1.2,,0,,Landkreis,644631752.258789,159577.632166307
3024,,2024.10,07332,Bad Dürkheim,93734,,0,.,0,.,0,.,0,.,5,,3.4,,1.6,,0,-,Landkreis,593988929.787109,196085.16675297
3025,,2024.10,07331,Alzey-Worms,89182,,0,.,0,.,0,.,0,.,4.7,,3.2,,1.5,,0,-,Landkreis,588117875.958984,189546.478189532
3026,,2024.10,07320,Zweibrücken,21763,,0,.,0,.,0,.,0,.,4.7,,2.9,,1.8,,0,-,Kreisfreie Stadt,70802893.0361328,59253.9537753324
3027,,2024.10,07319,Worms,46878,,0,.,0,.,0,.,0,.,4.4,,2.5,,1.8,,0,-,Kreisfreie Stadt,108771236.600586,73957.693231704
3028,,2024.10,07318,Speyer,30365,,0,.,0,.,0,.,0,.,4.4,,2.9,,1.5,,0,-,Kreisfreie Stadt,42871205.4169922,40161.5178323398
3029,,2024.10,07317,Pirmasens,23420,,0,.,0,.,0,.,0,.,4.3,,2.3,,2,,0,-,Kreisfreie Stadt,61586073.3691406,48933.9179410104
3030,,2024.10,07316,Neustadt an der Weinstraße,34056,,0,.,0,.,0,.,0,.,5.1,,3.5,,1.6,,0,-,Kreisfreie Stadt,117196960.166016,74425.9014137383
3031,,2024.10,07315,Mainz,102672,,0,.,0,.,0,.,0,.,5.8,,3.5,,2.2,,0,,Kreisfreie Stadt,97639723.5410156,62475.8854668958
3032,,2024.10,07314,Ludwigshafen am Rhein,85438,,0,.,0,.,0,.,0,.,5.2,,3,,2.1,,0,,Kreisfreie Stadt,78001717.6855469,51846.815686425
3033,,2024.10,07313,Landau in der Pfalz,28542,,0,.,0,.,0,.,0,.,5.8,,3.5,,2.3,,0,-,Kreisfreie Stadt,82985492.3359375,87908.82313436
3034,,2024.10,07312,Kaiserslautern,50379,,0,.,0,.,0,.,0,.,5.5,,3.3,,2.2,,0,,Kreisfreie Stadt,140338623.198242,76154.15074223
3035,,2024.10,07311,Frankenthal (Pfalz),27315,,0,.,0,.,0,.,0,.,4.1,,2.1,,2,,0,-,Kreisfreie Stadt,43781479.5527344,41147.8587057006
3036,,2024.10,07233,Vulkaneifel,43400,,0,.,0,.,0,.,0,.,4.1,,2.5,,1.5,,0,-,Landkreis,911674505.946289,257481.984540412
3037,,2024.10,07232,Eifelkreis Bitburg-Prüm,70819,,0,.,0,.,0,.,0,.,4.2,,3,,1.2,,0,,Landkreis,1627922517.46289,260563.165497522
3038,,2024.10,07231,Bernkastel-Wittlich,78254,,0,.,0,.,0,.,0,.,4.2,,2.7,,1.5,,0,-,Landkreis,1168681557.4209,212499.209410563
3039,,2024.10,07211,Trier,158737,,0,.,0,.,0,.,0,.,5,,3.3,,1.7,,0,-,Kreisfreie Stadt,1220946433.32129,239144.771120695
3040,,2024.10,07143,Westerwaldkreis,143339,,0,.,0,.,0,.,0,.,5.2,,3.4,,1.8,,0,,Landkreis,990180403.595703,258826.416348373
3041,,2024.10,07141,Rhein-Lahn-Kreis,82742,,0,.,0,.,0,.,0,.,4.5,,2.9,,1.6,,0,,Landkreis,781516859.424805,212678.488053315
3042,,2024.10,07140,Rhein-Hunsrück-Kreis,73867,,0,.,0,.,0,.,0,.,4.4,,3,,1.4,,0,-,Landkreis,991218488.785156,222923.974650335
3043,,2024.10,07138,Neuwied,125340,,0,.,0,.,0,.,0,.,4.6,,2.7,,1.9,,0,-,Landkreis,627652391.993164,179551.528669657
3044,,2024.10,07137,Mayen-Koblenz,144153,,0,.,0,.,0,.,0,.,4.8,,3,,1.8,,0,,Landkreis,816507263.657227,280699.935462887
3045,,2024.10,07135,Cochem-Zell,43074,,0,.,0,.,0,.,0,.,4.3,,2.9,,1.4,,0,,Landkreis,693071688.401367,185715.450794408
3046,,2024.10,07134,Birkenfeld,53539,,0,.,0,.,0,.,0,.,3.1,,1.9,,1.2,,0,-,Landkreis,776624723.824219,174346.642558535
3047,,2024.10,07133,Bad Kreuznach,103876,,0,.,0,.,0,.,0,.,4.5,,2.9,,1.6,,0,-,Landkreis,864147548.796875,190511.509267926
3048,,2024.10,07132,Altenkirchen (Westerwald),87636,,0,.,0,.,0,.,0,.,4.7,,2.9,,1.8,,0,,Landkreis,641192280.124023,226666.627454279
3049,,2024.10,07131,Ahrweiler,88095,,0,.,0,.,0,.,0,.,4.3,,2.6,,1.7,,0,,Landkreis,787045522.314453,198523.740877045
3050,,2024.10,07111,Koblenz,65254,,0,.,0,.,0,.,0,.,6.8,,3.8,,2.9,,0,,Kreisfreie Stadt,105904244.056641,60287.0431391488
3051,,2024.10,06636,Werra-Meißner-Kreis,63998,,0,.,0,.,0,.,0,.,3.9,,2.6,,1.3,,0,,Landkreis,1024390382.30957,277652.532707859
3052,,2024.10,06635,Waldeck-Frankenberg,108019,,0,.,0,.,0,.,0,.,4.3,,3,,1.3,,0,-,Landkreis,1847907077.81836,315498.946529771
3053,,2024.10,06634,Schwalm-Eder-Kreis,123038,,0,.,0,.,0,.,0,.,4.5,,3.3,,1.3,,0,-,Landkreis,1539557454.19043,265332.770302823
3054,,2024.10,06633,Kassel,154519,,0,.,0,.,0,.,0,.,5.5,,3.7,,1.8,,0,,Landkreis,1294912578.55566,372267.148483234
3055,,2024.10,06632,Hersfeld-Rotenburg,81215,,0,.,0,.,0,.,0,.,3.8,,2.6,,1.3,,0,-,Landkreis,1097989054.38477,239660.411478028
3056,,2024.10,06631,Fulda,148864,,0,.,0,.,0,.,0,.,4.9,,3.3,,1.6,,0,-,Landkreis,1381379533.09277,249554.88527543
3057,,2024.10,06611,Kassel,92048,,0,.,0,.,0,.,0,.,6.1,,3.7,,2.4,,0,,Kreisfreie Stadt,104921361.786133,63284.3782922191
3058,,2024.10,06535,Vogelsbergkreis,74128,,0,.,0,.,0,.,0,.,3.9,,2.5,,1.3,,0,-,Landkreis,1458289489.31641,281352.484060151
3059,,2024.10,06534,Marburg-Biedenkopf,147816,,0,.,0,.,0,.,0,.,4.3,,2.9,,1.4,,0,,Landkreis,1262136369.50879,219577.755636121
3060,,2024.10,06533,Limburg-Weilburg,116300,,0,.,0,.,0,.,0,.,5.2,,3.3,,1.9,,0,,Landkreis,738799141.473633,172150.712110974
3061,,2024.10,06532,Lahn-Dill-Kreis,168665,,0,.,0,.,0,.,0,.,4.7,,2.8,,1.9,,0,,Landkreis,1065703391.12305,219282.031563173
3062,,2024.10,06531,Gießen,159781,,0,.,0,.,0,.,0,.,5.1,,3.2,,1.9,,0,,Landkreis,855487307.994141,217540.28512267
3063,,2024.10,06440,Wetteraukreis,199430,,0,.,0,.,0,.,0,.,5.1,,3.2,,2,,0,,Landkreis,1100715408.88379,263849.646027959
3064,,2024.10,06439,Rheingau-Taunus-Kreis,124267,,0,.,0,.,0,.,0,.,5.6,,3.5,,2,,0,,Landkreis,811919270.723633,202814.412874961
3065,,2024.10,06438,Offenbach,222086,,0,.,0,.,0,.,0,.,5,,2.9,,2.1,,0,,Landkreis,356325742.489258,116884.314834115
3066,,2024.10,06437,Odenwaldkreis,64205,,0,.,0,.,0,.,0,.,4.4,,2.7,,1.7,,0,-,Landkreis,624772037.275391,175001.809901493
3067,,2024.10,06436,Main-Taunus-Kreis,186773,,0,.,0,.,0,.,0,.,6,,3.1,,2.8,,0,,Landkreis,221572678.726563,117470.580064287
3068,,2024.10,06435,Main-Kinzig-Kreis,268505,,0,.,0,.,0,.,0,.,4.4,,2.7,,1.7,,0,,Landkreis,1396882132.06348,301311.443067471
3069,,2024.10,06434,Hochtaunuskreis,168051,,0,.,0,.,0,.,0,.,7,,3.8,,3.1,,0,,Landkreis,480907993.546875,149540.699349362
3070,,2024.10,06433,Groß-Gerau,166794,,0,.,0,.,0,.,0,.,5.6,,3.3,,2.3,,0,,Landkreis,453325723.345703,139558.201442013
3071,,2024.10,06432,Darmstadt-Dieburg,191779,,0,.,0,.,0,.,0,.,5.4,,3.4,,2,,0,,Landkreis,658153392.793945,213944.367990509
3072,,2024.10,06431,Bergstraße,178893,,0,.,0,.,0,.,0,.,5.2,,3.2,,2,,0,,Landkreis,718875616.819336,230665.645395089
3073,,2024.10,06414,Wiesbaden,233170,,0,.,0,.,0,.,0,.,14.4,,9.2,,5.2,,0,,Kreisfreie Stadt,203813810.47168,76452.2375274593
3074,,2024.10,06413,Offenbach am Main,61019,,0,.,0,.,0,.,0,.,6,,3.6,,2.1,,0.3,,Kreisfreie Stadt,45319131.9121094,40703.3801450091
3075,,2024.10,06412,Frankfurt am Main,345231,,0,.,0,.,0,.,0,.,9.1,,4.3,,4.8,,0,,Kreisfreie Stadt,248120855.9375,107738.706029347
3076,,2024.10,06411,Darmstadt,73946,,0,.,0,.,0,.,0,.,7.3,,4.3,,2.9,,0,,Kreisfreie Stadt,122738117.188477,62500.6786556625
3077,,2024.10,05978,Unna,246344,,0,.,0,.,0,.,0,.,4.8,,3,,1.8,,0,,Kreis,542824039.868164,199548.421166447
3078,,2024.10,05974,Soest,198208,,0,.,0,.,0,.,0,.,5.7,,3.7,,2,,0,,Kreis,1329390562.89063,220152.441730781
3079,,2024.10,05970,Siegen-Wittgenstein,180590,,0,.,0,.,0,.,0,.,5.1,,2.9,,2.2,,0,,Kreis,1134040384.64648,221838.742179044
3080,,2024.10,05966,Olpe,92937,,0,.,0,.,0,.,0,.,5.2,,3,,2.1,,0,-,Kreis,711944622.895508,191915.420333218
3081,,2024.10,05962,Märkischer Kreis,258948,,0,.,0,.,0,.,0,.,4.5,,2.5,,2,,0,,Kreis,1060666564.4502,204522.776842104
3082,,2024.10,05958,Hochsauerlandkreis,174289,,0,.,0,.,0,.,0,.,4.9,,3.1,,1.8,,0,-,Kreis,1960082964.80859,346919.353405294
3083,,2024.10,05954,Ennepe-Ruhr-Kreis,204216,,0,.,0,.,0,.,0,.,4.9,,2.9,,2,,0,,Kreis,410907296.693359,167823.691284811
3084,,2024.10,05916,Herne,80366,,0,.,0,.,0,.,0,.,3.4,,1.8,,1.5,,0,,Kreisfreie Stadt,51509648.4521484,39643.8392912932
3085,,2024.10,05915,Hamm,101513,,0,.,0,.,0,.,0,.,4.2,,2.7,,1.5,,0,,Kreisfreie Stadt,227720983.532227,93458.3884714458
3086,,2024.10,05914,Hagen,100992,,0,.,0,.,0,.,0,.,4,,2.2,,1.8,,0,,Kreisfreie Stadt,160316710.286133,85106.2549919045
3087,,2024.10,05913,Dortmund,302296,,0,.,0,.,0,.,0,.,5.5,,3.1,,2.3,,0,,Kreisfreie Stadt,279662802.373047,98303.0284601238
3088,,2024.10,05911,Bochum,213464,,0,.,0,.,0,.,0,.,5.2,,3.1,,2.1,,0,,Kreisfreie Stadt,144803780.694336,64025.0873014356
3089,,2024.10,05774,Paderborn,192428,,0,.,0,.,0,.,0,.,6.1,,4.3,,1.9,,0,,Kreis,1246777280.7627,204588.642993027
3090,,2024.10,05770,Minden-Lübbecke,210982,,0,.,0,.,0,.,0,.,5.1,,3.5,,1.5,,0,-,Kreis,1151990376.89063,261061.025532273
3091,,2024.10,05766,Lippe,222992,,0,.,0,.,0,.,0,.,5,,3.3,,1.7,,0,,Kreis,1245878538.81934,235200.589696812
3092,,2024.10,05762,Höxter,93206,,0,.,0,.,0,.,0,.,4.9,,3.2,,1.6,,0,-,Kreis,1200707448.32422,216307.222826842
3093,,2024.10,05758,Herford,167833,,0,.,0,.,0,.,0,.,5.6,,3.7,,1.9,,0,-,Kreis,450726367.121094,152051.688893975
3094,,2024.10,05754,Gütersloh,241549,,0,.,0,.,0,.,0,.,5.6,,3.7,,1.9,,0,,Kreis,969612643.183594,211345.177555524
3095,,2024.10,05711,Bielefeld,182102,,0,.,0,.,0,.,0,.,6.5,,4.4,,2,,0,,Kreisfreie Stadt,259184268.935547,98214.7178138864
3096,,2024.10,05570,Warendorf,180528,,0,.,0,.,0,.,0,.,4.8,,3.3,,1.4,,0,,Kreis,1318578231.76758,239020.016740479
3097,,2024.10,05566,Steinfurt,285931,,0,.,0,.,0,.,0,.,5.5,,3.8,,1.7,,0,,Kreis,1795416420.94824,253521.367273162
3098,,2024.10,05562,Recklinghausen,365178,,0,.,0,.,0,.,0,.,4.1,,2.4,,1.6,,0,,Kreis,761405655.898438,195517.150872042
3099,,2024.10,05558,Coesfeld,146199,,0,.,0,.,0,.,0,.,5.4,,3.8,,1.6,,0,,Kreis,1112317887.10254,218543.143405152
3100,,2024.10,05554,Borken,237732,,0,.,0,.,0,.,0,.,6.1,,4.2,,1.9,,0,,Kreis,1421361804.71777,271032.558216467
3101,,2024.10,05515,Münster,152419,,0,.,0,.,0,.,0,.,7,,4.5,,2.6,,0,,Kreisfreie Stadt,303536651.791016,104146.926446906
3102,,2024.10,05513,Gelsenkirchen,127526,,0,.,0,.,0,.,0,.,3.7,,2.1,,1.6,,0,,Kreisfreie Stadt,105321074.493164,57216.534225466
3103,,2024.10,05512,Bottrop,70797,,0,.,0,.,0,.,0,.,4.3,,2.6,,1.7,,0,,Kreisfreie Stadt,100248242.984375,57675.0683142118
3104,,2024.10,05382,Rhein-Sieg-Kreis,379463,,0,.,0,.,0,.,0,.,4.9,,3.1,,1.8,,0,,Kreis,1152349724.42285,315908.196767241
3105,,2024.10,05378,Rheinisch-Bergischer Kreis,186137,,0,.,0,.,0,.,0,.,5.8,,3.6,,2.2,,0,,Kreis,438100913.793945,166197.113748431
3106,,2024.10,05374,Oberbergischer Kreis,185587,,0,.,0,.,0,.,0,.,5,,3.1,,1.9,,0,-,Kreis,918229534.572266,223732.776465669
3107,,2024.10,05370,Heinsberg,170494,,0,.,0,.,0,.,0,.,4.6,,2.9,,1.7,,0,,Kreis,627392069.150391,166228.096673107
3108,,2024.10,05366,Euskirchen,161483,,0,.,0,.,0,.,0,.,6.7,,5,,1.6,,0,-,Kreis,1250281279.92773,290405.800465605
3109,,2024.10,05362,Rhein-Erft-Kreis,292824,,0,.,0,.,0,.,0,.,5,,3,,2,,0,,Kreis,703016562.010742,194838.575207755
3110,,2024.10,05358,Düren,171180,,0,.,0,.,0,.,0,.,4.9,,3.1,,1.7,,0,,Kreis,940371029.933594,239403.533273169
3111,,2024.10,05334,Städteregion Aachen,304303,,0,.,0,.,0,.,0,.,5.6,,3.4,,2.2,,0,,Kreis,704441130.219727,270249.499551821
3112,,2024.10,05316,Leverkusen,93893,,0,.,0,.,0,.,0,.,5.8,,3.2,,2.6,,0,,Kreisfreie Stadt,78780864.5332031,52325.2401412013
3113,,2024.10,05315,Köln,501190,,0,.,0,.,0,.,0,.,7.3,,3.7,,3.5,,0,,Kreisfreie Stadt,406768174.274414,122756.879624915
3114,,2024.10,05314,Bonn,174971,,0,.,0,.,0,.,0,.,7.1,,4.6,,2.5,,0,,Kreisfreie Stadt,141610673.71582,65631.2890915728
3115,,2024.10,05170,Wesel,297829,,0,.,0,.,0,.,0,.,4.8,,3.1,,1.6,,0,,Kreis,1042254695.52344,236903.50644036
3116,,2024.10,05166,Viersen,195271,,0,.,0,.,0,.,0,.,4.7,,3.1,,1.6,,0,,Kreis,563607848.28418,149013.658961646
3117,,2024.10,05162,Rhein-Kreis Neuss,282122,,0,.,0,.,0,.,0,.,5.3,,3.2,,2.1,,0,,Kreis,576484962.40332,171376.374023709
3118,,2024.10,05158,Mettmann,304616,,0,.,0,.,0,.,0,.,6.1,,3.7,,2.4,,0,,Kreis,407951393.454102,178740.284376613
3119,,2024.10,05154,Kleve,204615,,0,.,0,.,0,.,0,.,4.5,,2.8,,1.7,,0,,Kreis,1233480468.46582,273797.765568249
3120,,2024.10,05124,Wuppertal,180070,,0,.,0,.,0,.,0,.,4.9,,2.9,,2,,0,,Kreisfreie Stadt,168439928.404297,87139.7015602039
3121,,2024.10,05122,Solingen,93604,,0,.,0,.,0,.,0,.,5.5,,3.4,,2.1,,0,,Kreisfreie Stadt,88995921.1865234,60702.010830767
3122,,2024.10,05120,Remscheid,65028,,0,.,0,.,0,.,0,.,5.2,,2.9,,2.3,,0,,Kreisfreie Stadt,74084053.7412109,46566.6416204877
3123,,2024.10,05119,Oberhausen,114919,,0,.,0,.,0,.,0,.,4,,2.3,,1.7,,0,,Kreisfreie Stadt,77442381.3349609,47165.0388934437
3124,,2024.10,05117,Mülheim an der Ruhr,96463,,0,.,0,.,0,.,0,.,5.1,,2.9,,2.2,,0,-,Kreisfreie Stadt,91288609.5791016,47771.7305814314
3125,,2024.10,05116,Mönchengladbach,145544,,0,.,0,.,0,.,0,.,4.8,,2.8,,2,,0,,Kreisfreie Stadt,170626170.893555,84169.1695040052
3126,,2024.10,05114,Krefeld,123441,,0,.,0,.,0,.,0,.,4.5,,2.7,,1.8,,0,,Kreisfreie Stadt,136588715.342773,63616.6954308927
3127,,2024.10,05113,Essen,300381,,0,.,0,.,0,.,0,.,5.9,,3.2,,2.7,,0,,Kreisfreie Stadt,210457058.47168,81440.8394355414
3128,,2024.10,05112,Duisburg,242177,,0,.,0,.,0,.,0,.,3.6,,2,,1.5,,0,,Kreisfreie Stadt,233192439.330078,95785.9402818368
3129,,2024.10,05111,Düsseldorf,326917,,0,.,0,.,0,.,0,.,9,,4.5,,4.5,,0,,Kreisfreie Stadt,217546071.861328,112285.366144823
3130,,2024.10,04012,Bremerhaven,52670,,0,.,0,.,0,.,0,.,3.9,,2.3,,1.6,,0,,Kreisfreie Stadt,94128150.2773438,77653.3498236271
3131,,2024.10,04011,Bremen,248750,,0,.,0,.,0,.,0,.,4.9,,2.7,,2.1,,0,,Kreisfreie Stadt,326188860.736328,152668.942381665
3132,,2024.10,03462,Wittmund,37950,,0,.,0,.,0,.,0,.,3.2,,2.1,,1,,0,-,Landkreis,660805508.28125,237460.49211554
3133,,2024.10,03461,Wesermarsch,55157,,0,.,0,.,0,.,0,.,3.8,,2.5,,1.3,,0,,Landkreis,827952082.020508,201926.225735977
3134,,2024.10,03460,Vechta,93034,,0,.,0,.,0,.,0,.,6.2,,4.2,,1.9,,0,,Landkreis,813816410.000977,175258.930309861
3135,,2024.10,03459,Osnabrück,239984,,0,.,0,.,0,.,0,.,5.1,,3.5,,1.6,,0,,Landkreis,2121066219.41406,375663.605339353
3136,,2024.10,03458,Oldenburg,87423,,0,.,0,.,0,.,0,.,4.9,,3.3,,1.6,,0,,Landkreis,1065025726.70703,198207.041247946
3137,,2024.10,03457,Leer,108014,,0,.,0,.,0,.,0,.,3.8,,2.6,,1.2,,0,,Landkreis,1089662558.6543,230485.427283503
3138,,2024.10,03456,Grafschaft Bentheim,89285,,0,.,0,.,0,.,0,.,5.8,,3.9,,1.9,,0,,Landkreis,982099052.395508,194064.715881315
3139,,2024.10,03455,Friesland,68233,,0,.,0,.,0,.,0,.,4.2,,2.9,,1.3,,0,,Landkreis,618912788.368164,207826.195154195
3140,,2024.10,03454,Emsland,214744,,0,.,0,.,0,.,0,.,5.5,,3.9,,1.7,,0,,Landkreis,2883746490.64648,300655.969692117
3141,,2024.10,03453,Cloppenburg,108870,,0,.,0,.,0,.,0,.,4.9,,3.3,,1.6,,0,,Landkreis,1421047102.89844,228211.076254937
3142,,2024.10,03452,Aurich,121779,,0,.,0,.,0,.,0,.,3.9,,2.7,,1.2,,0,-,Landkreis,1298652890.11816,359604.750190608
3143,,2024.10,03451,Ammerland,83263,,0,.,0,.,0,.,0,.,4.8,,3.2,,1.5,,0,-,Landkreis,730131105.62207,153874.205387695
3144,,2024.10,03405,Wilhelmshaven,40503,,0,.,0,.,0,.,0,.,3.1,,1.8,,1.3,,0,,Kreisfreie Stadt,108248172.838867,56249.714135824
3145,,2024.10,03404,Osnabrück,89130,,0,.,0,.,0,.,0,.,6.4,,4.1,,2.4,,0,,Kreisfreie Stadt,120208161.90625,72502.7445112705
3146,,2024.10,03403,Oldenburg (Oldb),91392,,0,.,0,.,0,.,0,.,6.7,,4.5,,2.2,,0,,Kreisfreie Stadt,103735226.646484,51943.3296956358
3147,,2024.10,03402,Emden,25639,,0,.,0,.,0,.,0,.,4.2,,2.9,,1.3,,0,,Kreisfreie Stadt,111796448.801758,67063.655941761
3148,,2024.10,03401,Delmenhorst,43341,,0,.,0,.,0,.,0,.,3.7,,2.1,,1.5,,0,,Kreisfreie Stadt,62467798.5947266,46257.9381557184
3149,,2024.10,03361,Verden,90128,,0,.,0,.,0,.,0,.,4.7,,3.2,,1.5,,0,,Landkreis,789081710.703125,224811.846339036
3150,,2024.10,03360,Uelzen,59122,,0,.,0,.,0,.,0,.,4.7,,3.1,,1.6,,0,-,Landkreis,1462207700.17188,220612.035508098
3151,,2024.10,03359,Stade,130175,,0,.,0,.,0,.,0,.,4.8,,3.1,,1.7,,0,-,Landkreis,1269075763.50293,265280.850857743
3152,,2024.10,03358,Heidekreis,91889,,0,.,0,.,0,.,0,.,3.9,,2.6,,1.3,,0,,Landkreis,1881746242.97168,365225.831866227
3153,,2024.10,03357,Rotenburg (Wümme),121082,,0,.,0,.,0,.,0,.,4.6,,3.1,,1.5,,0,,Landkreis,2073801406.19531,353552.266818007
3154,,2024.10,03356,Osterholz,75470,,0,.,0,.,0,.,0,.,4.6,,3.2,,1.4,,0,,Landkreis,653279865,179710.225107181
3155,,2024.10,03355,Lüneburg,109144,,0,.,0,.,0,.,0,.,5.1,,3.5,,1.6,,0,,Landkreis,1327357220.72852,318554.960422675
3156,,2024.10,03354,Lüchow-Dannenberg,32120,,0,.,0,.,0,.,0,.,3.9,,2.7,,1.2,,0,-,Landkreis,1226546093.60547,227707.256898562
3157,,2024.10,03353,Harburg,173141,,0,.,0,.,0,.,0,.,5.1,,3.4,,1.7,,0,,Landkreis,1249117601.8291,256626.86543829
3158,,2024.10,03352,Cuxhaven,129620,,0,.,0,.,0,.,0,.,3.7,,2.4,,1.3,,0,,Landkreis,2058739992.30664,308454.913252573
3159,,2024.10,03351,Celle,114011,,0,.,0,.,0,.,0,.,4.5,,2.9,,1.6,,0,,Landkreis,1550684013.71582,246181.705103521
3160,,2024.10,03257,Schaumburg,105501,,0,.,0,.,0,.,0,.,4.4,,3.1,,1.3,,0,-,Landkreis,676300755.381836,206397.981008128
3161,,2024.10,03256,Nienburg (Weser),80507,,0,.,0,.,0,.,0,.,4,,2.8,,1.3,,0,,Landkreis,1400917922.84375,317688.390120049
3162,,2024.10,03255,Holzminden,46095,,0,.,0,.,0,.,0,.,3.7,,2.2,,1.5,,0,-,Landkreis,694472629.105469,189171.307052356
3163,,2024.10,03254,Hildesheim,165178,,0,.,0,.,0,.,0,.,4.6,,3.1,,1.5,,0,,Landkreis,1207789320.64551,251154.965666091
3164,,2024.10,03252,Hameln-Pyrmont,94744,,0,.,0,.,0,.,0,.,4.4,,3,,1.4,,0,,Landkreis,797764574.958984,210020.338817558
3165,,2024.10,03251,Diepholz,147589,,0,.,0,.,0,.,0,.,5.1,,3.3,,1.7,,0,,Landkreis,1991034474.31836,308652.494010019
3166,,2024.10,03241,Region Hannover,602042,,0,.,0,.,0,.,0,.,5.5,,3.5,,2,,0,,Landkreis,2297326127.13477,379374.837502092
3167,,2024.10,03159,Göttingen,186889,,0,.,0,.,0,.,0,.,4.7,,3.1,,1.6,,0,,Landkreis,1754861833.00781,385590.386200199
3168,,2024.10,03158,Wolfenbüttel,77100,,0,.,0,.,0,.,0,.,4.7,,3.4,,1.2,,0,,Landkreis,724065535.433594,215640.850159417
3169,,2024.10,03157,Peine,88144,,0,.,0,.,0,.,0,.,4.8,,3.5,,1.2,,0,,Landkreis,536101104.076172,149602.771432759
3170,,2024.10,03155,Northeim,89884,,0,.,0,.,0,.,0,.,4.4,,3,,1.5,,0,-,Landkreis,1269651774.30176,228982.313706335
3171,,2024.10,03154,Helmstedt,57632,,0,.,0,.,0,.,0,.,4.3,,3.1,,1.2,,0,,Landkreis,675687788.225586,231289.034806608
3172,,2024.10,03153,Goslar,80987,,0,.,0,.,0,.,0,.,4.1,,2.6,,1.5,,0,,Landkreis,969210805.345703,233890.968622506
3173,,2024.10,03151,Gifhorn,112622,,0,.,0,.,0,.,0,.,4.8,,3.6,,1.2,,0,,Landkreis,1569205053.24512,282161.609724976
3174,,2024.10,03103,Wolfsburg,123472,,0,.,0,.,0,.,0,.,10.9,,8.5,,2.4,,0,-,Kreisfreie Stadt,204942168.826172,91494.3940080182
3175,,2024.10,03102,Salzgitter,57351,,0,.,0,.,0,.,0,.,3.2,,2.1,,1.1,,0,-,Kreisfreie Stadt,225241578.612305,109481.843532545
3176,,2024.10,03101,Braunschweig,144064,,0,.,0,.,0,.,0,.,7.4,,5.2,,2.2,,0,,Kreisfreie Stadt,192263016.94043,96253.2221066206
3177,,2024.10,02000,Hamburg,816223,,0,.,0,.,0,.,0,.,7.1,,4.1,,3,,0,,Kreisfreie Stadt,752486078.693359,218319.223917463
3178,,2024.10,01062,Stormarn,157082,,0,.,0,.,0,.,0,.,5.7,,3.7,,2,,0,,Kreis,766059006.546875,254492.948218965
3179,,2024.10,01061,Steinburg,84538,,0,.,0,.,0,.,0,.,4.1,,3,,1.1,,0,,Kreis,1055624123.08594,193429.843760563
3180,,2024.10,01060,Segeberg,176487,,0,.,0,.,0,.,0,.,5.1,,3.3,,1.8,,0,,Kreis,1345767960.55859,287287.284105907
3181,,2024.10,01059,Schleswig-Flensburg,135257,,0,.,0,.,0,.,0,.,4.7,,3.5,,1.2,,0,,Kreis,2070852562.36133,356669.588409604
3182,,2024.10,01058,Rendsburg-Eckernförde,180956,,0,.,0,.,0,.,0,.,5,,3.6,,1.4,,0,,Kreis,2188406603.16406,351411.986073704
3183,,2024.10,01057,Plön,83809,,0,.,0,.,0,.,0,.,4.7,,3.4,,1.3,,0,,Kreis,1083370335.23828,228552.625170368
3184,,2024.10,01056,Pinneberg,182738,,0,.,0,.,0,.,0,.,5.1,,3.3,,1.8,,0,,Kreis,663713966.863281,158271.717662983
3185,,2024.10,01055,Ostholstein,132577,,0,.,0,.,0,.,0,.,4.2,,2.8,,1.4,,0,-,Kreis,1394318441.49023,334074.13334403
3186,,2024.10,01054,Nordfriesland,108608,,0,.,0,.,0,.,0,.,5.8,,4.3,,1.5,,0.1,,Kreis,2090311784.12012,636064.144512072
3187,,2024.10,01053,Herzogtum Lauenburg,123715,,0,.,0,.,0,.,0,.,4.7,,3.2,,1.5,,0,,Kreis,1262927896.33203,256458.727199694
3188,,2024.10,01051,Dithmarschen,84814,,0,.,0,.,0,.,0,.,3.7,,2.7,,1,,0,,Kreis,1443991936.72363,245572.111008473
3189,,2024.10,01004,Neumünster,44284,,0,.,0,.,0,.,0,.,5,,3.4,,1.6,,0,,Kreisfreie Stadt,71631910.9277344,54213.2416336757
3190,,2024.10,01003,Lübeck,102848,,0,.,0,.,0,.,0,.,4.7,,2.9,,1.8,,0,-,Kreisfreie Stadt,211688220.145508,146471.981758647
3191,,2024.10,01002,Kiel,111496,,0,.,0,.,0,.,0,.,4.9,,3.1,,1.8,,0,,Kreisfreie Stadt,119698137.066406,84659.240789817
3192,,2024.10,01001,Flensburg,46172,,0,.,0,.,0,.,0,.,5.3,,3.6,,1.7,,0,,Kreisfreie Stadt,56888946.234375,37654.0538300401
3193,,2025.01,16077,Altenburger Land,51313,,0,.,0,.,0,.,0,.,2.5,,1.3,,1.2,,0,,Landkreis,569495813.860352,159208.499301686
3194,,2025.01,16076,Greiz,59981,,0,.,0,.,0,.,0,.,2.4,,1.4,,1,,0,-,Landkreis,846194830.068359,288937.795198219
3195,,2025.01,16075,Saale-Orla-Kreis,50099,,0,.,0,.,0,.,0,.,2.2,,1.2,,0.9,,0,-,Landkreis,1151738096.22656,255786.812284021
3196,,2025.01,16074,Saale-Holzland-Kreis,49905,,0,.,0,.,0,.,0,.,3,,1.9,,1.2,,0,-,Landkreis,815508565.787109,235948.734812389
3197,,2025.01,16073,Saalfeld-Rudolstadt,59933,,0,.,0,.,0,.,0,.,2.7,,1.6,,1.2,,0,-,Landkreis,1008735679.04199,289884.18985615
3198,,2025.01,16072,Sonneberg,34534,,0,.,0,.,0,.,0,.,2.7,,1.4,,1.3,,0,,Landkreis,460681672.719727,161297.158075011
3199,,2025.01,16071,Weimarer Land,49550,,0,.,0,.,0,.,0,.,3.3,,2,,1.4,,0,,Landkreis,804514564.327148,270201.373476309
3200,,2025.01,16070,Ilm-Kreis,58999,,0,.,0,.,0,.,0,.,3.4,,2.1,,1.3,,0,-,Landkreis,803588201.576172,223009.896391042
3201,,2025.01,16069,Hildburghausen,39021,,0,.,0,.,0,.,0,.,2.4,,1.6,,0.9,,0,-,Landkreis,937768356.192383,266027.275919908
3202,,2025.01,16068,Sömmerda,40754,,0,.,0,.,0,.,0,.,2.7,,1.6,,1.1,,0,-,Landkreis,807021507.053711,231271.168225578
3203,,2025.01,16067,Gotha,76725,,0,.,0,.,0,.,0,.,3.2,,1.9,,1.4,,0,,Landkreis,935833051.850586,201383.912823013
3204,,2025.01,16066,Schmalkalden-Meiningen,76248,,0,.,0,.,0,.,0,.,2.8,,1.6,,1.2,,0,,Landkreis,1251050645.04785,289746.940316977
3205,,2025.01,16065,Kyffhäuserkreis,44157,,0,.,0,.,0,.,0,.,2.2,,1.2,,1,,0,-,Landkreis,1037770304.01953,273300.806525077
3206,,2025.01,16064,Unstrut-Hainich-Kreis,53962,,0,.,0,.,0,.,0,.,3.5,,2,,1.5,,0,-,Landkreis,931296290.730469,220159.559866101
3207,,2025.01,16063,Wartburgkreis,95517,,0,.,0,.,0,.,0,.,2.9,,1.6,,1.3,,0,-,Landkreis,1369998788.58398,359739.228310871
3208,,2025.01,16062,Nordhausen,47415,,0,.,0,.,0,.,0,.,2.7,,1.5,,1.1,,0,,Landkreis,714291367.835938,185722.419164402
3209,,2025.01,16061,Eichsfeld,65066,,0,.,0,.,0,.,0,.,4,,2.5,,1.5,,0,-,Landkreis,990529967.28418,211025.563666031
3210,,2025.01,16055,Weimar,30393,,0,.,0,.,0,.,0,.,4.5,,2.8,,1.6,,0,,Kreisfreie Stadt,84371242.5537109,63917.4037953295
3211,,2025.01,16054,Suhl,19459,,0,.,0,.,0,.,0,.,3.2,,1.9,,1.3,,0,-,Kreisfreie Stadt,142863361.462891,89565.7719743408
3212,,2025.01,16053,Jena,44908,,0,.,0,.,0,.,0,.,4.4,,2.6,,1.8,,0,-,Kreisfreie Stadt,114916066.803711,69161.7063041314
3213,,2025.01,16052,Gera,46023,,0,.,0,.,0,.,0,.,3,,1.7,,1.3,,0,,Kreisfreie Stadt,152224963.852539,75323.7031332036
3214,,2025.01,16051,Erfurt,98641,,0,.,0,.,0,.,0,.,4.5,,2.7,,1.7,,0,,Kreisfreie Stadt,270412481.84668,106760.438648397
3215,,2025.01,15091,Wittenberg,75900,,0,.,0,.,0,.,0,.,2.5,,1.3,,1.2,,0,-,Landkreis,1942799199.44336,288331.940418521
3216,,2025.01,15090,Stendal,63934,,0,.,0,.,0,.,0,.,2.4,,1.5,,1,,0,-,Landkreis,2437018945.38281,388099.364972118
3217,,2025.01,15089,Salzlandkreis,105083,,0,.,0,.,0,.,0,.,2.3,,1.3,,1,,0,-,Landkreis,1434906372.00391,264035.613726712
3218,,2025.01,15088,Saalekreis,116567,,0,.,0,.,0,.,0,.,2.9,,1.6,,1.4,,0,-,Landkreis,1440237602.55957,371586.717822968
3219,,2025.01,15087,Mansfeld-Südharz,79474,,0,.,0,.,0,.,0,.,2.2,,1.3,,0.9,,0,-,Landkreis,1456203560.97266,331487.311274932
3220,,2025.01,15086,Jerichower Land,54937,,0,.,0,.,0,.,0,.,2.8,,1.7,,1.1,,0,-,Landkreis,1589285902.17285,247755.483552346
3221,,2025.01,15085,Harz,124018,,0,.,0,.,0,.,0,.,2.9,,1.7,,1.2,,0,-,Landkreis,2108206001.10352,325892.061240799
3222,,2025.01,15084,Burgenlandkreis,102952,,0,.,0,.,0,.,0,.,2.6,,1.4,,1.2,,0,,Landkreis,1419035819.56836,295284.252349554
3223,,2025.01,15083,Börde,107910,,0,.,0,.,0,.,0,.,2.8,,1.7,,1.1,,0,,Landkreis,2376921623.70215,371548.321413939
3224,,2025.01,15082,Anhalt-Bitterfeld,93396,,0,.,0,.,0,.,0,.,2.5,,1.4,,1.1,,0,-,Landkreis,1460781901.5127,339057.665260413
3225,,2025.01,15081,Altmarkkreis Salzwedel,50721,,0,.,0,.,0,.,0,.,2.6,,1.6,,1,,0,-,Landkreis,2303788808.49023,303821.084721262
3226,,2025.01,15003,Magdeburg,112342,,0,.,0,.,0,.,0,.,3.9,,2.2,,1.7,,0,,Kreisfreie Stadt,200999393.913086,84386.2998201417
3227,,2025.01,15002,Halle (Saale),94888,,0,.,0,.,0,.,0,.,3.1,,1.9,,1.2,,0,,Kreisfreie Stadt,135824688.286133,77730.5455395086
3228,,2025.01,15001,Dessau-Roßlau,41487,,0,.,0,.,0,.,0,.,3.1,,1.8,,1.3,,0,-,Kreisfreie Stadt,246249160.496094,115997.461325231
3229,,2025.01,14730,Nordsachsen,118907,,0,.,0,.,0,.,0,.,2.9,,1.6,,1.3,,0,,Landkreis,2027548084.84375,410437.981496651
3230,,2025.01,14729,Leipzig,158209,,0,.,0,.,0,.,0,.,3.4,,2,,1.4,,0,,Landkreis,1651662788.13379,340686.753048234
3231,,2025.01,14713,Leipzig,234947,,0,.,0,.,0,.,0,.,4.5,,2.6,,1.9,,0,,Kreisfreie Stadt,298922201.506836,120864.657877298
3232,,2025.01,14628,Sächsische Schweiz-Osterzgebirge,147006,,0,.,0,.,0,.,0,.,2.8,,1.6,,1.2,,0,,Landkreis,1653732867.60742,288402.833770503
3233,,2025.01,14627,Meißen,141613,,0,.,0,.,0,.,0,.,2.8,,1.6,,1.2,,0,,Landkreis,1457361541.51758,262261.856107648
3234,,2025.01,14626,Görlitz,143700,,0,.,0,.,0,.,0,.,1.9,,1,,0.9,,0,,Landkreis,2111152045.11914,342510.820123424
3235,,2025.01,14625,Bautzen,182162,,0,.,0,.,0,.,0,.,2.5,,1.4,,1.1,,0,,Landkreis,2395636437.77637,346336.618967316
3236,,2025.01,14612,Dresden,229637,,0,.,0,.,0,.,0,.,4.1,,2.3,,1.8,,0,,Kreisfreie Stadt,328095164.584961,126184.878956216
3237,,2025.01,14524,Zwickau,187055,,0,.,0,.,0,.,0,.,3.1,,1.8,,1.3,,0,,Landkreis,949635037.395508,236921.194806854
3238,,2025.01,14523,Vogtlandkreis,136911,,0,.,0,.,0,.,0,.,2.5,,1.4,,1.1,,0,-,Landkreis,1412302685.4502,311749.172671271
3239,,2025.01,14522,Mittelsachsen,180652,,0,.,0,.,0,.,0,.,2.5,,1.4,,1.1,,0,-,Landkreis,2114833220.54395,370846.696636421
3240,,2025.01,14521,Erzgebirgskreis,203180,,0,.,0,.,0,.,0,.,2.4,,1.4,,1,,0,-,Landkreis,1826997137.63379,316907.024888456
3241,,2025.01,14511,Chemnitz,126488,,0,.,0,.,0,.,0,.,3.7,,2.1,,1.6,,0,,Kreisfreie Stadt,221028414.417969,95998.2589097507
3242,,2025.01,13076,Ludwigslust-Parchim,130553,,0,.,0,.,0,.,0,.,2.3,,1.4,,0.9,,0,-,Landkreis,4767205837.64355,544987.623152899
3243,,2025.01,13075,Vorpommern-Greifswald,127861,,0,.,0,.,0,.,0,.,2.3,,1.3,,0.9,,0,-,Landkreis,3951628526.83691,786666.150434142
3244,,2025.01,13074,Nordwestmecklenburg,93014,,0,.,0,.,0,.,0,.,3.1,,2,,1.1,,0,-,Landkreis,2125833400.80469,421255.501799993
3245,,2025.01,13073,Vorpommern-Rügen,126916,,0,.,0,.,0,.,0,.,2.6,,1.5,,1.1,,0,,Landkreis,3214113963.38477,1089521.87046376
3246,,2025.01,13072,Rostock,130712,,0,.,0,.,0,.,0,.,3.2,,1.9,,1.3,,0,,Landkreis,3429396493.29785,470885.235429407
3247,,2025.01,13071,Mecklenburgische Seenplatte,147450,,0,.,0,.,0,.,0,.,2.4,,1.3,,1.1,,0,-,Landkreis,5495373409.96094,516564.114817789
3248,,2025.01,13004,Schwerin,45343,,0,.,0,.,0,.,0,.,3.6,,2.1,,1.5,,0,-,Kreisfreie Stadt,130106434.195313,69520.7229903608
3249,,2025.01,13003,Rostock,86405,,0,.,0,.,0,.,0,.,3.6,,2.1,,1.5,,0,,Kreisfreie Stadt,181477390.371094,88507.9712348811
3250,,2025.01,12073,Uckermark,68643,,0,.,0,.,0,.,0,.,2.4,,1.4,,1,,0,,Landkreis,3076108441.98047,392821.33775274
3251,,2025.01,12072,Teltow-Fläming,110695,,0,.,0,.,0,.,0,.,4.4,,2.7,,1.6,,0,-,Landkreis,2103910816.79297,319624.700377854
3252,,2025.01,12071,Spree-Neiße,71289,,0,.,0,.,0,.,0,.,2.3,,1.3,,1,,0,-,Landkreis,1657098234.44043,349641.41206109
3253,,2025.01,12070,Prignitz,46130,,0,.,0,.,0,.,0,.,2.3,,1.2,,1.1,,0,-,Landkreis,2138707957.80859,314721.91601579
3254,,2025.01,12069,Potsdam-Mittelmark,134754,,0,.,0,.,0,.,0,.,4.9,,3.1,,1.7,,0,,Landkreis,2593033934.44922,472327.251125324
3255,,2025.01,12068,Ostprignitz-Ruppin,59508,,0,.,0,.,0,.,0,.,2.7,,1.6,,1.1,,0,-,Landkreis,2525923984.48242,381275.632236586
3256,,2025.01,12067,Oder-Spree,110424,,0,.,0,.,0,.,0,.,3.4,,2.1,,1.3,,0,-,Landkreis,2257290888.04004,375644.78503136
3257,,2025.01,12066,Oberspreewald-Lausitz,65392,,0,.,0,.,0,.,0,.,2.2,,1.2,,1,,0,-,Landkreis,1223208108.22656,254326.525952779
3258,,2025.01,12065,Oberhavel,127835,,0,.,0,.,0,.,0,.,4.4,,2.7,,1.7,,0,,Landkreis,1807834068.39551,360530.244809173
3259,,2025.01,12064,Märkisch-Oderland,122737,,0,.,0,.,0,.,0,.,3.6,,2.2,,1.5,,0,,Landkreis,2157546355.48535,315778.884374255
3260,,2025.01,12063,Havelland,99088,,0,.,0,.,0,.,0,.,4.5,,2.8,,1.7,,0,,Landkreis,1727373166.76465,342971.431508018
3261,,2025.01,12062,Elbe-Elster,63711,,0,.,0,.,0,.,0,.,2.1,,1.2,,0.9,,0,,Landkreis,1899997386.25391,305918.130224615
3262,,2025.01,12061,Dahme-Spreewald,110731,,0,.,0,.,0,.,0,.,4.2,,2.6,,1.6,,0,,Landkreis,2275819756.17969,436033.631253628
3263,,2025.01,12060,Barnim,112138,,0,.,0,.,0,.,0,.,4,,2.5,,1.5,,0,,Landkreis,1481005522.70801,341342.860018858
3264,,2025.01,12054,Potsdam,77194,,0,.,0,.,0,.,0,.,4.9,,2.9,,2.1,,0,,Kreisfreie Stadt,186950957.337891,96418.8943279986
3265,,2025.01,12053,Frankfurt (Oder),28281,,0,.,0,.,0,.,0,.,2.9,,1.5,,1.3,,0,-,Kreisfreie Stadt,147780070.31543,66375.9750375522
3266,,2025.01,12052,Cottbus,48574,,0,.,0,.,0,.,0,.,3.1,,1.7,,1.4,,0,-,Kreisfreie Stadt,165033344.552734,87657.0910954755
3267,,2025.01,12051,Brandenburg an der Havel,35064,,0,.,0,.,0,.,0,.,3.8,,2.2,,1.6,,0,-,Kreisfreie Stadt,229536571.996094,141971.594036605
3268,,2025.01,11000,Berlin,1232689,,0,.,0,.,0,.,0,.,5.7,,3.4,,2.3,,0,,Kreisfreie Stadt,891789356.085938,222564.759502733
3269,,2025.01,10046,St. Wendel,62557,,0,.,0,.,0,.,0,.,4.4,,2.7,,1.7,,0,-,Landkreis,476354283.110352,146866.901261139
3270,,2025.01,10045,Saarpfalz-Kreis,99668,,0,.,0,.,0,.,0,.,4.7,,2.9,,1.9,,0,,Landkreis,419096935.567383,159211.807111928
3271,,2025.01,10044,Saarlouis,135651,,0,.,0,.,0,.,0,.,4.4,,2.6,,1.8,,0,,Landkreis,458985903.306641,158271.168504276
3272,,2025.01,10043,Neunkirchen,87597,,0,.,0,.,0,.,0,.,4.1,,2.4,,1.7,,0,-,Landkreis,248117924.852539,107822.664579199
3273,,2025.01,10042,Merzig-Wadern,73722,,0,.,0,.,0,.,0,.,3.9,,2.4,,1.4,,0,-,Landkreis,556979507.769531,154721.880097438
3274,,2025.01,10041,Regionalverband Saarbrücken,194399,,0,.,0,.,0,.,0,.,4.6,,2.6,,1.9,,0,,Landkreis,411489484.970703,160799.877878205
3275,,2025.01,09780,Oberallgäu,105785,,0,.,0,.,0,.,0,.,4.9,,3.5,,1.4,,0,-,Landkreis,1528353119.51855,341969.342105912
3276,,2025.01,09779,Donau-Ries,96144,,0,.,0,.,0,.,0,.,4.8,,3.2,,1.6,,0,-,Landkreis,1274179146.9248,334855.877078285
3277,,2025.01,09778,Unterallgäu,105439,,0,.,0,.,0,.,0,.,4.4,,3.1,,1.3,,0,-,Landkreis,1229882513.49414,326412.465520539
3278,,2025.01,09777,Ostallgäu,97232,,0,.,0,.,0,.,0,.,4.9,,3.4,,1.4,,0,-,Landkreis,1393283604.78418,408695.960385229
3279,,2025.01,09776,Lindau (Bodensee),54514,,0,.,0,.,0,.,0,.,4.9,,3.3,,1.6,,0,-,Landkreis,323241962.030273,143695.537883892
3280,,2025.01,09775,Neu-Ulm,115387,,0,.,0,.,0,.,0,.,4.9,,3.1,,1.7,,0,,Landkreis,515671085.181641,148988.874247824
3281,,2025.01,09774,Günzburg,89358,,0,.,0,.,0,.,0,.,5,,3.3,,1.7,,0,,Landkreis,763345366.449219,232954.134000113
3282,,2025.01,09773,Dillingen a.d.Donau,68853,,0,.,0,.,0,.,0,.,4.1,,2.6,,1.5,,0,-,Landkreis,791686690.830078,242655.202666034
3283,,2025.01,09772,Augsburg,173990,,0,.,0,.,0,.,0,.,5.5,,3.5,,1.9,,0,,Landkreis,1071521962.7207,309028.860969014
3284,,2025.01,09771,Aichach-Friedberg,91131,,0,.,0,.,0,.,0,.,5.3,,3.7,,1.6,,0,,Landkreis,779820964.371094,226106.141811333
3285,,2025.01,09764,Memmingen,27904,,0,.,0,.,0,.,0,.,4.9,,3.1,,1.8,,0,-,Kreisfreie Stadt,69807842.7167969,63228.1848011595
3286,,2025.01,09763,Kempten (Allgäu),41021,,0,.,0,.,0,.,0,.,6.4,,4.6,,1.8,,0,,Kreisfreie Stadt,63248638.9882813,53450.3530222877
3287,,2025.01,09762,Kaufbeuren,26887,,0,.,0,.,0,.,0,.,4.5,,3,,1.5,,0,-,Kreisfreie Stadt,40431942.4960938,39470.9962520316
3288,,2025.01,09761,Augsburg,141783,,0,.,0,.,0,.,0,.,5.1,,2.9,,2.2,,0,,Kreisfreie Stadt,146459229.583984,86297.542663465
3289,,2025.01,09679,Würzburg,109428,,0,.,0,.,0,.,0,.,5.8,,4.1,,1.7,,0,,Landkreis,967155584.087891,337613.040360294
3290,,2025.01,09678,Schweinfurt,79714,,0,.,0,.,0,.,0,.,5.1,,3.6,,1.4,,0,,Landkreis,841233412.072266,324997.501418006
3291,,2025.01,09677,Main-Spessart,87686,,0,.,0,.,0,.,0,.,4.7,,3.1,,1.6,,0,-,Landkreis,1321991667.66113,287380.964912033
3292,,2025.01,09676,Miltenberg,87587,,0,.,0,.,0,.,0,.,4.5,,2.7,,1.8,,0,,Landkreis,715285437.052734,225618.089550047
3293,,2025.01,09675,Kitzingen,63980,,0,.,0,.,0,.,0,.,5.1,,3.7,,1.4,,0,,Landkreis,683903707.851563,201499.965144985
3294,,2025.01,09674,Haßberge,60170,,0,.,0,.,0,.,0,.,4.4,,3.2,,1.2,,0,-,Landkreis,956502900.063477,250394.505232398
3295,,2025.01,09673,Rhön-Grabfeld,56020,,0,.,0,.,0,.,0,.,4.6,,3.2,,1.4,,0,-,Landkreis,1021624976.38477,256743.758245581
3296,,2025.01,09672,Bad Kissingen,72646,,0,.,0,.,0,.,0,.,4.4,,3.2,,1.2,,0,-,Landkreis,1137656959.4668,279211.62790441
3297,,2025.01,09671,Aschaffenburg,120229,,0,.,0,.,0,.,0,.,5.7,,3.7,,2,,0,,Landkreis,698932681.59375,229374.257908033
3298,,2025.01,09663,Würzburg,64354,,0,.,0,.,0,.,0,.,6.3,,4,,2.3,,0,,Kreisfreie Stadt,87764401.9951172,65259.0145445697
3299,,2025.01,09662,Schweinfurt,30194,,0,.,0,.,0,.,0,.,7.4,,3.5,,3.9,,0,-,Kreisfreie Stadt,35705732.7753906,39633.719962486
3300,,2025.01,09661,Aschaffenburg,44494,,0,.,0,.,0,.,0,.,8.5,,5.4,,3.1,,0,,Kreisfreie Stadt,62023548.3466797,50412.0037044716
3301,,2025.01,09577,Weißenburg-Gunzenhausen,65077,,0,.,0,.,0,.,0,.,4.6,,3.3,,1.4,,0,,Landkreis,970267811.857422,223083.568343369
3302,,2025.01,09576,Roth,89835,,0,.,0,.,0,.,0,.,5,,3.3,,1.7,,0,,Landkreis,895175763.526367,300336.063639876
3303,,2025.01,09575,Neustadt a.d.Aisch-Bad Windsheim,70512,,0,.,0,.,0,.,0,.,5.1,,3.7,,1.4,,0,,Landkreis,1267945156.98633,286565.424246564
3304,,2025.01,09574,Nürnberger Land,113725,,0,.,0,.,0,.,0,.,5.5,,3.7,,1.7,,0,,Landkreis,797630947.844727,280037.722454563
3305,,2025.01,09573,Fürth,78790,,0,.,0,.,0,.,0,.,5.2,,3.6,,1.7,,0,,Landkreis,307104515.246094,119071.936100924
3306,,2025.01,09572,Erlangen-Höchstadt,95284,,0,.,0,.,0,.,0,.,7.6,,5.2,,2.4,,0,,Landkreis,564516798.948242,302003.323956942
3307,,2025.01,09571,Ansbach,130980,,0,.,0,.,0,.,0,.,4.6,,3.2,,1.4,,0,,Landkreis,1972780199.8584,438171.105364346
3308,,2025.01,09565,Schwabach,26406,,0,.,0,.,0,.,0,.,5.4,,3.4,,2,,0,-,Kreisfreie Stadt,40825280.7548828,44392.3601544875
3309,,2025.01,09564,Nürnberg,248893,,0,.,0,.,0,.,0,.,5.8,,3.6,,2.2,,0,,Kreisfreie Stadt,187671476.236328,138424.259082801
3310,,2025.01,09563,Fürth,64830,,0,.,0,.,0,.,0,.,5,,3.3,,1.8,,0,,Kreisfreie Stadt,63347123.8447266,45995.1390193326
3311,,2025.01,09562,Erlangen,56522,,0,.,0,.,0,.,0,.,6.2,,3.9,,2.2,,0,,Kreisfreie Stadt,78014690.5429688,53139.0900158128
3312,,2025.01,09561,Ansbach,26027,,0,.,0,.,0,.,0,.,5.1,,3.2,,1.9,,0,-,Kreisfreie Stadt,99853580.3564453,70278.7303360335
3313,,2025.01,09479,Wunsiedel i.Fichtelgebirge,47794,,0,.,0,.,0,.,0,.,4.1,,2.5,,1.6,,0,-,Landkreis,606192311.765625,147427.252500402
3314,,2025.01,09478,Lichtenfels,45965,,0,.,0,.,0,.,0,.,3.6,,2.4,,1.1,,0,-,Landkreis,519676599.529297,188339.943949693
3315,,2025.01,09477,Kulmbach,50966,,0,.,0,.,0,.,0,.,4.4,,3,,1.4,,0,,Landkreis,658004334.990234,203657.347389188
3316,,2025.01,09476,Kronach,46145,,0,.,0,.,0,.,0,.,3.7,,2.4,,1.3,,0,,Landkreis,651475772.542969,195680.596667354
3317,,2025.01,09475,Hof,64948,,0,.,0,.,0,.,0,.,4.2,,2.5,,1.8,,0,,Landkreis,893663689.371094,293042.491814798
3318,,2025.01,09474,Forchheim,79855,,0,.,0,.,0,.,0,.,4.8,,3.4,,1.4,,0,,Landkreis,642921296.804688,202014.345609455
3319,,2025.01,09473,Coburg,60436,,0,.,0,.,0,.,0,.,4.5,,3,,1.5,,0,,Landkreis,591020889.209961,265614.514307051
3320,,2025.01,09472,Bayreuth,73200,,0,.,0,.,0,.,0,.,4.2,,2.9,,1.3,,0,,Landkreis,1273584205.2207,386106.994410095
3321,,2025.01,09471,Bamberg,104812,,0,.,0,.,0,.,0,.,4.3,,3,,1.2,,0,,Landkreis,1166948004.1875,363511.905725181
3322,,2025.01,09464,Hof,26774,,0,.,0,.,0,.,0,.,4.5,,2.5,,2,,0,,Kreisfreie Stadt,58159802.2382813,54718.4550792217
3323,,2025.01,09463,Coburg,25464,,0,.,0,.,0,.,0,.,5.6,,3.6,,2.1,,0,-,Kreisfreie Stadt,48017323.6835938,47861.9792022719
3324,,2025.01,09462,Bayreuth,41020,,0,.,0,.,0,.,0,.,7.3,,4.1,,3.2,,0,,Kreisfreie Stadt,67008634.3730469,64736.4199248782
3325,,2025.01,09461,Bamberg,41399,,0,.,0,.,0,.,0,.,5.1,,3.5,,1.7,,0,-,Kreisfreie Stadt,54976414.7333984,40927.3519722638
3326,,2025.01,09377,Tirschenreuth,49887,,0,.,0,.,0,.,0,.,4,,2.4,,1.5,,0,-,Landkreis,1084534913.91406,229088.470696812
3327,,2025.01,09376,Schwandorf,105465,,0,.,0,.,0,.,0,.,4.3,,2.9,,1.4,,0,-,Landkreis,1458425984.95898,347575.996306894
3328,,2025.01,09375,Regensburg,133489,,0,.,0,.,0,.,0,.,5.3,,3.7,,1.5,,0,,Landkreis,1393030845.39941,411789.418124436
3329,,2025.01,09374,Neustadt a.d.Waldnaab,67244,,0,.,0,.,0,.,0,.,4.5,,3,,1.4,,0,-,Landkreis,1428166109.66699,385732.083609104
3330,,2025.01,09373,Neumarkt i.d.OPf.,93822,,0,.,0,.,0,.,0,.,4.8,,3.3,,1.4,,0,-,Landkreis,1344541220.45117,303939.946431158
3331,,2025.01,09372,Cham,92869,,0,.,0,.,0,.,0,.,4.3,,3,,1.3,,0,,Landkreis,1526958023.89063,299328.140846534
3332,,2025.01,09371,Amberg-Sulzbach,72355,,0,.,0,.,0,.,0,.,4.8,,3.4,,1.4,,0,,Landkreis,1255092290.34766,376859.42579161
3333,,2025.01,09363,Weiden i.d.OPf.,26649,,0,.,0,.,0,.,0,.,4.4,,2.6,,1.8,,0,-,Kreisfreie Stadt,70605006.8857422,71839.4196751139
3334,,2025.01,09362,Regensburg,83823,,0,.,0,.,0,.,0,.,7.3,,4.6,,2.7,,0,,Kreisfreie Stadt,79706492.1894531,59506.3819752187
3335,,2025.01,09361,Amberg,25268,,0,.,0,.,0,.,0,.,5.7,,3.6,,2.1,,0,-,Kreisfreie Stadt,50405257.5654297,45172.0627563141
3336,,2025.01,09279,Dingolfing-Landau,73469,,0,.,0,.,0,.,0,.,5.3,,3.8,,1.5,,0,,Landkreis,877379815.797852,263187.17169248
3337,,2025.01,09278,Straubing-Bogen,72448,,0,.,0,.,0,.,0,.,4.5,,3.2,,1.3,,0,-,Landkreis,1200964159.71777,333805.068298285
3338,,2025.01,09277,Rottal-Inn,87608,,0,.,0,.,0,.,0,.,4.6,,3.2,,1.3,,0,,Landkreis,1281034787.56348,290982.290980761
3339,,2025.01,09276,Regen,51850,,0,.,0,.,0,.,0,.,4.3,,2.6,,1.7,,0,-,Landkreis,974828582.608398,194334.820631541
3340,,2025.01,09275,Passau,135196,,0,.,0,.,0,.,0,.,4.9,,3.4,,1.5,,0,,Landkreis,1530226056.83984,349324.825744492
3341,,2025.01,09274,Landshut,115426,,0,.,0,.,0,.,0,.,5.6,,4,,1.6,,0,,Landkreis,1347484584.59082,352561.699055864
3342,,2025.01,09273,Kelheim,85105,,0,.,0,.,0,.,0,.,4.4,,3.2,,1.2,,0,-,Landkreis,1064782902.7373,277566.475134382
3343,,2025.01,09272,Freyung-Grafenau,55144,,0,.,0,.,0,.,0,.,4.2,,2.7,,1.5,,0,-,Landkreis,983773696.077148,205137.074783462
3344,,2025.01,09271,Deggendorf,82672,,0,.,0,.,0,.,0,.,4.9,,3.4,,1.6,,0,-,Landkreis,861232904.080078,214908.653550047
3345,,2025.01,09263,Straubing,28562,,0,.,0,.,0,.,0,.,4.6,,2.8,,1.8,,0,-,Kreisfreie Stadt,67649328.3486328,55342.4542959559
3346,,2025.01,09262,Passau,30348,,0,.,0,.,0,.,0,.,6.3,,3.8,,2.5,,0,,Kreisfreie Stadt,70107293.4433594,58468.6189304297
3347,,2025.01,09261,Landshut,39775,,0,.,0,.,0,.,0,.,5.4,,3.3,,2,,0,,Kreisfreie Stadt,66173764.9755859,68059.4178922351
3348,,2025.01,09190,Weilheim-Schongau,92234,,0,.,0,.,0,.,0,.,5.1,,3.6,,1.4,,0,-,Landkreis,967395171.895508,272636.208647296
3349,,2025.01,09189,Traunstein,122873,,0,.,0,.,0,.,0,.,5.3,,3.8,,1.5,,0,-,Landkreis,1532990057.25293,315972.371520452
3350,,2025.01,09188,Starnberg,90226,,0,.,0,.,0,.,0,.,8,,5.4,,2.6,,0,-,Landkreis,486839643.578125,154838.380658794
3351,,2025.01,09187,Rosenheim,179520,,0,.,0,.,0,.,0,.,5.4,,3.8,,1.6,,0,,Landkreis,1440401955.72949,378977.363111802
3352,,2025.01,09186,Pfaffenhofen a.d.Ilm,88249,,0,.,0,.,0,.,0,.,5.2,,3.8,,1.5,,0,,Landkreis,760903330.470703,229356.061018572
3353,,2025.01,09185,Neuburg-Schrobenhausen,68354,,0,.,0,.,0,.,0,.,4.2,,2.8,,1.4,,0,,Landkreis,740049089.376953,221714.43570198
3354,,2025.01,09184,München,246346,,0,.,0,.,0,.,0,.,11.1,,6.7,,4.4,,0,,Landkreis,664006064.419922,253024.576960929
3355,,2025.01,09183,Mühldorf a.Inn,79405,,0,.,0,.,0,.,0,.,5,,3.5,,1.5,,0,,Landkreis,805046306.827148,251387.906279848
3356,,2025.01,09182,Miesbach,68208,,0,.,0,.,0,.,0,.,5.9,,3.9,,2,,0,,Landkreis,866757960.75293,210751.517487509
3357,,2025.01,09181,Landsberg am Lech,86350,,0,.,0,.,0,.,0,.,6.5,,4.9,,1.6,,0,-,Landkreis,803669334.545898,220162.735665796
3358,,2025.01,09180,Garmisch-Partenkirchen,53728,,0,.,0,.,0,.,0,.,4.5,,3,,1.5,,0,,Landkreis,1011920317.62012,202175.405901146
3359,,2025.01,09179,Fürstenfeldbruck,126709,,0,.,0,.,0,.,0,.,5.5,,3.6,,1.9,,0,,Landkreis,434651013.395508,150795.74162017
3360,,2025.01,09178,Freising,114272,,0,.,0,.,0,.,0,.,5.7,,3.8,,1.8,,0,,Landkreis,798505478.394531,198190.25752764
3361,,2025.01,09177,Erding,93605,,0,.,0,.,0,.,0,.,5.1,,3.4,,1.6,,0,,Landkreis,870824808.99707,184026.941276641
3362,,2025.01,09176,Eichstätt,89172,,0,.,0,.,0,.,0,.,4.6,,3.4,,1.3,,0,,Landkreis,1214365067.16309,307498.835164874
3363,,2025.01,09175,Ebersberg,89323,,0,.,0,.,0,.,0,.,6.8,,4.5,,2.3,,0,,Landkreis,549824040.4375,156850.433357146
3364,,2025.01,09174,Dachau,96670,,0,.,0,.,0,.,0,.,5.4,,3.6,,1.8,,0,,Landkreis,579538659.702148,164328.110709436
3365,,2025.01,09173,Bad Tölz-Wolfratshausen,82722,,0,.,0,.,0,.,0,.,5.1,,3.4,,1.7,,0,,Landkreis,1111683344.53906,234990.022505886
3366,,2025.01,09172,Berchtesgadener Land,68076,,0,.,0,.,0,.,0,.,4.2,,2.8,,1.4,,0,-,Landkreis,839799161.021484,222421.730122155
3367,,2025.01,09171,Altötting,75100,,0,.,0,.,0,.,0,.,5.3,,3.6,,1.7,,0,-,Landkreis,569350849.804688,159866.861096235
3368,,2025.01,09163,Rosenheim,36244,,0,.,0,.,0,.,0,.,5,,3.2,,1.8,,0,,Kreisfreie Stadt,36954285.3867188,31415.2055751276
3369,,2025.01,09162,München,766143,,0,.,0,.,0,.,0,.,9.3,,5.3,,4,,0,,Kreisfreie Stadt,311418892.893555,113444.364599277
3370,,2025.01,09161,Ingolstadt,104096,,0,.,0,.,0,.,0,.,10.8,,7.2,,3.6,,0,,Kreisfreie Stadt,133437450.783203,76161.6928625865
3371,,2025.01,08437,Sigmaringen,90863,,0,.,0,.,0,.,0,.,4.6,,3,,1.5,,0,,Landkreis,1204677491.74121,292560.594124531
3372,,2025.01,08436,Ravensburg,189421,,0,.,0,.,0,.,0,.,5.3,,3.7,,1.7,,0,-,Landkreis,1631876151.00586,326018.877239601
3373,,2025.01,08435,Bodenseekreis,144417,,0,.,0,.,0,.,0,.,6.4,,3.7,,2.7,,0,-,Landkreis,665234832.079102,196264.544875067
3374,,2025.01,08426,Biberach,139399,,0,.,0,.,0,.,0,.,5.2,,3.7,,1.5,,0,-,Landkreis,1409893821.0918,294123.862292792
3375,,2025.01,08425,Alb-Donau-Kreis,135216,,0,.,0,.,0,.,0,.,5,,3.5,,1.5,,0,,Landkreis,1357392728.38867,400613.419260071
3376,,2025.01,08421,Ulm,68480,,0,.,0,.,0,.,0,.,6.7,,4.4,,2.3,,0,,Stadtkreis,119244615.334961,90886.1258529902
3377,,2025.01,08417,Zollernalbkreis,132477,,0,.,0,.,0,.,0,.,4.7,,2.9,,1.8,,0,,Landkreis,917298672.389648,200702.700707429
3378,,2025.01,08416,Tübingen,130726,,0,.,0,.,0,.,0,.,5.8,,3.8,,2,,0,,Landkreis,519905356.571289,168209.697087106
3379,,2025.01,08415,Reutlingen,186101,,0,.,0,.,0,.,0,.,5.5,,3.4,,2.1,,0,,Landkreis,1092260476.94043,248486.106887773
3380,,2025.01,08337,Waldshut,112374,,0,.,0,.,0,.,0,.,5.4,,3.7,,1.7,,0,,Landkreis,1130807825.95508,276819.835436996
3381,,2025.01,08336,Lörrach,140450,,0,.,0,.,0,.,0,.,5.5,,3.7,,1.8,,0,,Landkreis,807128916.5625,166962.443862911
3382,,2025.01,08335,Konstanz,166915,,0,.,0,.,0,.,0,.,5.4,,3.6,,1.8,,0,,Landkreis,817527869.484375,301955.873771339
3383,,2025.01,08327,Tuttlingen,93877,,0,.,0,.,0,.,0,.,5.5,,3.2,,2.3,,0,,Landkreis,734058016.166992,181332.840700999
3384,,2025.01,08326,Schwarzwald-Baar-Kreis,136845,,0,.,0,.,0,.,0,.,5,,3,,2,,0,,Landkreis,1025911911.13281,230407.440447965
3385,,2025.01,08325,Rottweil,98103,,0,.,0,.,0,.,0,.,4.9,,3,,1.9,,0,-,Landkreis,769493816.008789,216136.447502954
3386,,2025.01,08317,Ortenaukreis,285127,,0,.,0,.,0,.,0,.,4.8,,3.2,,1.6,,0,,Landkreis,1859817895.98926,262096.114408608
3387,,2025.01,08316,Emmendingen,106560,,0,.,0,.,0,.,0,.,4.9,,3.4,,1.5,,0,,Landkreis,680398795.238281,172702.629780998
3388,,2025.01,08315,Breisgau-Hochschwarzwald,165479,,0,.,0,.,0,.,0,.,5.4,,3.8,,1.6,,0,-,Landkreis,1377672370.40137,370399.271266305
3389,,2025.01,08311,Freiburg im Breisgau,95631,,0,.,0,.,0,.,0,.,6.3,,4.3,,2,,0,,Stadtkreis,153849224.488281,91014.02371589
3390,,2025.01,08237,Freudenstadt,81893,,0,.,0,.,0,.,0,.,4.9,,3.2,,1.7,,0,-,Landkreis,870890176.946289,218933.236918359
3391,,2025.01,08236,Enzkreis,137668,,0,.,0,.,0,.,0,.,5.7,,3.7,,2,,0,,Landkreis,573013700.561523,230073.925261016
3392,,2025.01,08235,Calw,111300,,0,.,0,.,0,.,0,.,6.3,,4.5,,1.8,,0,-,Landkreis,797593878.895508,205429.753223687
3393,,2025.01,08231,Pforzheim,64113,,0,.,0,.,0,.,0,.,5.7,,3.4,,2.4,,0,,Stadtkreis,98240899.1787109,58511.2928561087
3394,,2025.01,08226,Rhein-Neckar-Kreis,364131,,0,.,0,.,0,.,0,.,7.6,,4.7,,3,,0,,Landkreis,1060897378.24121,376735.935318718
3395,,2025.01,08225,Neckar-Odenwald-Kreis,98349,,0,.,0,.,0,.,0,.,4.5,,2.8,,1.7,,0,-,Landkreis,1125803071.23047,245427.437803649
3396,,2025.01,08222,Mannheim,158974,,0,.,0,.,0,.,0,.,6.4,,3.6,,2.7,,0,,Stadtkreis,145282582.120117,66145.7280531458
3397,,2025.01,08221,Heidelberg,61272,,0,.,0,.,0,.,0,.,6.6,,4.1,,2.5,,0,,Stadtkreis,109177300.727539,67290.2437024899
3398,,2025.01,08216,Rastatt,155292,,0,.,0,.,0,.,0,.,5.7,,3.7,,2,,0,,Landkreis,738745337.001953,298562.837436705
3399,,2025.01,08215,Karlsruhe,290734,,0,.,0,.,0,.,0,.,5.5,,3.6,,1.9,,0,,Landkreis,1084489419.02441,286288.605541561
3400,,2025.01,08212,Karlsruhe,140951,,0,.,0,.,0,.,0,.,7.2,,4.6,,2.6,,0,,Stadtkreis,174089896.172852,81609.5077277984
3401,,2025.01,08211,Baden-Baden,36415,,0,.,0,.,0,.,0,.,6.5,,4,,2.4,,0,-,Stadtkreis,139961040.21582,98183.8804621679
3402,,2025.01,08136,Ostalbkreis,213794,,0,.,0,.,0,.,0,.,5,,3.1,,1.9,,0,,Landkreis,1510452892.5166,349788.857320175
3403,,2025.01,08135,Heidenheim,87968,,0,.,0,.,0,.,0,.,4.1,,2.4,,1.7,,0,-,Landkreis,627374007.889648,235445.457306892
3404,,2025.01,08128,Main-Tauber-Kreis,93061,,0,.,0,.,0,.,0,.,4.4,,2.8,,1.6,,0,,Landkreis,1304839178.17285,358765.85369454
3405,,2025.01,08127,Schwäbisch Hall,137748,,0,.,0,.,0,.,0,.,5.2,,3.4,,1.8,,0,,Landkreis,1483983603.97168,341804.115831159
3406,,2025.01,08126,Hohenlohekreis,87950,,0,.,0,.,0,.,0,.,6.1,,4.5,,1.6,,0,,Landkreis,777128184.59375,231938.728929931
3407,,2025.01,08125,Heilbronn,258199,,0,.,0,.,0,.,0,.,5.7,,3.8,,1.9,,0,,Landkreis,1098643452.9082,359071.410841577
3408,,2025.01,08121,Heilbronn,70361,,0,.,0,.,0,.,0,.,5.3,,3,,2.3,,0,,Stadtkreis,100623181.72168,67074.2189974283
3409,,2025.01,08119,Rems-Murr-Kreis,275067,,0,.,0,.,0,.,0,.,5.9,,3.6,,2.3,,0,,Landkreis,857365536.928711,214668.079545342
3410,,2025.01,08118,Ludwigsburg,342151,,0,.,0,.,0,.,0,.,6.4,,3.8,,2.6,,0,,Landkreis,686632531.452148,212148.528068176
3411,,2025.01,08117,Göppingen,171708,,0,.,0,.,0,.,0,.,5.3,,3.3,,2,,0,,Landkreis,642609816.006836,194509.684601541
3412,,2025.01,08116,Esslingen,345526,,0,.,0,.,0,.,0,.,7.1,,4.3,,2.8,,0,,Landkreis,639790912.260742,192186.178502883
3413,,2025.01,08115,Böblingen,265649,,0,.,0,.,0,.,0,.,10.7,,6,,4.7,,0,,Landkreis,617166961.571289,192935.175303125
3414,,2025.01,08111,Stuttgart,301985,,0,.,0,.,0,.,0,.,11.7,,5.9,,5.7,,0,,Stadtkreis,209953423.669922,96275.2293088448
3415,,2025.01,07340,Südwestpfalz,68532,,0,.,0,.,0,.,0,.,3.9,,2.5,,1.4,,0,,Landkreis,954113160.211914,287839.002459541
3416,,2025.01,07339,Mainz-Bingen,145964,,0,.,0,.,0,.,0,.,5.5,,3.7,,1.8,,0,-,Landkreis,605620457.03125,228891.65320828
3417,,2025.01,07338,Rhein-Pfalz-Kreis,103234,,0,.,0,.,0,.,0,.,4.8,,3.3,,1.5,,0,-,Landkreis,304388992.862305,182456.8069609
3418,,2025.01,07337,Südliche Weinstraße,79511,,0,.,0,.,0,.,0,.,4.9,,3.5,,1.5,,0,-,Landkreis,639681013.71582,271814.586706335
3419,,2025.01,07336,Kusel,48361,,0,.,0,.,0,.,0,.,3.3,,2.1,,1.2,,0,-,Landkreis,573837615.500977,183994.7760021
3420,,2025.01,07335,Kaiserslautern,70781,,0,.,0,.,0,.,0,.,4.6,,3,,1.6,,0,-,Landkreis,640571447.892578,268252.938579891
3421,,2025.01,07334,Germersheim,85892,,0,.,0,.,0,.,0,.,5.1,,3.3,,1.8,,0,,Landkreis,463330213.0625,139027.58003438
3422,,2025.01,07333,Donnersbergkreis,52109,,0,.,0,.,0,.,0,.,4.2,,2.9,,1.3,,0,,Landkreis,644631752.258789,159577.632166307
3423,,2025.01,07332,Bad Dürkheim,93557,,0,.,0,.,0,.,0,.,5.1,,3.5,,1.6,,0,-,Landkreis,593988929.787109,196085.16675297
3424,,2025.01,07331,Alzey-Worms,89066,,0,.,0,.,0,.,0,.,4.8,,3.3,,1.5,,0,-,Landkreis,588117875.958984,189546.478189532
3425,,2025.01,07320,Zweibrücken,21700,,0,.,0,.,0,.,0,.,4.9,,3.1,,1.8,,0,-,Kreisfreie Stadt,70802893.0361328,59253.9537753324
3426,,2025.01,07319,Worms,46769,,0,.,0,.,0,.,0,.,4.5,,2.6,,1.9,,0,-,Kreisfreie Stadt,108771236.600586,73957.693231704
3427,,2025.01,07318,Speyer,30271,,0,.,0,.,0,.,0,.,4.5,,2.9,,1.6,,0,-,Kreisfreie Stadt,42871205.4169922,40161.5178323398
3428,,2025.01,07317,Pirmasens,23343,,0,.,0,.,0,.,0,.,4.3,,2.4,,1.9,,0,-,Kreisfreie Stadt,61586073.3691406,48933.9179410104
3429,,2025.01,07316,Neustadt an der Weinstraße,33892,,0,.,0,.,0,.,0,.,5.2,,3.6,,1.6,,0,-,Kreisfreie Stadt,117196960.166016,74425.9014137383
3430,,2025.01,07315,Mainz,102807,,0,.,0,.,0,.,0,.,6,,3.7,,2.3,,0,,Kreisfreie Stadt,97639723.5410156,62475.8854668958
3431,,2025.01,07314,Ludwigshafen am Rhein,85396,,0,.,0,.,0,.,0,.,5.3,,3.1,,2.2,,0,,Kreisfreie Stadt,78001717.6855469,51846.815686425
3432,,2025.01,07313,Landau in der Pfalz,28509,,0,.,0,.,0,.,0,.,5.9,,3.6,,2.3,,0,-,Kreisfreie Stadt,82985492.3359375,87908.82313436
3433,,2025.01,07312,Kaiserslautern,50451,,0,.,0,.,0,.,0,.,5.6,,3.4,,2.2,,0,,Kreisfreie Stadt,140338623.198242,76154.15074223
3434,,2025.01,07311,Frankenthal (Pfalz),27362,,0,.,0,.,0,.,0,.,4.2,,2.2,,2,,0,-,Kreisfreie Stadt,43781479.5527344,41147.8587057006
3435,,2025.01,07233,Vulkaneifel,43292,,0,.,0,.,0,.,0,.,4.2,,2.6,,1.6,,0,-,Landkreis,911674505.946289,257481.984540412
3436,,2025.01,07232,Eifelkreis Bitburg-Prüm,70699,,0,.,0,.,0,.,0,.,4.3,,3.1,,1.3,,0,,Landkreis,1627922517.46289,260563.165497522
3437,,2025.01,07231,Bernkastel-Wittlich,77992,,0,.,0,.,0,.,0,.,4.3,,2.8,,1.6,,0,-,Landkreis,1168681557.4209,212499.209410563
3438,,2025.01,07211,Trier,158702,,0,.,0,.,0,.,0,.,5.2,,3.4,,1.7,,0,-,Kreisfreie Stadt,1220946433.32129,239144.771120695
3439,,2025.01,07143,Westerwaldkreis,143233,,0,.,0,.,0,.,0,.,5.4,,3.5,,1.9,,0,,Landkreis,990180403.595703,258826.416348373
3440,,2025.01,07141,Rhein-Lahn-Kreis,82637,,0,.,0,.,0,.,0,.,4.7,,3.1,,1.7,,0,,Landkreis,781516859.424805,212678.488053315
3441,,2025.01,07140,Rhein-Hunsrück-Kreis,73703,,0,.,0,.,0,.,0,.,4.5,,3.1,,1.4,,0,-,Landkreis,991218488.785156,222923.974650335
3442,,2025.01,07138,Neuwied,125160,,0,.,0,.,0,.,0,.,4.7,,2.9,,1.9,,0,-,Landkreis,627652391.993164,179551.528669657
3443,,2025.01,07137,Mayen-Koblenz,143967,,0,.,0,.,0,.,0,.,4.9,,3.1,,1.8,,0,,Landkreis,816507263.657227,280699.935462887
3444,,2025.01,07135,Cochem-Zell,42917,,0,.,0,.,0,.,0,.,4.5,,3,,1.5,,0,,Landkreis,693071688.401367,185715.450794408
3445,,2025.01,07134,Birkenfeld,53360,,0,.,0,.,0,.,0,.,3.2,,2,,1.3,,0,-,Landkreis,776624723.824219,174346.642558535
3446,,2025.01,07133,Bad Kreuznach,103826,,0,.,0,.,0,.,0,.,4.6,,3,,1.6,,0,-,Landkreis,864147548.796875,190511.509267926
3447,,2025.01,07132,Altenkirchen (Westerwald),87440,,0,.,0,.,0,.,0,.,4.8,,3,,1.8,,0,,Landkreis,641192280.124023,226666.627454279
3448,,2025.01,07131,Ahrweiler,87963,,0,.,0,.,0,.,0,.,4.4,,2.7,,1.7,,0,,Landkreis,787045522.314453,198523.740877045
3449,,2025.01,07111,Koblenz,65079,,0,.,0,.,0,.,0,.,7.1,,4.1,,3,,0,,Kreisfreie Stadt,105904244.056641,60287.0431391488
3450,,2025.01,06636,Werra-Meißner-Kreis,63843,,0,.,0,.,0,.,0,.,4,,2.7,,1.3,,0,,Landkreis,1024390382.30957,277652.532707859
3451,,2025.01,06635,Waldeck-Frankenberg,107940,,0,.,0,.,0,.,0,.,4.5,,3.1,,1.3,,0,-,Landkreis,1847907077.81836,315498.946529771
3452,,2025.01,06634,Schwalm-Eder-Kreis,122910,,0,.,0,.,0,.,0,.,4.7,,3.4,,1.3,,0,-,Landkreis,1539557454.19043,265332.770302823
3453,,2025.01,06633,Kassel,154325,,0,.,0,.,0,.,0,.,5.6,,3.9,,1.8,,0,,Landkreis,1294912578.55566,372267.148483234
3454,,2025.01,06632,Hersfeld-Rotenburg,81059,,0,.,0,.,0,.,0,.,4,,2.7,,1.3,,0,-,Landkreis,1097989054.38477,239660.411478028
3455,,2025.01,06631,Fulda,148456,,0,.,0,.,0,.,0,.,5,,3.4,,1.6,,0,-,Landkreis,1381379533.09277,249554.88527543
3456,,2025.01,06611,Kassel,91958,,0,.,0,.,0,.,0,.,6.2,,3.8,,2.4,,0,,Kreisfreie Stadt,104921361.786133,63284.3782922191
3457,,2025.01,06535,Vogelsbergkreis,74014,,0,.,0,.,0,.,0,.,4,,2.6,,1.4,,0,-,Landkreis,1458289489.31641,281352.484060151
3458,,2025.01,06534,Marburg-Biedenkopf,148103,,0,.,0,.,0,.,0,.,4.4,,3,,1.4,,0,,Landkreis,1262136369.50879,219577.755636121
3459,,2025.01,06533,Limburg-Weilburg,116204,,0,.,0,.,0,.,0,.,5.4,,3.4,,2,,0,,Landkreis,738799141.473633,172150.712110974
3460,,2025.01,06532,Lahn-Dill-Kreis,168208,,0,.,0,.,0,.,0,.,4.8,,2.9,,1.9,,0,,Landkreis,1065703391.12305,219282.031563173
3461,,2025.01,06531,Gießen,159847,,0,.,0,.,0,.,0,.,5.2,,3.3,,1.9,,0,,Landkreis,855487307.994141,217540.28512267
3462,,2025.01,06440,Wetteraukreis,199295,,0,.,0,.,0,.,0,.,5.3,,3.3,,2.1,,0,,Landkreis,1100715408.88379,263849.646027959
3463,,2025.01,06439,Rheingau-Taunus-Kreis,124045,,0,.,0,.,0,.,0,.,5.7,,3.7,,2.1,,0,,Landkreis,811919270.723633,202814.412874961
3464,,2025.01,06438,Offenbach,220835,,0,.,0,.,0,.,0,.,5.2,,3,,2.1,,0,,Landkreis,356325742.489258,116884.314834115
3465,,2025.01,06437,Odenwaldkreis,64185,,0,.,0,.,0,.,0,.,4.5,,2.8,,1.7,,0,-,Landkreis,624772037.275391,175001.809901493
3466,,2025.01,06436,Main-Taunus-Kreis,184781,,0,.,0,.,0,.,0,.,5.9,,3.3,,2.6,,0,,Landkreis,221572678.726563,117470.580064287
3467,,2025.01,06435,Main-Kinzig-Kreis,268759,,0,.,0,.,0,.,0,.,4.6,,2.9,,1.7,,0,,Landkreis,1396882132.06348,301311.443067471
3468,,2025.01,06434,Hochtaunuskreis,165836,,0,.,0,.,0,.,0,.,7.2,,4.1,,3.1,,0,,Landkreis,480907993.546875,149540.699349362
3469,,2025.01,06433,Groß-Gerau,167720,,0,.,0,.,0,.,0,.,5.9,,3.6,,2.3,,0,,Landkreis,453325723.345703,139558.201442013
3470,,2025.01,06432,Darmstadt-Dieburg,191514,,0,.,0,.,0,.,0,.,5.6,,3.6,,2,,0,,Landkreis,658153392.793945,213944.367990509
3471,,2025.01,06431,Bergstraße,178843,,0,.,0,.,0,.,0,.,5.4,,3.4,,2,,0,,Landkreis,718875616.819336,230665.645395089
3472,,2025.01,06414,Wiesbaden,224004,,0,.,0,.,0,.,0,.,12.7,,8.1,,4.5,,0,,Kreisfreie Stadt,203813810.47168,76452.2375274593
3473,,2025.01,06413,Offenbach am Main,60950,,0,.,0,.,0,.,0,.,6.2,,4.1,,2.1,,0.1,,Kreisfreie Stadt,45319131.9121094,40703.3801450091
3474,,2025.01,06412,Frankfurt am Main,346011,,0,.,0,.,0,.,0,.,9.5,,4.7,,4.7,,0,,Kreisfreie Stadt,248120855.9375,107738.706029347
3475,,2025.01,06411,Darmstadt,73790,,0,.,0,.,0,.,0,.,7.4,,4.5,,3,,0,,Kreisfreie Stadt,122738117.188477,62500.6786556625
3476,,2025.01,05978,Unna,246727,,0,.,0,.,0,.,0,.,4.9,,3.1,,1.8,,0,,Kreis,542824039.868164,199548.421166447
3477,,2025.01,05974,Soest,198231,,0,.,0,.,0,.,0,.,5.9,,3.8,,2.1,,0,,Kreis,1329390562.89063,220152.441730781
3478,,2025.01,05970,Siegen-Wittgenstein,180326,,0,.,0,.,0,.,0,.,5.2,,2.9,,2.3,,0,,Kreis,1134040384.64648,221838.742179044
3479,,2025.01,05966,Olpe,92829,,0,.,0,.,0,.,0,.,5.3,,3.2,,2.2,,0,-,Kreis,711944622.895508,191915.420333218
3480,,2025.01,05962,Märkischer Kreis,258977,,0,.,0,.,0,.,0,.,4.6,,2.6,,2,,0,,Kreis,1060666564.4502,204522.776842104
3481,,2025.01,05958,Hochsauerlandkreis,173935,,0,.,0,.,0,.,0,.,5.1,,3.2,,1.9,,0,-,Kreis,1960082964.80859,346919.353405294
3482,,2025.01,05954,Ennepe-Ruhr-Kreis,204281,,0,.,0,.,0,.,0,.,5,,3.1,,2,,0,,Kreis,410907296.693359,167823.691284811
3483,,2025.01,05916,Herne,80378,,0,.,0,.,0,.,0,.,3.4,,1.9,,1.5,,0,,Kreisfreie Stadt,51509648.4521484,39643.8392912932
3484,,2025.01,05915,Hamm,101506,,0,.,0,.,0,.,0,.,4.3,,2.8,,1.5,,0,,Kreisfreie Stadt,227720983.532227,93458.3884714458
3485,,2025.01,05914,Hagen,100713,,0,.,0,.,0,.,0,.,4.1,,2.3,,1.8,,0,,Kreisfreie Stadt,160316710.286133,85106.2549919045
3486,,2025.01,05913,Dortmund,302691,,0,.,0,.,0,.,0,.,5.7,,3.3,,2.3,,0,,Kreisfreie Stadt,279662802.373047,98303.0284601238
3487,,2025.01,05911,Bochum,214715,,0,.,0,.,0,.,0,.,5.3,,3.3,,2.1,,0,,Kreisfreie Stadt,144803780.694336,64025.0873014356
3488,,2025.01,05774,Paderborn,192490,,0,.,0,.,0,.,0,.,6.3,,4.4,,1.9,,0,,Kreis,1246777280.7627,204588.642993027
3489,,2025.01,05770,Minden-Lübbecke,210694,,0,.,0,.,0,.,0,.,5.3,,3.7,,1.6,,0,-,Kreis,1151990376.89063,261061.025532273
3490,,2025.01,05766,Lippe,222558,,0,.,0,.,0,.,0,.,5.2,,3.5,,1.7,,0,,Kreis,1245878538.81934,235200.589696812
3491,,2025.01,05762,Höxter,92931,,0,.,0,.,0,.,0,.,5,,3.3,,1.6,,0,-,Kreis,1200707448.32422,216307.222826842
3492,,2025.01,05758,Herford,168046,,0,.,0,.,0,.,0,.,5.7,,3.8,,1.9,,0,-,Kreis,450726367.121094,152051.688893975
3493,,2025.01,05754,Gütersloh,241689,,0,.,0,.,0,.,0,.,5.8,,3.9,,1.9,,0,,Kreis,969612643.183594,211345.177555524
3494,,2025.01,05711,Bielefeld,182357,,0,.,0,.,0,.,0,.,6.8,,4.7,,2.1,,0,,Kreisfreie Stadt,259184268.935547,98214.7178138864
3495,,2025.01,05570,Warendorf,180918,,0,.,0,.,0,.,0,.,4.9,,3.4,,1.5,,0,,Kreis,1318578231.76758,239020.016740479
3496,,2025.01,05566,Steinfurt,286019,,0,.,0,.,0,.,0,.,5.7,,3.9,,1.8,,0,,Kreis,1795416420.94824,253521.367273162
3497,,2025.01,05562,Recklinghausen,365895,,0,.,0,.,0,.,0,.,4.2,,2.5,,1.6,,0,,Kreis,761405655.898438,195517.150872042
3498,,2025.01,05558,Coesfeld,146071,,0,.,0,.,0,.,0,.,5.6,,3.9,,1.7,,0,,Kreis,1112317887.10254,218543.143405152
3499,,2025.01,05554,Borken,238187,,0,.,0,.,0,.,0,.,6.3,,4.3,,2,,0,,Kreis,1421361804.71777,271032.558216467
3500,,2025.01,05515,Münster,152457,,0,.,0,.,0,.,0,.,7.2,,4.7,,2.6,,0,,Kreisfreie Stadt,303536651.791016,104146.926446906
3501,,2025.01,05513,Gelsenkirchen,127513,,0,.,0,.,0,.,0,.,3.9,,2.2,,1.7,,0,,Kreisfreie Stadt,105321074.493164,57216.534225466
3502,,2025.01,05512,Bottrop,70680,,0,.,0,.,0,.,0,.,4.4,,2.7,,1.7,,0,,Kreisfreie Stadt,100248242.984375,57675.0683142118
3503,,2025.01,05382,Rhein-Sieg-Kreis,379397,,0,.,0,.,0,.,0,.,5.1,,3.2,,1.9,,0,,Kreis,1152349724.42285,315908.196767241
3504,,2025.01,05378,Rheinisch-Bergischer Kreis,186204,,0,.,0,.,0,.,0,.,6,,3.7,,2.2,,0,,Kreis,438100913.793945,166197.113748431
3505,,2025.01,05374,Oberbergischer Kreis,185451,,0,.,0,.,0,.,0,.,5.1,,3.2,,1.9,,0,-,Kreis,918229534.572266,223732.776465669
3506,,2025.01,05370,Heinsberg,170758,,0,.,0,.,0,.,0,.,4.8,,3,,1.8,,0,,Kreis,627392069.150391,166228.096673107
3507,,2025.01,05366,Euskirchen,162692,,0,.,0,.,0,.,0,.,7,,5.2,,1.7,,0,-,Kreis,1250281279.92773,290405.800465605
3508,,2025.01,05362,Rhein-Erft-Kreis,292781,,0,.,0,.,0,.,0,.,5.2,,3.1,,2.1,,0,,Kreis,703016562.010742,194838.575207755
3509,,2025.01,05358,Düren,171228,,0,.,0,.,0,.,0,.,5,,3.2,,1.8,,0,,Kreis,940371029.933594,239403.533273169
3510,,2025.01,05334,Städteregion Aachen,304319,,0,.,0,.,0,.,0,.,5.7,,3.5,,2.2,,0,,Kreis,704441130.219727,270249.499551821
3511,,2025.01,05316,Leverkusen,93663,,0,.,0,.,0,.,0,.,6,,3.3,,2.7,,0,,Kreisfreie Stadt,78780864.5332031,52325.2401412013
3512,,2025.01,05315,Köln,502072,,0,.,0,.,0,.,0,.,7.7,,4,,3.6,,0,,Kreisfreie Stadt,406768174.274414,122756.879624915
3513,,2025.01,05314,Bonn,175623,,0,.,0,.,0,.,0,.,7.7,,5.2,,2.4,,0,,Kreisfreie Stadt,141610673.71582,65631.2890915728
3514,,2025.01,05170,Wesel,298448,,0,.,0,.,0,.,0,.,4.9,,3.2,,1.7,,0,,Kreis,1042254695.52344,236903.50644036
3515,,2025.01,05166,Viersen,195355,,0,.,0,.,0,.,0,.,4.9,,3.2,,1.6,,0,,Kreis,563607848.28418,149013.658961646
3516,,2025.01,05162,Rhein-Kreis Neuss,281848,,0,.,0,.,0,.,0,.,5.5,,3.4,,2.1,,0,,Kreis,576484962.40332,171376.374023709
3517,,2025.01,05158,Mettmann,304474,,0,.,0,.,0,.,0,.,6.3,,3.9,,2.4,,0,,Kreis,407951393.454102,178740.284376613
3518,,2025.01,05154,Kleve,204792,,0,.,0,.,0,.,0,.,4.7,,2.9,,1.8,,0,,Kreis,1233480468.46582,273797.765568249
3519,,2025.01,05124,Wuppertal,179960,,0,.,0,.,0,.,0,.,5.1,,3,,2.1,,0,,Kreisfreie Stadt,168439928.404297,87139.7015602039
3520,,2025.01,05122,Solingen,93294,,0,.,0,.,0,.,0,.,5.5,,3.4,,2,,0,,Kreisfreie Stadt,88995921.1865234,60702.010830767
3521,,2025.01,05120,Remscheid,64878,,0,.,0,.,0,.,0,.,5.3,,3,,2.3,,0,,Kreisfreie Stadt,74084053.7412109,46566.6416204877
3522,,2025.01,05119,Oberhausen,115011,,0,.,0,.,0,.,0,.,4.1,,2.4,,1.7,,0,,Kreisfreie Stadt,77442381.3349609,47165.0388934437
3523,,2025.01,05117,Mülheim an der Ruhr,96465,,0,.,0,.,0,.,0,.,5.3,,3.1,,2.2,,0,-,Kreisfreie Stadt,91288609.5791016,47771.7305814314
3524,,2025.01,05116,Mönchengladbach,145427,,0,.,0,.,0,.,0,.,4.9,,2.9,,2,,0,,Kreisfreie Stadt,170626170.893555,84169.1695040052
3525,,2025.01,05114,Krefeld,123581,,0,.,0,.,0,.,0,.,4.7,,2.8,,1.9,,0,,Kreisfreie Stadt,136588715.342773,63616.6954308927
3526,,2025.01,05113,Essen,299984,,0,.,0,.,0,.,0,.,6.1,,3.4,,2.7,,0,,Kreisfreie Stadt,210457058.47168,81440.8394355414
3527,,2025.01,05112,Duisburg,242151,,0,.,0,.,0,.,0,.,3.7,,2.1,,1.6,,0,,Kreisfreie Stadt,233192439.330078,95785.9402818368
3528,,2025.01,05111,Düsseldorf,326938,,0,.,0,.,0,.,0,.,9.4,,4.8,,4.5,,0,,Kreisfreie Stadt,217546071.861328,112285.366144823
3529,,2025.01,04012,Bremerhaven,52757,,0,.,0,.,0,.,0,.,4,,2.3,,1.7,,0,,Kreisfreie Stadt,94128150.2773438,77653.3498236271
3530,,2025.01,04011,Bremen,248228,,0,.,0,.,0,.,0,.,5,,2.9,,2.1,,0,,Kreisfreie Stadt,326188860.736328,152668.942381665
3531,,2025.01,03462,Wittmund,37944,,0,.,0,.,0,.,0,.,3.3,,2.2,,1.1,,0,-,Landkreis,660805508.28125,237460.49211554
3532,,2025.01,03461,Wesermarsch,55206,,0,.,0,.,0,.,0,.,4,,2.7,,1.4,,0,-,Landkreis,827952082.020508,201926.225735977
3533,,2025.01,03460,Vechta,93190,,0,.,0,.,0,.,0,.,6.4,,4.4,,2,,0,,Landkreis,813816410.000977,175258.930309861
3534,,2025.01,03459,Osnabrück,239652,,0,.,0,.,0,.,0,.,5.3,,3.6,,1.6,,0,,Landkreis,2121066219.41406,375663.605339353
3535,,2025.01,03458,Oldenburg,87520,,0,.,0,.,0,.,0,.,5.1,,3.4,,1.6,,0,,Landkreis,1065025726.70703,198207.041247946
3536,,2025.01,03457,Leer,108006,,0,.,0,.,0,.,0,.,3.9,,2.7,,1.2,,0,,Landkreis,1089662558.6543,230485.427283503
3537,,2025.01,03456,Grafschaft Bentheim,89326,,0,.,0,.,0,.,0,.,6,,4,,2,,0,,Landkreis,982099052.395508,194064.715881315
3538,,2025.01,03455,Friesland,68163,,0,.,0,.,0,.,0,.,4.4,,3,,1.4,,0,,Landkreis,618912788.368164,207826.195154195
3539,,2025.01,03454,Emsland,214915,,0,.,0,.,0,.,0,.,5.7,,4,,1.7,,0,,Landkreis,2883746490.64648,300655.969692117
3540,,2025.01,03453,Cloppenburg,109012,,0,.,0,.,0,.,0,.,5.1,,3.5,,1.6,,0,,Landkreis,1421047102.89844,228211.076254937
3541,,2025.01,03452,Aurich,121780,,0,.,0,.,0,.,0,.,4.1,,2.8,,1.3,,0,-,Landkreis,1298652890.11816,359604.750190608
3542,,2025.01,03451,Ammerland,83239,,0,.,0,.,0,.,0,.,4.9,,3.4,,1.6,,0,-,Landkreis,730131105.62207,153874.205387695
3543,,2025.01,03405,Wilhelmshaven,40561,,0,.,0,.,0,.,0,.,3.3,,1.8,,1.4,,0,,Kreisfreie Stadt,108248172.838867,56249.714135824
3544,,2025.01,03404,Osnabrück,89631,,0,.,0,.,0,.,0,.,6.6,,4.2,,2.4,,0,,Kreisfreie Stadt,120208161.90625,72502.7445112705
3545,,2025.01,03403,Oldenburg (Oldb),92548,,0,.,0,.,0,.,0,.,6.9,,4.7,,2.2,,0,,Kreisfreie Stadt,103735226.646484,51943.3296956358
3546,,2025.01,03402,Emden,25638,,0,.,0,.,0,.,0,.,4.3,,2.9,,1.3,,0,,Kreisfreie Stadt,111796448.801758,67063.655941761
3547,,2025.01,03401,Delmenhorst,43450,,0,.,0,.,0,.,0,.,3.8,,2.2,,1.6,,0,,Kreisfreie Stadt,62467798.5947266,46257.9381557184
3548,,2025.01,03361,Verden,90087,,0,.,0,.,0,.,0,.,4.9,,3.3,,1.6,,0,,Landkreis,789081710.703125,224811.846339036
3549,,2025.01,03360,Uelzen,58925,,0,.,0,.,0,.,0,.,4.8,,3.3,,1.6,,0,-,Landkreis,1462207700.17188,220612.035508098
3550,,2025.01,03359,Stade,130194,,0,.,0,.,0,.,0,.,5,,3.2,,1.8,,0,-,Landkreis,1269075763.50293,265280.850857743
3551,,2025.01,03358,Heidekreis,91825,,0,.,0,.,0,.,0,.,4.1,,2.8,,1.3,,0,,Landkreis,1881746242.97168,365225.831866227
3552,,2025.01,03357,Rotenburg (Wümme),120916,,0,.,0,.,0,.,0,.,4.8,,3.2,,1.6,,0,,Landkreis,2073801406.19531,353552.266818007
3553,,2025.01,03356,Osterholz,75457,,0,.,0,.,0,.,0,.,4.8,,3.3,,1.5,,0,,Landkreis,653279865,179710.225107181
3554,,2025.01,03355,Lüneburg,108895,,0,.,0,.,0,.,0,.,5.3,,3.7,,1.6,,0,-,Landkreis,1327357220.72852,318554.960422675
3555,,2025.01,03354,Lüchow-Dannenberg,32135,,0,.,0,.,0,.,0,.,4,,2.7,,1.3,,0,-,Landkreis,1226546093.60547,227707.256898562
3556,,2025.01,03353,Harburg,172996,,0,.,0,.,0,.,0,.,5.3,,3.5,,1.7,,0,,Landkreis,1249117601.8291,256626.86543829
3557,,2025.01,03352,Cuxhaven,129593,,0,.,0,.,0,.,0,.,3.8,,2.4,,1.4,,0,,Landkreis,2058739992.30664,308454.913252573
3558,,2025.01,03351,Celle,114035,,0,.,0,.,0,.,0,.,4.7,,3,,1.7,,0,,Landkreis,1550684013.71582,246181.705103521
3559,,2025.01,03257,Schaumburg,105110,,0,.,0,.,0,.,0,.,4.5,,3.3,,1.3,,0,-,Landkreis,676300755.381836,206397.981008128
3560,,2025.01,03256,Nienburg (Weser),80490,,0,.,0,.,0,.,0,.,4.2,,2.9,,1.3,,0,,Landkreis,1400917922.84375,317688.390120049
3561,,2025.01,03255,Holzminden,46037,,0,.,0,.,0,.,0,.,3.9,,2.4,,1.5,,0,-,Landkreis,694472629.105469,189171.307052356
3562,,2025.01,03254,Hildesheim,165021,,0,.,0,.,0,.,0,.,4.8,,3.2,,1.5,,0,,Landkreis,1207789320.64551,251154.965666091
3563,,2025.01,03252,Hameln-Pyrmont,94665,,0,.,0,.,0,.,0,.,4.5,,3.1,,1.4,,0,,Landkreis,797764574.958984,210020.338817558
3564,,2025.01,03251,Diepholz,147483,,0,.,0,.,0,.,0,.,5.2,,3.4,,1.8,,0,,Landkreis,1991034474.31836,308652.494010019
3565,,2025.01,03241,Region Hannover,601997,,0,.,0,.,0,.,0,.,5.7,,3.7,,2,,0,,Landkreis,2297326127.13477,379374.837502092
3566,,2025.01,03159,Göttingen,186631,,0,.,0,.,0,.,0,.,4.9,,3.2,,1.7,,0,,Landkreis,1754861833.00781,385590.386200199
3567,,2025.01,03158,Wolfenbüttel,76948,,0,.,0,.,0,.,0,.,4.9,,3.6,,1.3,,0,,Landkreis,724065535.433594,215640.850159417
3568,,2025.01,03157,Peine,88023,,0,.,0,.,0,.,0,.,4.9,,3.7,,1.3,,0,,Landkreis,536101104.076172,149602.771432759
3569,,2025.01,03155,Northeim,89770,,0,.,0,.,0,.,0,.,4.5,,3,,1.5,,0,-,Landkreis,1269651774.30176,228982.313706335
3570,,2025.01,03154,Helmstedt,57636,,0,.,0,.,0,.,0,.,4.6,,3.2,,1.4,,0,,Landkreis,675687788.225586,231289.034806608
3571,,2025.01,03153,Goslar,81030,,0,.,0,.,0,.,0,.,4.3,,2.7,,1.5,,0,,Landkreis,969210805.345703,233890.968622506
3572,,2025.01,03151,Gifhorn,112476,,0,.,0,.,0,.,0,.,5,,3.7,,1.3,,0,,Landkreis,1569205053.24512,282161.609724976
3573,,2025.01,03103,Wolfsburg,123849,,0,.,0,.,0,.,0,.,11.5,,9.1,,2.5,,0,,Kreisfreie Stadt,204942168.826172,91494.3940080182
3574,,2025.01,03102,Salzgitter,57230,,0,.,0,.,0,.,0,.,3.4,,2.2,,1.1,,0,-,Kreisfreie Stadt,225241578.612305,109481.843532545
3575,,2025.01,03101,Braunschweig,143274,,0,.,0,.,0,.,0,.,7.3,,5.1,,2.2,,0,,Kreisfreie Stadt,192263016.94043,96253.2221066206
3576,,2025.01,02000,Hamburg,810635,,0,.,0,.,0,.,0,.,7.4,,4.4,,3,,0,,Kreisfreie Stadt,752486078.693359,218319.223917463
3577,,2025.01,01062,Stormarn,156765,,0,.,0,.,0,.,0,.,5.9,,3.9,,2,,0,,Kreis,766059006.546875,254492.948218965
3578,,2025.01,01061,Steinburg,84398,,0,.,0,.,0,.,0,.,4.3,,3.1,,1.2,,0,,Kreis,1055624123.08594,193429.843760563
3579,,2025.01,01060,Segeberg,176481,,0,.,0,.,0,.,0,.,5.3,,3.5,,1.9,,0,,Kreis,1345767960.55859,287287.284105907
3580,,2025.01,01059,Schleswig-Flensburg,135082,,0,.,0,.,0,.,0,.,4.8,,3.6,,1.2,,0,,Kreis,2070852562.36133,356669.588409604
3581,,2025.01,01058,Rendsburg-Eckernförde,180841,,0,.,0,.,0,.,0,.,5.2,,3.8,,1.4,,0,,Kreis,2188406603.16406,351411.986073704
3582,,2025.01,01057,Plön,83626,,0,.,0,.,0,.,0,.,4.9,,3.5,,1.4,,0,,Kreis,1083370335.23828,228552.625170368
3583,,2025.01,01056,Pinneberg,182681,,0,.,0,.,0,.,0,.,5.2,,3.4,,1.9,,0,,Kreis,663713966.863281,158271.717662983
3584,,2025.01,01055,Ostholstein,132442,,0,.,0,.,0,.,0,.,4.3,,2.9,,1.4,,0,-,Kreis,1394318441.49023,334074.13334403
3585,,2025.01,01054,Nordfriesland,108508,,0,.,0,.,0,.,0,.,5.9,,4.4,,1.5,,0.1,,Kreis,2090311784.12012,636064.144512072
3586,,2025.01,01053,Herzogtum Lauenburg,123649,,0,.,0,.,0,.,0,.,4.9,,3.4,,1.5,,0,,Kreis,1262927896.33203,256458.727199694
3587,,2025.01,01051,Dithmarschen,84813,,0,.,0,.,0,.,0,.,3.8,,2.8,,1,,0,,Kreis,1443991936.72363,245572.111008473
3588,,2025.01,01004,Neumünster,44336,,0,.,0,.,0,.,0,.,5.1,,3.4,,1.7,,0,,Kreisfreie Stadt,71631910.9277344,54213.2416336757
3589,,2025.01,01003,Lübeck,102826,,0,.,0,.,0,.,0,.,4.8,,3,,1.9,,0,-,Kreisfreie Stadt,211688220.145508,146471.981758647
3590,,2025.01,01002,Kiel,111567,,0,.,0,.,0,.,0,.,5.1,,3.2,,1.9,,0,,Kreisfreie Stadt,119698137.066406,84659.240789817
3591,,2025.01,01001,Flensburg,46003,,0,.,0,.,0,.,0,.,5.5,,3.8,,1.7,,0,,Kreisfreie Stadt,56888946.234375,37654.0538300401
3592,,2025.04,09374,Neustadt a.d.Waldnaab,67341,,0,.,0,.,0,.,0,.,4.7,,3.1,,1.5,,0,-,Landkreis,1428166109.66699,385732.083609104
3593,,2025.04,09373,Neumarkt i.d.OPf.,93954,,0,.,0,.,0,.,0,.,5,,3.5,,1.5,,0,-,Landkreis,1344541220.45117,303939.946431158
3594,,2025.04,09372,Cham,93235,,0,.,0,.,0,.,0,.,4.4,,3.1,,1.3,,0,,Landkreis,1526958023.89063,299328.140846534
3595,,2025.04,09371,Amberg-Sulzbach,72387,,0,.,0,.,0,.,0,.,5,,3.5,,1.5,,0,,Landkreis,1255092290.34766,376859.42579161
3596,,2025.04,09363,Weiden i.d.OPf.,26563,,0,.,0,.,0,.,0,.,4.6,,2.8,,1.8,,0,-,Kreisfreie Stadt,70605006.8857422,71839.4196751139
3597,,2025.04,09362,Regensburg,83953,,0,.,0,.,0,.,0,.,7.6,,4.8,,2.8,,0,,Kreisfreie Stadt,79706492.1894531,59506.3819752187
3598,,2025.04,09361,Amberg,25285,,0,.,0,.,0,.,0,.,6,,3.8,,2.2,,0,-,Kreisfreie Stadt,50405257.5654297,45172.0627563141
3599,,2025.04,09279,Dingolfing-Landau,73888,,0,.,0,.,0,.,0,.,5.5,,4,,1.6,,0,,Landkreis,877379815.797852,263187.17169248
3600,,2025.04,09278,Straubing-Bogen,72625,,0,.,0,.,0,.,0,.,4.7,,3.3,,1.4,,0,-,Landkreis,1200964159.71777,333805.068298285
3601,,2025.04,09277,Rottal-Inn,87876,,0,.,0,.,0,.,0,.,4.8,,3.4,,1.4,,0,,Landkreis,1281034787.56348,290982.290980761
3602,,2025.04,09276,Regen,51968,,0,.,0,.,0,.,0,.,4.5,,2.7,,1.8,,0,-,Landkreis,974828582.608398,194334.820631541
3603,,2025.04,09275,Passau,135602,,0,.,0,.,0,.,0,.,5.1,,3.5,,1.6,,0,,Landkreis,1530226056.83984,349324.825744492
3604,,2025.04,09274,Landshut,115616,,0,.,0,.,0,.,0,.,5.8,,4.1,,1.6,,0,,Landkreis,1347484584.59082,352561.699055864
3605,,2025.04,09273,Kelheim,85313,,0,.,0,.,0,.,0,.,4.6,,3.3,,1.3,,0,-,Landkreis,1064782902.7373,277566.475134382
3606,,2025.04,09272,Freyung-Grafenau,55282,,0,.,0,.,0,.,0,.,4.3,,2.8,,1.5,,0,-,Landkreis,983773696.077148,205137.074783462
3607,,2025.04,09271,Deggendorf,82831,,0,.,0,.,0,.,0,.,5.1,,3.5,,1.6,,0,-,Landkreis,861232904.080078,214908.653550047
3608,,2025.04,09263,Straubing,28579,,0,.,0,.,0,.,0,.,4.7,,2.9,,1.8,,0,-,Kreisfreie Stadt,67649328.3486328,55342.4542959559
3609,,2025.04,09262,Passau,30351,,0,.,0,.,0,.,0,.,6.6,,3.9,,2.6,,0,,Kreisfreie Stadt,70107293.4433594,58468.6189304297
3610,,2025.04,09261,Landshut,39849,,0,.,0,.,0,.,0,.,5.7,,3.5,,2.1,,0,,Kreisfreie Stadt,66173764.9755859,68059.4178922351
3611,,2025.04,09190,Weilheim-Schongau,92555,,0,.,0,.,0,.,0,.,5.3,,3.8,,1.5,,0,-,Landkreis,967395171.895508,272636.208647296
3612,,2025.04,09189,Traunstein,123218,,0,.,0,.,0,.,0,.,5.6,,4,,1.6,,0,-,Landkreis,1532990057.25293,315972.371520452
3613,,2025.04,09188,Starnberg,90408,,0,.,0,.,0,.,0,.,8.2,,5.6,,2.6,,0,-,Landkreis,486839643.578125,154838.380658794
3614,,2025.04,09187,Rosenheim,180013,,0,.,0,.,0,.,0,.,5.7,,4,,1.7,,0,-,Landkreis,1440401955.72949,378977.363111802
3615,,2025.04,09186,Pfaffenhofen a.d.Ilm,88346,,0,.,0,.,0,.,0,.,5.5,,3.9,,1.5,,0,,Landkreis,760903330.470703,229356.061018572
3616,,2025.04,09185,Neuburg-Schrobenhausen,68502,,0,.,0,.,0,.,0,.,4.5,,2.9,,1.5,,0,,Landkreis,740049089.376953,221714.43570198
3617,,2025.04,09184,München,247618,,0,.,0,.,0,.,0,.,11.3,,6.8,,4.4,,0,,Landkreis,664006064.419922,253024.576960929
3618,,2025.04,09183,Mühldorf a.Inn,79514,,0,.,0,.,0,.,0,.,5.2,,3.6,,1.5,,0,,Landkreis,805046306.827148,251387.906279848
3619,,2025.04,09182,Miesbach,68255,,0,.,0,.,0,.,0,.,6.2,,4.1,,2,,0,,Landkreis,866757960.75293,210751.517487509
3620,,2025.04,09181,Landsberg am Lech,86422,,0,.,0,.,0,.,0,.,6.7,,5.1,,1.6,,0,-,Landkreis,803669334.545898,220162.735665796
3621,,2025.04,09180,Garmisch-Partenkirchen,53887,,0,.,0,.,0,.,0,.,4.6,,3.1,,1.5,,0,-,Landkreis,1011920317.62012,202175.405901146
3622,,2025.04,09179,Fürstenfeldbruck,126828,,0,.,0,.,0,.,0,.,5.6,,3.7,,1.9,,0,,Landkreis,434651013.395508,150795.74162017
3623,,2025.04,09178,Freising,114667,,0,.,0,.,0,.,0,.,5.9,,4,,1.9,,0,,Landkreis,798505478.394531,198190.25752764
3624,,2025.04,09177,Erding,93815,,0,.,0,.,0,.,0,.,5.3,,3.6,,1.7,,0,,Landkreis,870824808.99707,184026.941276641
3625,,2025.04,09176,Eichstätt,89539,,0,.,0,.,0,.,0,.,4.9,,3.6,,1.3,,0,,Landkreis,1214365067.16309,307498.835164874
3626,,2025.04,09175,Ebersberg,89552,,0,.,0,.,0,.,0,.,7,,4.7,,2.4,,0,,Landkreis,549824040.4375,156850.433357146
3627,,2025.04,09174,Dachau,96905,,0,.,0,.,0,.,0,.,5.5,,3.7,,1.8,,0,,Landkreis,579538659.702148,164328.110709436
3628,,2025.04,09173,Bad Tölz-Wolfratshausen,82808,,0,.,0,.,0,.,0,.,5.3,,3.6,,1.7,,0,,Landkreis,1111683344.53906,234990.022505886
3629,,2025.04,09172,Berchtesgadener Land,68138,,0,.,0,.,0,.,0,.,4.4,,2.9,,1.4,,0,-,Landkreis,839799161.021484,222421.730122155
3630,,2025.04,09171,Altötting,75264,,0,.,0,.,0,.,0,.,5.6,,3.8,,1.8,,0,-,Landkreis,569350849.804688,159866.861096235
3631,,2025.04,09163,Rosenheim,36289,,0,.,0,.,0,.,0,.,5.3,,3.5,,1.9,,0,,Kreisfreie Stadt,36954285.3867188,31415.2055751276
3632,,2025.04,09162,München,770281,,0,.,0,.,0,.,0,.,9.6,,5.6,,4,,0,,Kreisfreie Stadt,311418892.893555,113444.364599277
3633,,2025.04,09161,Ingolstadt,103392,,0,.,0,.,0,.,0,.,11.3,,8.5,,2.8,,0,,Kreisfreie Stadt,133437450.783203,76161.6928625865
3634,,2025.04,08437,Sigmaringen,90804,,0,.,0,.,0,.,0,.,4.7,,3.2,,1.6,,0,,Landkreis,1204677491.74121,292560.594124531
3635,,2025.04,08436,Ravensburg,190093,,0,.,0,.,0,.,0,.,5.5,,3.8,,1.7,,0,-,Landkreis,1631876151.00586,326018.877239601
3636,,2025.04,08435,Bodenseekreis,144847,,0,.,0,.,0,.,0,.,6.7,,3.9,,2.8,,0,-,Landkreis,665234832.079102,196264.544875067
3637,,2025.04,08426,Biberach,139765,,0,.,0,.,0,.,0,.,5.4,,3.9,,1.6,,0,-,Landkreis,1409893821.0918,294123.862292792
3638,,2025.04,08425,Alb-Donau-Kreis,135598,,0,.,0,.,0,.,0,.,5.3,,3.7,,1.6,,0,,Landkreis,1357392728.38867,400613.419260071
3639,,2025.04,08421,Ulm,68528,,0,.,0,.,0,.,0,.,7,,4.6,,2.4,,0,,Stadtkreis,119244615.334961,90886.1258529902
3640,,2025.04,08417,Zollernalbkreis,132406,,0,.,0,.,0,.,0,.,4.9,,3,,1.9,,0,,Landkreis,917298672.389648,200702.700707429
3641,,2025.04,08416,Tübingen,131003,,0,.,0,.,0,.,0,.,6,,4,,2.1,,0,,Landkreis,519905356.571289,168209.697087106
3642,,2025.04,08415,Reutlingen,186207,,0,.,0,.,0,.,0,.,5.6,,3.5,,2.1,,0,,Landkreis,1092260476.94043,248486.106887773
3643,,2025.04,08337,Waldshut,112620,,0,.,0,.,0,.,0,.,5.7,,3.9,,1.8,,0,,Landkreis,1130807825.95508,276819.835436996
3644,,2025.04,08336,Lörrach,140648,,0,.,0,.,0,.,0,.,5.7,,3.9,,1.9,,0,,Landkreis,807128916.5625,166962.443862911
3645,,2025.04,08335,Konstanz,167233,,0,.,0,.,0,.,0,.,5.6,,3.7,,1.9,,0,,Landkreis,817527869.484375,301955.873771339
3646,,2025.04,08327,Tuttlingen,94178,,0,.,0,.,0,.,0,.,5.7,,3.3,,2.4,,0,,Landkreis,734058016.166992,181332.840700999
3647,,2025.04,08326,Schwarzwald-Baar-Kreis,137076,,0,.,0,.,0,.,0,.,5.2,,3.1,,2.1,,0,,Landkreis,1025911911.13281,230407.440447965
3648,,2025.04,08325,Rottweil,98299,,0,.,0,.,0,.,0,.,5.1,,3.2,,1.9,,0,-,Landkreis,769493816.008789,216136.447502954
3649,,2025.04,08317,Ortenaukreis,285504,,0,.,0,.,0,.,0,.,4.9,,3.3,,1.6,,0,,Landkreis,1859817895.98926,262096.114408608
3650,,2025.04,08316,Emmendingen,106577,,0,.,0,.,0,.,0,.,5.2,,3.6,,1.5,,0,,Landkreis,680398795.238281,172702.629780998
3651,,2025.04,08315,Breisgau-Hochschwarzwald,165681,,0,.,0,.,0,.,0,.,5.6,,3.9,,1.7,,0,-,Landkreis,1377672370.40137,370399.271266305
3652,,2025.04,08311,Freiburg im Breisgau,95337,,0,.,0,.,0,.,0,.,6.6,,4.5,,2.1,,0,,Stadtkreis,153849224.488281,91014.02371589
3653,,2025.04,08237,Freudenstadt,82181,,0,.,0,.,0,.,0,.,5,,3.2,,1.8,,0,-,Landkreis,870890176.946289,218933.236918359
3654,,2025.04,08236,Enzkreis,137803,,0,.,0,.,0,.,0,.,5.9,,3.8,,2.1,,0,,Landkreis,573013700.561523,230073.925261016
3655,,2025.04,08235,Calw,111442,,0,.,0,.,0,.,0,.,6.3,,4.5,,1.8,,0,-,Landkreis,797593878.895508,205429.753223687
3656,,2025.04,08231,Pforzheim,63970,,0,.,0,.,0,.,0,.,5.9,,3.5,,2.4,,0,,Stadtkreis,98240899.1787109,58511.2928561087
3657,,2025.04,08226,Rhein-Neckar-Kreis,364011,,0,.,0,.,0,.,0,.,7.9,,4.9,,3,,0,,Landkreis,1060897378.24121,376735.935318718
3658,,2025.04,08225,Neckar-Odenwald-Kreis,98365,,0,.,0,.,0,.,0,.,4.6,,2.9,,1.7,,0,-,Landkreis,1125803071.23047,245427.437803649
3659,,2025.04,08222,Mannheim,159018,,0,.,0,.,0,.,0,.,6.6,,3.8,,2.8,,0,,Stadtkreis,145282582.120117,66145.7280531458
3660,,2025.04,08221,Heidelberg,61402,,0,.,0,.,0,.,0,.,6.9,,4.3,,2.6,,0,,Stadtkreis,109177300.727539,67290.2437024899
3661,,2025.04,08216,Rastatt,155235,,0,.,0,.,0,.,0,.,5.9,,3.8,,2.1,,0,,Landkreis,738745337.001953,298562.837436705
3662,,2025.04,08215,Karlsruhe,291208,,0,.,0,.,0,.,0,.,5.7,,3.8,,1.9,,0,,Landkreis,1084489419.02441,286288.605541561
3663,,2025.04,08212,Karlsruhe,140773,,0,.,0,.,0,.,0,.,7.5,,4.9,,2.7,,0,,Stadtkreis,174089896.172852,81609.5077277984
3664,,2025.04,08211,Baden-Baden,36425,,0,.,0,.,0,.,0,.,6.7,,4.2,,2.5,,0,-,Stadtkreis,139961040.21582,98183.8804621679
3665,,2025.04,08136,Ostalbkreis,214108,,0,.,0,.,0,.,0,.,5.2,,3.2,,2,,0,,Landkreis,1510452892.5166,349788.857320175
3666,,2025.04,08135,Heidenheim,87961,,0,.,0,.,0,.,0,.,4.3,,2.6,,1.7,,0,-,Landkreis,627374007.889648,235445.457306892
3667,,2025.04,08128,Main-Tauber-Kreis,93132,,0,.,0,.,0,.,0,.,4.6,,2.9,,1.7,,0,,Landkreis,1304839178.17285,358765.85369454
3668,,2025.04,08127,Schwäbisch Hall,138022,,0,.,0,.,0,.,0,.,5.4,,3.6,,1.8,,0,,Landkreis,1483983603.97168,341804.115831159
3669,,2025.04,08126,Hohenlohekreis,88203,,0,.,0,.,0,.,0,.,6.4,,4.8,,1.6,,0,,Landkreis,777128184.59375,231938.728929931
3670,,2025.04,08125,Heilbronn,258674,,0,.,0,.,0,.,0,.,6,,4.1,,1.9,,0,,Landkreis,1098643452.9082,359071.410841577
3671,,2025.04,08121,Heilbronn,70490,,0,.,0,.,0,.,0,.,5.4,,3.1,,2.4,,0,,Stadtkreis,100623181.72168,67074.2189974283
3672,,2025.04,08119,Rems-Murr-Kreis,275589,,0,.,0,.,0,.,0,.,6.1,,3.8,,2.3,,0,,Landkreis,857365536.928711,214668.079545342
3673,,2025.04,08118,Ludwigsburg,342294,,0,.,0,.,0,.,0,.,6.6,,4,,2.6,,0,,Landkreis,686632531.452148,212148.528068176
3674,,2025.04,08117,Göppingen,171971,,0,.,0,.,0,.,0,.,5.5,,3.4,,2.1,,0,,Landkreis,642609816.006836,194509.684601541
3675,,2025.04,08116,Esslingen,345493,,0,.,0,.,0,.,0,.,7.3,,4.4,,2.9,,0,,Landkreis,639790912.260742,192186.178502883
3676,,2025.04,08115,Böblingen,266405,,0,.,0,.,0,.,0,.,11,,6.3,,4.7,,0,,Landkreis,617166961.571289,192935.175303125
3677,,2025.04,08111,Stuttgart,302075,,0,.,0,.,0,.,0,.,12,,6.2,,5.8,,0,,Stadtkreis,209953423.669922,96275.2293088448
3678,,2025.04,07340,Südwestpfalz,68504,,0,.,0,.,0,.,0,.,4.1,,2.6,,1.5,,0,,Landkreis,954113160.211914,287839.002459541
3679,,2025.04,07339,Mainz-Bingen,146123,,0,.,0,.,0,.,0,.,5.8,,3.9,,1.9,,0,-,Landkreis,605620457.03125,228891.65320828
3680,,2025.04,07338,Rhein-Pfalz-Kreis,103305,,0,.,0,.,0,.,0,.,5,,3.4,,1.6,,0,,Landkreis,304388992.862305,182456.8069609
3681,,2025.04,07337,Südliche Weinstraße,79474,,0,.,0,.,0,.,0,.,5.1,,3.6,,1.5,,0,-,Landkreis,639681013.71582,271814.586706335
3682,,2025.04,07336,Kusel,48353,,0,.,0,.,0,.,0,.,3.5,,2.2,,1.2,,0,-,Landkreis,573837615.500977,183994.7760021
3683,,2025.04,07335,Kaiserslautern,70889,,0,.,0,.,0,.,0,.,4.8,,3.1,,1.7,,0,-,Landkreis,640571447.892578,268252.938579891
3684,,2025.04,07334,Germersheim,86048,,0,.,0,.,0,.,0,.,5.3,,3.4,,1.9,,0,,Landkreis,463330213.0625,139027.58003438
3685,,2025.04,07333,Donnersbergkreis,52207,,0,.,0,.,0,.,0,.,4.4,,3,,1.4,,0,,Landkreis,644631752.258789,159577.632166307
3686,,2025.04,07332,Bad Dürkheim,93751,,0,.,0,.,0,.,0,.,5.3,,3.6,,1.7,,0,-,Landkreis,593988929.787109,196085.16675297
3687,,2025.04,07331,Alzey-Worms,89040,,0,.,0,.,0,.,0,.,5.1,,3.5,,1.6,,0,-,Landkreis,588117875.958984,189546.478189532
3688,,2025.04,07320,Zweibrücken,21642,,0,.,0,.,0,.,0,.,5.1,,3.2,,1.9,,0,-,Kreisfreie Stadt,70802893.0361328,59253.9537753324
3689,,2025.04,07319,Worms,46807,,0,.,0,.,0,.,0,.,4.7,,2.7,,2,,0,-,Kreisfreie Stadt,108771236.600586,73957.693231704
3690,,2025.04,07318,Speyer,30288,,0,.,0,.,0,.,0,.,4.6,,3,,1.6,,0,-,Kreisfreie Stadt,42871205.4169922,40161.5178323398
3691,,2025.04,07317,Pirmasens,23320,,0,.,0,.,0,.,0,.,4.5,,2.6,,2,,0,-,Kreisfreie Stadt,61586073.3691406,48933.9179410104
3692,,2025.04,07316,Neustadt an der Weinstraße,33924,,0,.,0,.,0,.,0,.,5.5,,3.8,,1.7,,0,-,Kreisfreie Stadt,117196960.166016,74425.9014137383
3693,,2025.04,07315,Mainz,102932,,0,.,0,.,0,.,0,.,6.3,,4,,2.3,,0,,Kreisfreie Stadt,97639723.5410156,62475.8854668958
3694,,2025.04,07314,Ludwigshafen am Rhein,85285,,0,.,0,.,0,.,0,.,5.6,,3.3,,2.3,,0,,Kreisfreie Stadt,78001717.6855469,51846.815686425
3695,,2025.04,07313,Landau in der Pfalz,28574,,0,.,0,.,0,.,0,.,6.1,,3.7,,2.4,,0,-,Kreisfreie Stadt,82985492.3359375,87908.82313436
3696,,2025.04,07312,Kaiserslautern,50466,,0,.,0,.,0,.,0,.,5.8,,3.5,,2.3,,0,,Kreisfreie Stadt,140338623.198242,76154.15074223
3697,,2025.04,07311,Frankenthal (Pfalz),27364,,0,.,0,.,0,.,0,.,4.5,,2.4,,2.1,,0,,Kreisfreie Stadt,43781479.5527344,41147.8587057006
3698,,2025.04,07233,Vulkaneifel,43381,,0,.,0,.,0,.,0,.,4.4,,2.7,,1.6,,0,-,Landkreis,911674505.946289,257481.984540412
3699,,2025.04,07232,Eifelkreis Bitburg-Prüm,70773,,0,.,0,.,0,.,0,.,4.5,,3.2,,1.3,,0,,Landkreis,1627922517.46289,260563.165497522
3700,,2025.04,07231,Bernkastel-Wittlich,78108,,0,.,0,.,0,.,0,.,4.5,,2.9,,1.6,,0,-,Landkreis,1168681557.4209,212499.209410563
3701,,2025.04,07211,Trier,158889,,0,.,0,.,0,.,0,.,5.4,,3.6,,1.8,,0,-,Kreisfreie Stadt,1220946433.32129,239144.771120695
3702,,2025.04,07143,Westerwaldkreis,143375,,0,.,0,.,0,.,0,.,5.6,,3.7,,2,,0,,Landkreis,990180403.595703,258826.416348373
3703,,2025.04,07141,Rhein-Lahn-Kreis,82776,,0,.,0,.,0,.,0,.,5,,3.2,,1.8,,0,-,Landkreis,781516859.424805,212678.488053315
3704,,2025.04,07140,Rhein-Hunsrück-Kreis,73973,,0,.,0,.,0,.,0,.,4.8,,3.3,,1.5,,0,-,Landkreis,991218488.785156,222923.974650335
3705,,2025.04,07138,Neuwied,125255,,0,.,0,.,0,.,0,.,5,,3,,2,,0,-,Landkreis,627652391.993164,179551.528669657
3706,,2025.04,07137,Mayen-Koblenz,144023,,0,.,0,.,0,.,0,.,5.1,,3.3,,1.9,,0,,Landkreis,816507263.657227,280699.935462887
3707,,2025.04,07135,Cochem-Zell,42940,,0,.,0,.,0,.,0,.,4.6,,3.1,,1.6,,0,,Landkreis,693071688.401367,185715.450794408
3708,,2025.04,07134,Birkenfeld,53326,,0,.,0,.,0,.,0,.,3.4,,2.1,,1.3,,0,-,Landkreis,776624723.824219,174346.642558535
3709,,2025.04,07133,Bad Kreuznach,103918,,0,.,0,.,0,.,0,.,4.8,,3.2,,1.7,,0,-,Landkreis,864147548.796875,190511.509267926
3710,,2025.04,07132,Altenkirchen (Westerwald),87663,,0,.,0,.,0,.,0,.,5,,3.1,,1.9,,0,,Landkreis,641192280.124023,226666.627454279
3711,,2025.04,07131,Ahrweiler,88147,,0,.,0,.,0,.,0,.,4.6,,2.9,,1.8,,0,,Landkreis,787045522.314453,198523.740877045
3712,,2025.04,07111,Koblenz,65059,,0,.,0,.,0,.,0,.,7.5,,4.5,,3.1,,0,,Kreisfreie Stadt,105904244.056641,60287.0431391488
3713,,2025.04,06636,Werra-Meißner-Kreis,63766,,0,.,0,.,0,.,0,.,4.2,,2.9,,1.4,,0,,Landkreis,1024390382.30957,277652.532707859
3714,,2025.04,06635,Waldeck-Frankenberg,107949,,0,.,0,.,0,.,0,.,4.7,,3.3,,1.4,,0,-,Landkreis,1847907077.81836,315498.946529771
3715,,2025.04,06634,Schwalm-Eder-Kreis,123055,,0,.,0,.,0,.,0,.,4.9,,3.5,,1.4,,0,,Landkreis,1539557454.19043,265332.770302823
3716,,2025.04,06633,Kassel,154369,,0,.,0,.,0,.,0,.,5.9,,4,,1.8,,0,,Landkreis,1294912578.55566,372267.148483234
3717,,2025.04,06632,Hersfeld-Rotenburg,81093,,0,.,0,.,0,.,0,.,4.3,,2.9,,1.4,,0,-,Landkreis,1097989054.38477,239660.411478028
3718,,2025.04,06631,Fulda,148698,,0,.,0,.,0,.,0,.,5.2,,3.5,,1.7,,0,-,Landkreis,1381379533.09277,249554.88527543
3719,,2025.04,06611,Kassel,91905,,0,.,0,.,0,.,0,.,6.5,,4,,2.5,,0,,Kreisfreie Stadt,104921361.786133,63284.3782922191
3720,,2025.04,06535,Vogelsbergkreis,74055,,0,.,0,.,0,.,0,.,4.2,,2.8,,1.5,,0,-,Landkreis,1458289489.31641,281352.484060151
3721,,2025.04,06534,Marburg-Biedenkopf,148138,,0,.,0,.,0,.,0,.,4.6,,3.1,,1.5,,0,,Landkreis,1262136369.50879,219577.755636121
3722,,2025.04,06533,Limburg-Weilburg,116374,,0,.,0,.,0,.,0,.,5.6,,3.6,,2.1,,0,,Landkreis,738799141.473633,172150.712110974
3723,,2025.04,06532,Lahn-Dill-Kreis,168395,,0,.,0,.,0,.,0,.,5,,3,,2,,0,,Landkreis,1065703391.12305,219282.031563173
3724,,2025.04,06531,Gießen,159827,,0,.,0,.,0,.,0,.,5.5,,3.4,,2,,0,,Landkreis,855487307.994141,217540.28512267
3725,,2025.04,06440,Wetteraukreis,199546,,0,.,0,.,0,.,0,.,5.6,,3.5,,2.2,,0,,Landkreis,1100715408.88379,263849.646027959
3726,,2025.04,06439,Rheingau-Taunus-Kreis,124152,,0,.,0,.,0,.,0,.,6,,3.9,,2.1,,0,,Landkreis,811919270.723633,202814.412874961
3727,,2025.04,06438,Offenbach,221080,,0,.,0,.,0,.,0,.,5.4,,3.2,,2.2,,0,,Landkreis,356325742.489258,116884.314834115
3728,,2025.04,06437,Odenwaldkreis,64147,,0,.,0,.,0,.,0,.,4.8,,2.9,,1.8,,0,-,Landkreis,624772037.275391,175001.809901493
3729,,2025.04,06436,Main-Taunus-Kreis,182364,,0,.,0,.,0,.,0,.,6,,3.5,,2.5,,0,,Landkreis,221572678.726563,117470.580064287
3730,,2025.04,06435,Main-Kinzig-Kreis,269264,,0,.,0,.,0,.,0,.,4.8,,3,,1.8,,0,,Landkreis,1396882132.06348,301311.443067471
3731,,2025.04,06434,Hochtaunuskreis,166152,,0,.,0,.,0,.,0,.,7.2,,4.2,,3,,0,,Landkreis,480907993.546875,149540.699349362
3732,,2025.04,06433,Groß-Gerau,166928,,0,.,0,.,0,.,0,.,6.8,,4.5,,2.3,,0,,Landkreis,453325723.345703,139558.201442013
3733,,2025.04,06432,Darmstadt-Dieburg,191649,,0,.,0,.,0,.,0,.,6,,3.8,,2.2,,0,,Landkreis,658153392.793945,213944.367990509
3734,,2025.04,06431,Bergstraße,179068,,0,.,0,.,0,.,0,.,5.6,,3.6,,2.1,,0,,Landkreis,718875616.819336,230665.645395089
3735,,2025.04,06414,Wiesbaden,217080,,0,.,0,.,0,.,0,.,12.1,,7.8,,4.3,,0,,Kreisfreie Stadt,203813810.47168,76452.2375274593
3736,,2025.04,06413,Offenbach am Main,60618,,0,.,0,.,0,.,0,.,6.3,,4,,2.2,,0.1,,Kreisfreie Stadt,45319131.9121094,40703.3801450091
3737,,2025.04,06412,Frankfurt am Main,345614,,0,.,0,.,0,.,0,.,9.9,,5.1,,4.7,,0,,Kreisfreie Stadt,248120855.9375,107738.706029347
3738,,2025.04,06411,Darmstadt,73711,,0,.,0,.,0,.,0,.,7.7,,4.7,,3,,0,,Kreisfreie Stadt,122738117.188477,62500.6786556625
3739,,2025.04,05978,Unna,247136,,0,.,0,.,0,.,0,.,5.1,,3.2,,1.9,,0,,Kreis,542824039.868164,199548.421166447
3740,,2025.04,05974,Soest,198512,,0,.,0,.,0,.,0,.,6.1,,4,,2.1,,0,,Kreis,1329390562.89063,220152.441730781
3741,,2025.04,05970,Siegen-Wittgenstein,180527,,0,.,0,.,0,.,0,.,5.4,,3.1,,2.3,,0,,Kreis,1134040384.64648,221838.742179044
3742,,2025.04,05966,Olpe,93044,,0,.,0,.,0,.,0,.,5.5,,3.3,,2.2,,0,-,Kreis,711944622.895508,191915.420333218
3743,,2025.04,05962,Märkischer Kreis,258967,,0,.,0,.,0,.,0,.,4.8,,2.7,,2.1,,0,,Kreis,1060666564.4502,204522.776842104
3744,,2025.04,05958,Hochsauerlandkreis,174155,,0,.,0,.,0,.,0,.,5.3,,3.3,,1.9,,0,-,Kreis,1960082964.80859,346919.353405294
3745,,2025.04,05954,Ennepe-Ruhr-Kreis,204635,,0,.,0,.,0,.,0,.,5.3,,3.2,,2.1,,0,,Kreis,410907296.693359,167823.691284811
3746,,2025.04,05916,Herne,80504,,0,.,0,.,0,.,0,.,3.6,,2,,1.6,,0,,Kreisfreie Stadt,51509648.4521484,39643.8392912932
3747,,2025.04,05915,Hamm,101685,,0,.,0,.,0,.,0,.,4.5,,2.9,,1.6,,0,,Kreisfreie Stadt,227720983.532227,93458.3884714458
3748,,2025.04,05914,Hagen,100612,,0,.,0,.,0,.,0,.,4.3,,2.4,,1.8,,0,,Kreisfreie Stadt,160316710.286133,85106.2549919045
3749,,2025.04,05913,Dortmund,302564,,0,.,0,.,0,.,0,.,5.9,,3.5,,2.4,,0,,Kreisfreie Stadt,279662802.373047,98303.0284601238
3750,,2025.04,05911,Bochum,213956,,0,.,0,.,0,.,0,.,5.5,,3.3,,2.1,,0,,Kreisfreie Stadt,144803780.694336,64025.0873014356
3751,,2025.04,05774,Paderborn,192622,,0,.,0,.,0,.,0,.,6.5,,4.6,,2,,0,,Kreis,1246777280.7627,204588.642993027
3752,,2025.04,05770,Minden-Lübbecke,210900,,0,.,0,.,0,.,0,.,5.5,,3.8,,1.7,,0,-,Kreis,1151990376.89063,261061.025532273
3753,,2025.04,05766,Lippe,222859,,0,.,0,.,0,.,0,.,5.4,,3.6,,1.8,,0,-,Kreis,1245878538.81934,235200.589696812
3754,,2025.04,05762,Höxter,92959,,0,.,0,.,0,.,0,.,5.2,,3.5,,1.7,,0,-,Kreis,1200707448.32422,216307.222826842
3755,,2025.04,05758,Herford,168493,,0,.,0,.,0,.,0,.,5.9,,3.9,,2,,0,-,Kreis,450726367.121094,152051.688893975
3756,,2025.04,05754,Gütersloh,241993,,0,.,0,.,0,.,0,.,6,,4,,2,,0,,Kreis,969612643.183594,211345.177555524
3757,,2025.04,05711,Bielefeld,182615,,0,.,0,.,0,.,0,.,7,,4.9,,2.1,,0,,Kreisfreie Stadt,259184268.935547,98214.7178138864
3758,,2025.04,05570,Warendorf,181143,,0,.,0,.,0,.,0,.,5.1,,3.6,,1.5,,0,,Kreis,1318578231.76758,239020.016740479
3759,,2025.04,05566,Steinfurt,286535,,0,.,0,.,0,.,0,.,6,,4.2,,1.8,,0,,Kreis,1795416420.94824,253521.367273162
3760,,2025.04,05562,Recklinghausen,366204,,0,.,0,.,0,.,0,.,4.4,,2.6,,1.7,,0,,Kreis,761405655.898438,195517.150872042
3761,,2025.04,05558,Coesfeld,146739,,0,.,0,.,0,.,0,.,5.9,,4.1,,1.7,,0,,Kreis,1112317887.10254,218543.143405152
3762,,2025.04,05554,Borken,238858,,0,.,0,.,0,.,0,.,6.6,,4.6,,2,,0,,Kreis,1421361804.71777,271032.558216467
3763,,2025.04,05515,Münster,152513,,0,.,0,.,0,.,0,.,7.5,,4.9,,2.6,,0,,Kreisfreie Stadt,303536651.791016,104146.926446906
3764,,2025.04,05513,Gelsenkirchen,127476,,0,.,0,.,0,.,0,.,4,,2.3,,1.7,,0,,Kreisfreie Stadt,105321074.493164,57216.534225466
3765,,2025.04,05512,Bottrop,70416,,0,.,0,.,0,.,0,.,4.5,,2.7,,1.7,,0,,Kreisfreie Stadt,100248242.984375,57675.0683142118
3766,,2025.04,05382,Rhein-Sieg-Kreis,379785,,0,.,0,.,0,.,0,.,5.4,,3.4,,2,,0,,Kreis,1152349724.42285,315908.196767241
3767,,2025.04,05378,Rheinisch-Bergischer Kreis,186826,,0,.,0,.,0,.,0,.,6.2,,3.9,,2.3,,0,,Kreis,438100913.793945,166197.113748431
3768,,2025.04,05374,Oberbergischer Kreis,185811,,0,.,0,.,0,.,0,.,5.4,,3.4,,2,,0,-,Kreis,918229534.572266,223732.776465669
3769,,2025.04,05370,Heinsberg,171089,,0,.,0,.,0,.,0,.,5,,3.1,,1.8,,0,,Kreis,627392069.150391,166228.096673107
3770,,2025.04,05366,Euskirchen,161233,,0,.,0,.,0,.,0,.,7,,5.2,,1.9,,0,-,Kreis,1250281279.92773,290405.800465605
3771,,2025.04,05362,Rhein-Erft-Kreis,293083,,0,.,0,.,0,.,0,.,5.4,,3.2,,2.1,,0,,Kreis,703016562.010742,194838.575207755
3772,,2025.04,05358,Düren,171473,,0,.,0,.,0,.,0,.,5.2,,3.3,,1.9,,0,,Kreis,940371029.933594,239403.533273169
3773,,2025.04,05334,Städteregion Aachen,304074,,0,.,0,.,0,.,0,.,6,,3.7,,2.2,,0,,Kreis,704441130.219727,270249.499551821
3774,,2025.04,05316,Leverkusen,93514,,0,.,0,.,0,.,0,.,6.2,,3.5,,2.7,,0,,Kreisfreie Stadt,78780864.5332031,52325.2401412013
3775,,2025.04,05315,Köln,501154,,0,.,0,.,0,.,0,.,7.9,,4.3,,3.6,,0,,Kreisfreie Stadt,406768174.274414,122756.879624915
3776,,2025.04,05314,Bonn,175568,,0,.,0,.,0,.,0,.,8.3,,5.8,,2.5,,0,,Kreisfreie Stadt,141610673.71582,65631.2890915728
3777,,2025.04,05170,Wesel,298805,,0,.,0,.,0,.,0,.,5.1,,3.3,,1.8,,0,,Kreis,1042254695.52344,236903.50644036
3778,,2025.04,05166,Viersen,195802,,0,.,0,.,0,.,0,.,5.1,,3.4,,1.7,,0,,Kreis,563607848.28418,149013.658961646
3779,,2025.04,05162,Rhein-Kreis Neuss,281785,,0,.,0,.,0,.,0,.,5.8,,3.6,,2.2,,0,,Kreis,576484962.40332,171376.374023709
3780,,2025.04,05158,Mettmann,304508,,0,.,0,.,0,.,0,.,6.4,,3.9,,2.5,,0,,Kreis,407951393.454102,178740.284376613
3781,,2025.04,05154,Kleve,205132,,0,.,0,.,0,.,0,.,4.9,,3.1,,1.8,,0,,Kreis,1233480468.46582,273797.765568249
3782,,2025.04,05124,Wuppertal,179703,,0,.,0,.,0,.,0,.,5.3,,3.2,,2.2,,0,,Kreisfreie Stadt,168439928.404297,87139.7015602039
3783,,2025.04,05122,Solingen,93325,,0,.,0,.,0,.,0,.,5.9,,3.8,,2.1,,0,,Kreisfreie Stadt,88995921.1865234,60702.010830767
3784,,2025.04,05120,Remscheid,64961,,0,.,0,.,0,.,0,.,5.4,,3.2,,2.3,,0,,Kreisfreie Stadt,74084053.7412109,46566.6416204877
3785,,2025.04,05119,Oberhausen,115080,,0,.,0,.,0,.,0,.,4.3,,2.5,,1.8,,0,,Kreisfreie Stadt,77442381.3349609,47165.0388934437
3786,,2025.04,05117,Mülheim an der Ruhr,96409,,0,.,0,.,0,.,0,.,5.5,,3.2,,2.3,,0,-,Kreisfreie Stadt,91288609.5791016,47771.7305814314
3787,,2025.04,05116,Mönchengladbach,145299,,0,.,0,.,0,.,0,.,5.1,,3.1,,2.1,,0,,Kreisfreie Stadt,170626170.893555,84169.1695040052
3788,,2025.04,05114,Krefeld,123693,,0,.,0,.,0,.,0,.,5,,3,,2,,0,,Kreisfreie Stadt,136588715.342773,63616.6954308927
3789,,2025.04,05113,Essen,299887,,0,.,0,.,0,.,0,.,6.4,,3.6,,2.8,,0,,Kreisfreie Stadt,210457058.47168,81440.8394355414
3790,,2025.04,05112,Duisburg,242369,,0,.,0,.,0,.,0,.,3.9,,2.3,,1.6,,0,,Kreisfreie Stadt,233192439.330078,95785.9402818368
3791,,2025.04,05111,Düsseldorf,327815,,0,.,0,.,0,.,0,.,10,,5.4,,4.6,,0,,Kreisfreie Stadt,217546071.861328,112285.366144823
3792,,2025.04,16077,Altenburger Land,51269,,0,.,0,.,0,.,0,.,2.6,,1.3,,1.3,,0,,Landkreis,569495813.860352,159208.499301686
3793,,2025.04,16076,Greiz,59959,,0,.,0,.,0,.,0,.,2.5,,1.5,,1.1,,0,-,Landkreis,846194830.068359,288937.795198219
3794,,2025.04,16075,Saale-Orla-Kreis,50090,,0,.,0,.,0,.,0,.,2.3,,1.3,,1,,0,-,Landkreis,1151738096.22656,255786.812284021
3795,,2025.04,16074,Saale-Holzland-Kreis,49892,,0,.,0,.,0,.,0,.,3.3,,2,,1.3,,0,-,Landkreis,815508565.787109,235948.734812389
3796,,2025.04,16073,Saalfeld-Rudolstadt,59850,,0,.,0,.,0,.,0,.,2.9,,1.6,,1.2,,0,-,Landkreis,1008735679.04199,289884.18985615
3797,,2025.04,16072,Sonneberg,34498,,0,.,0,.,0,.,0,.,2.8,,1.4,,1.3,,0,,Landkreis,460681672.719727,161297.158075011
3798,,2025.04,16071,Weimarer Land,49619,,0,.,0,.,0,.,0,.,3.5,,2.1,,1.4,,0,,Landkreis,804514564.327148,270201.373476309
3799,,2025.04,16070,Ilm-Kreis,59001,,0,.,0,.,0,.,0,.,3.6,,2.3,,1.4,,0,-,Landkreis,803588201.576172,223009.896391042
3800,,2025.04,16069,Hildburghausen,38993,,0,.,0,.,0,.,0,.,2.7,,1.7,,1,,0,-,Landkreis,937768356.192383,266027.275919908
3801,,2025.04,16068,Sömmerda,40725,,0,.,0,.,0,.,0,.,2.9,,1.7,,1.2,,0,-,Landkreis,807021507.053711,231271.168225578
3802,,2025.04,16067,Gotha,76658,,0,.,0,.,0,.,0,.,3.4,,1.9,,1.4,,0,,Landkreis,935833051.850586,201383.912823013
3803,,2025.04,16066,Schmalkalden-Meiningen,76309,,0,.,0,.,0,.,0,.,2.9,,1.6,,1.3,,0,,Landkreis,1251050645.04785,289746.940316977
3804,,2025.04,16065,Kyffhäuserkreis,44098,,0,.,0,.,0,.,0,.,2.3,,1.3,,1,,0,-,Landkreis,1037770304.01953,273300.806525077
3805,,2025.04,16064,Unstrut-Hainich-Kreis,53948,,0,.,0,.,0,.,0,.,3.7,,2.1,,1.6,,0,-,Landkreis,931296290.730469,220159.559866101
3806,,2025.04,16063,Wartburgkreis,95512,,0,.,0,.,0,.,0,.,3,,1.7,,1.3,,0,-,Landkreis,1369998788.58398,359739.228310871
3807,,2025.04,16062,Nordhausen,47351,,0,.,0,.,0,.,0,.,2.8,,1.6,,1.2,,0,,Landkreis,714291367.835938,185722.419164402
3808,,2025.04,16061,Eichsfeld,65112,,0,.,0,.,0,.,0,.,4.1,,2.6,,1.6,,0,-,Landkreis,990529967.28418,211025.563666031
3809,,2025.04,16055,Weimar,30352,,0,.,0,.,0,.,0,.,4.7,,3,,1.7,,0,,Kreisfreie Stadt,84371242.5537109,63917.4037953295
3810,,2025.04,16054,Suhl,19381,,0,.,0,.,0,.,0,.,3.3,,1.9,,1.4,,0,-,Kreisfreie Stadt,142863361.462891,89565.7719743408
3811,,2025.04,16053,Jena,44899,,0,.,0,.,0,.,0,.,4.6,,2.8,,1.8,,0,-,Kreisfreie Stadt,114916066.803711,69161.7063041314
3812,,2025.04,16052,Gera,45954,,0,.,0,.,0,.,0,.,3.1,,1.8,,1.3,,0,,Kreisfreie Stadt,152224963.852539,75323.7031332036
3813,,2025.04,16051,Erfurt,98438,,0,.,0,.,0,.,0,.,4.6,,2.9,,1.7,,0,,Kreisfreie Stadt,270412481.84668,106760.438648397
3814,,2025.04,15091,Wittenberg,75821,,0,.,0,.,0,.,0,.,2.6,,1.3,,1.3,,0,-,Landkreis,1942799199.44336,288331.940418521
3815,,2025.04,15090,Stendal,63960,,0,.,0,.,0,.,0,.,2.6,,1.6,,1,,0,-,Landkreis,2437018945.38281,388099.364972118
3816,,2025.04,15089,Salzlandkreis,104997,,0,.,0,.,0,.,0,.,2.4,,1.3,,1.1,,0,-,Landkreis,1434906372.00391,264035.613726712
3817,,2025.04,15088,Saalekreis,116678,,0,.,0,.,0,.,0,.,3.1,,1.7,,1.4,,0,-,Landkreis,1440237602.55957,371586.717822968
3818,,2025.04,15087,Mansfeld-Südharz,79364,,0,.,0,.,0,.,0,.,2.3,,1.4,,1,,0,-,Landkreis,1456203560.97266,331487.311274932
3819,,2025.04,15086,Jerichower Land,54982,,0,.,0,.,0,.,0,.,3,,1.8,,1.2,,0,-,Landkreis,1589285902.17285,247755.483552346
3820,,2025.04,15085,Harz,123767,,0,.,0,.,0,.,0,.,3,,1.7,,1.3,,0,-,Landkreis,2108206001.10352,325892.061240799
3821,,2025.04,15084,Burgenlandkreis,102875,,0,.,0,.,0,.,0,.,2.7,,1.5,,1.3,,0,,Landkreis,1419035819.56836,295284.252349554
3822,,2025.04,15083,Börde,107932,,0,.,0,.,0,.,0,.,2.9,,1.8,,1.1,,0,,Landkreis,2376921623.70215,371548.321413939
3823,,2025.04,15082,Anhalt-Bitterfeld,93322,,0,.,0,.,0,.,0,.,2.6,,1.5,,1.2,,0,-,Landkreis,1460781901.5127,339057.665260413
3824,,2025.04,15081,Altmarkkreis Salzwedel,50582,,0,.,0,.,0,.,0,.,2.8,,1.7,,1.1,,0,-,Landkreis,2303788808.49023,303821.084721262
3825,,2025.04,15003,Magdeburg,112304,,0,.,0,.,0,.,0,.,4.1,,2.3,,1.8,,0,,Kreisfreie Stadt,200999393.913086,84386.2998201417
3826,,2025.04,15002,Halle (Saale),94521,,0,.,0,.,0,.,0,.,3.2,,1.9,,1.3,,0,,Kreisfreie Stadt,135824688.286133,77730.5455395086
3827,,2025.04,15001,Dessau-Roßlau,41437,,0,.,0,.,0,.,0,.,3.3,,1.9,,1.4,,0,-,Kreisfreie Stadt,246249160.496094,115997.461325231
3828,,2025.04,14730,Nordsachsen,118979,,0,.,0,.,0,.,0,.,3.1,,1.7,,1.4,,0,,Landkreis,2027548084.84375,410437.981496651
3829,,2025.04,14729,Leipzig,158269,,0,.,0,.,0,.,0,.,3.5,,2.1,,1.4,,0,,Landkreis,1651662788.13379,340686.753048234
3830,,2025.04,14713,Leipzig,234037,,0,.,0,.,0,.,0,.,4.7,,2.7,,1.9,,0,,Kreisfreie Stadt,298922201.506836,120864.657877298
3831,,2025.04,14628,Sächsische Schweiz-Osterzgebirge,147151,,0,.,0,.,0,.,0,.,2.9,,1.7,,1.2,,0,,Landkreis,1653732867.60742,288402.833770503
3832,,2025.04,14627,Meißen,141630,,0,.,0,.,0,.,0,.,2.9,,1.7,,1.3,,0,,Landkreis,1457361541.51758,262261.856107648
3833,,2025.04,14626,Görlitz,143589,,0,.,0,.,0,.,0,.,2,,1.1,,0.9,,0,,Landkreis,2111152045.11914,342510.820123424
3834,,2025.04,14625,Bautzen,182045,,0,.,0,.,0,.,0,.,2.7,,1.5,,1.2,,0,,Landkreis,2395636437.77637,346336.618967316
3835,,2025.04,14612,Dresden,229708,,0,.,0,.,0,.,0,.,4.3,,2.4,,1.8,,0,,Kreisfreie Stadt,328095164.584961,126184.878956216
3836,,2025.04,14524,Zwickau,186874,,0,.,0,.,0,.,0,.,3.2,,1.9,,1.3,,0,,Landkreis,949635037.395508,236921.194806854
3837,,2025.04,14523,Vogtlandkreis,136782,,0,.,0,.,0,.,0,.,2.6,,1.5,,1.2,,0,-,Landkreis,1412302685.4502,311749.172671271
3838,,2025.04,14522,Mittelsachsen,180828,,0,.,0,.,0,.,0,.,2.6,,1.5,,1.1,,0,,Landkreis,2114833220.54395,370846.696636421
3839,,2025.04,14521,Erzgebirgskreis,203225,,0,.,0,.,0,.,0,.,2.6,,1.5,,1.1,,0,-,Landkreis,1826997137.63379,316907.024888456
3840,,2025.04,14511,Chemnitz,126251,,0,.,0,.,0,.,0,.,3.9,,2.3,,1.6,,0,,Kreisfreie Stadt,221028414.417969,95998.2589097507
3841,,2025.04,13076,Ludwigslust-Parchim,130619,,0,.,0,.,0,.,0,.,2.5,,1.5,,1,,0,-,Landkreis,4767205837.64355,544987.623152899
3842,,2025.04,13075,Vorpommern-Greifswald,127915,,0,.,0,.,0,.,0,.,2.4,,1.4,,1,,0,-,Landkreis,3951628526.83691,786666.150434142
3843,,2025.04,13074,Nordwestmecklenburg,93123,,0,.,0,.,0,.,0,.,3.2,,2.1,,1.1,,0,-,Landkreis,2125833400.80469,421255.501799993
3844,,2025.04,13073,Vorpommern-Rügen,126982,,0,.,0,.,0,.,0,.,2.7,,1.6,,1.1,,0,,Landkreis,3214113963.38477,1089521.87046376
3845,,2025.04,13072,Rostock,130750,,0,.,0,.,0,.,0,.,3.4,,2,,1.3,,0,,Landkreis,3429396493.29785,470885.235429407
3846,,2025.04,13071,Mecklenburgische Seenplatte,147400,,0,.,0,.,0,.,0,.,2.5,,1.4,,1.1,,0,-,Landkreis,5495373409.96094,516564.114817789
3847,,2025.04,13004,Schwerin,45352,,0,.,0,.,0,.,0,.,3.8,,2.3,,1.5,,0,-,Kreisfreie Stadt,130106434.195313,69520.7229903608
3848,,2025.04,13003,Rostock,86387,,0,.,0,.,0,.,0,.,3.7,,2.2,,1.5,,0,,Kreisfreie Stadt,181477390.371094,88507.9712348811
3849,,2025.04,12073,Uckermark,68549,,0,.,0,.,0,.,0,.,2.6,,1.6,,1,,0,,Landkreis,3076108441.98047,392821.33775274
3850,,2025.04,12072,Teltow-Fläming,110939,,0,.,0,.,0,.,0,.,4.5,,2.8,,1.7,,0,-,Landkreis,2103910816.79297,319624.700377854
3851,,2025.04,12071,Spree-Neiße,71290,,0,.,0,.,0,.,0,.,2.4,,1.4,,1.1,,0,-,Landkreis,1657098234.44043,349641.41206109
3852,,2025.04,12070,Prignitz,46136,,0,.,0,.,0,.,0,.,2.5,,1.3,,1.2,,0,-,Landkreis,2138707957.80859,314721.91601579
3853,,2025.04,12069,Potsdam-Mittelmark,135139,,0,.,0,.,0,.,0,.,5.1,,3.3,,1.8,,0,,Landkreis,2593033934.44922,472327.251125324
3854,,2025.04,12068,Ostprignitz-Ruppin,59637,,0,.,0,.,0,.,0,.,2.8,,1.6,,1.1,,0,-,Landkreis,2525923984.48242,381275.632236586
3855,,2025.04,12067,Oder-Spree,110593,,0,.,0,.,0,.,0,.,3.6,,2.3,,1.3,,0,-,Landkreis,2257290888.04004,375644.78503136
3856,,2025.04,12066,Oberspreewald-Lausitz,65363,,0,.,0,.,0,.,0,.,2.3,,1.3,,1.1,,0,-,Landkreis,1223208108.22656,254326.525952779
3857,,2025.04,12065,Oberhavel,128140,,0,.,0,.,0,.,0,.,4.6,,2.8,,1.8,,0,,Landkreis,1807834068.39551,360530.244809173
3858,,2025.04,12064,Märkisch-Oderland,122964,,0,.,0,.,0,.,0,.,3.8,,2.3,,1.6,,0,,Landkreis,2157546355.48535,315778.884374255
3859,,2025.04,12063,Havelland,99417,,0,.,0,.,0,.,0,.,4.7,,3,,1.8,,0,,Landkreis,1727373166.76465,342971.431508018
3860,,2025.04,12062,Elbe-Elster,63653,,0,.,0,.,0,.,0,.,2.2,,1.3,,1,,0,,Landkreis,1899997386.25391,305918.130224615
3861,,2025.04,12061,Dahme-Spreewald,110945,,0,.,0,.,0,.,0,.,4.4,,2.7,,1.8,,0,,Landkreis,2275819756.17969,436033.631253628
3862,,2025.04,12060,Barnim,112360,,0,.,0,.,0,.,0,.,4.2,,2.6,,1.6,,0,,Landkreis,1481005522.70801,341342.860018858
3863,,2025.04,12054,Potsdam,77356,,0,.,0,.,0,.,0,.,5.2,,3,,2.2,,0,,Kreisfreie Stadt,186950957.337891,96418.8943279986
3864,,2025.04,12053,Frankfurt (Oder),28254,,0,.,0,.,0,.,0,.,3.1,,1.7,,1.4,,0,-,Kreisfreie Stadt,147780070.31543,66375.9750375522
3865,,2025.04,12052,Cottbus,48468,,0,.,0,.,0,.,0,.,3.3,,1.8,,1.5,,0,-,Kreisfreie Stadt,165033344.552734,87657.0910954755
3866,,2025.04,12051,Brandenburg an der Havel,35015,,0,.,0,.,0,.,0,.,3.9,,2.2,,1.6,,0,-,Kreisfreie Stadt,229536571.996094,141971.594036605
3867,,2025.04,11000,Berlin,1227836,,0,.,0,.,0,.,0,.,5.9,,3.6,,2.4,,0,,Kreisfreie Stadt,891789356.085938,222564.759502733
3868,,2025.04,10046,St. Wendel,62513,,0,.,0,.,0,.,0,.,4.5,,2.8,,1.7,,0,-,Landkreis,476354283.110352,146866.901261139
3869,,2025.04,10045,Saarpfalz-Kreis,99739,,0,.,0,.,0,.,0,.,4.9,,3,,1.9,,0,,Landkreis,419096935.567383,159211.807111928
3870,,2025.04,10044,Saarlouis,135523,,0,.,0,.,0,.,0,.,4.6,,2.7,,1.9,,0,,Landkreis,458985903.306641,158271.168504276
3871,,2025.04,10043,Neunkirchen,87488,,0,.,0,.,0,.,0,.,4.2,,2.5,,1.7,,0,-,Landkreis,248117924.852539,107822.664579199
3872,,2025.04,10042,Merzig-Wadern,73711,,0,.,0,.,0,.,0,.,4.1,,2.6,,1.5,,0,-,Landkreis,556979507.769531,154721.880097438
3873,,2025.04,10041,Regionalverband Saarbrücken,194049,,0,.,0,.,0,.,0,.,4.8,,2.8,,2,,0,,Landkreis,411489484.970703,160799.877878205
3874,,2025.04,09780,Oberallgäu,106037,,0,.,0,.,0,.,0,.,5.1,,3.7,,1.5,,0,-,Landkreis,1528353119.51855,341969.342105912
3875,,2025.04,09779,Donau-Ries,96415,,0,.,0,.,0,.,0,.,5,,3.3,,1.7,,0,-,Landkreis,1274179146.9248,334855.877078285
3876,,2025.04,09778,Unterallgäu,105645,,0,.,0,.,0,.,0,.,4.6,,3.2,,1.4,,0,-,Landkreis,1229882513.49414,326412.465520539
3877,,2025.04,09777,Ostallgäu,97570,,0,.,0,.,0,.,0,.,5.1,,3.6,,1.5,,0,-,Landkreis,1393283604.78418,408695.960385229
3878,,2025.04,09776,Lindau (Bodensee),54590,,0,.,0,.,0,.,0,.,5,,3.4,,1.6,,0,,Landkreis,323241962.030273,143695.537883892
3879,,2025.04,09775,Neu-Ulm,115648,,0,.,0,.,0,.,0,.,5.1,,3.3,,1.8,,0,,Landkreis,515671085.181641,148988.874247824
3880,,2025.04,09774,Günzburg,89464,,0,.,0,.,0,.,0,.,5.2,,3.4,,1.8,,0,-,Landkreis,763345366.449219,232954.134000113
3881,,2025.04,09773,Dillingen a.d.Donau,69008,,0,.,0,.,0,.,0,.,4.3,,2.7,,1.6,,0,-,Landkreis,791686690.830078,242655.202666034
3882,,2025.04,09772,Augsburg,174551,,0,.,0,.,0,.,0,.,5.7,,3.7,,2,,0,,Landkreis,1071521962.7207,309028.860969014
3883,,2025.04,09771,Aichach-Friedberg,91465,,0,.,0,.,0,.,0,.,5.5,,3.8,,1.7,,0,,Landkreis,779820964.371094,226106.141811333
3884,,2025.04,09764,Memmingen,27904,,0,.,0,.,0,.,0,.,5.1,,3.2,,1.9,,0,-,Kreisfreie Stadt,69807842.7167969,63228.1848011595
3885,,2025.04,09763,Kempten (Allgäu),41053,,0,.,0,.,0,.,0,.,6.8,,4.9,,1.9,,0,,Kreisfreie Stadt,63248638.9882813,53450.3530222877
3886,,2025.04,09762,Kaufbeuren,26988,,0,.,0,.,0,.,0,.,4.6,,3.1,,1.5,,0,-,Kreisfreie Stadt,40431942.4960938,39470.9962520316
3887,,2025.04,09761,Augsburg,141777,,0,.,0,.,0,.,0,.,5.4,,3.1,,2.2,,0,,Kreisfreie Stadt,146459229.583984,86297.542663465
3888,,2025.04,09679,Würzburg,109483,,0,.,0,.,0,.,0,.,6,,4.2,,1.8,,0,,Landkreis,967155584.087891,337613.040360294
3889,,2025.04,09678,Schweinfurt,79740,,0,.,0,.,0,.,0,.,5.3,,3.8,,1.5,,0,,Landkreis,841233412.072266,324997.501418006
3890,,2025.04,09677,Main-Spessart,87739,,0,.,0,.,0,.,0,.,4.9,,3.2,,1.7,,0,-,Landkreis,1321991667.66113,287380.964912033
3891,,2025.04,09676,Miltenberg,87302,,0,.,0,.,0,.,0,.,4.7,,2.8,,1.9,,0,,Landkreis,715285437.052734,225618.089550047
3892,,2025.04,09675,Kitzingen,64143,,0,.,0,.,0,.,0,.,5.4,,3.9,,1.5,,0,,Landkreis,683903707.851563,201499.965144985
3893,,2025.04,09674,Haßberge,60197,,0,.,0,.,0,.,0,.,4.5,,3.3,,1.2,,0,-,Landkreis,956502900.063477,250394.505232398
3894,,2025.04,09673,Rhön-Grabfeld,56137,,0,.,0,.,0,.,0,.,4.8,,3.4,,1.4,,0,-,Landkreis,1021624976.38477,256743.758245581
3895,,2025.04,09672,Bad Kissingen,72770,,0,.,0,.,0,.,0,.,4.6,,3.3,,1.3,,0,-,Landkreis,1137656959.4668,279211.62790441
3896,,2025.04,09671,Aschaffenburg,120325,,0,.,0,.,0,.,0,.,5.9,,3.9,,2,,0,,Landkreis,698932681.59375,229374.257908033
3897,,2025.04,09663,Würzburg,64456,,0,.,0,.,0,.,0,.,6.5,,4.2,,2.3,,0,,Kreisfreie Stadt,87764401.9951172,65259.0145445697
3898,,2025.04,09662,Schweinfurt,30108,,0,.,0,.,0,.,0,.,7.6,,3.8,,3.9,,0,-,Kreisfreie Stadt,35705732.7753906,39633.719962486
3899,,2025.04,09661,Aschaffenburg,44569,,0,.,0,.,0,.,0,.,8.6,,5.6,,3,,0,,Kreisfreie Stadt,62023548.3466797,50412.0037044716
3900,,2025.04,09577,Weißenburg-Gunzenhausen,65195,,0,.,0,.,0,.,0,.,4.8,,3.4,,1.4,,0,,Landkreis,970267811.857422,223083.568343369
3901,,2025.04,09576,Roth,90017,,0,.,0,.,0,.,0,.,5.2,,3.5,,1.7,,0,,Landkreis,895175763.526367,300336.063639876
3902,,2025.04,09575,Neustadt a.d.Aisch-Bad Windsheim,70660,,0,.,0,.,0,.,0,.,5.3,,3.8,,1.5,,0,,Landkreis,1267945156.98633,286565.424246564
3903,,2025.04,09574,Nürnberger Land,113754,,0,.,0,.,0,.,0,.,5.7,,3.9,,1.7,,0,,Landkreis,797630947.844727,280037.722454563
3904,,2025.04,09573,Fürth,78829,,0,.,0,.,0,.,0,.,5.4,,3.7,,1.7,,0,,Landkreis,307104515.246094,119071.936100924
3905,,2025.04,09572,Erlangen-Höchstadt,95466,,0,.,0,.,0,.,0,.,7.9,,5.4,,2.5,,0,,Landkreis,564516798.948242,302003.323956942
3906,,2025.04,09571,Ansbach,131251,,0,.,0,.,0,.,0,.,4.9,,3.4,,1.5,,0,,Landkreis,1972780199.8584,438171.105364346
3907,,2025.04,09565,Schwabach,26395,,0,.,0,.,0,.,0,.,5.6,,3.4,,2.2,,0,-,Kreisfreie Stadt,40825280.7548828,44392.3601544875
3908,,2025.04,09564,Nürnberg,248554,,0,.,0,.,0,.,0,.,6,,3.8,,2.2,,0,,Kreisfreie Stadt,187671476.236328,138424.259082801
3909,,2025.04,09563,Fürth,64887,,0,.,0,.,0,.,0,.,5.2,,3.4,,1.8,,0,,Kreisfreie Stadt,63347123.8447266,45995.1390193326
3910,,2025.04,09562,Erlangen,56392,,0,.,0,.,0,.,0,.,6.4,,4.1,,2.3,,0,,Kreisfreie Stadt,78014690.5429688,53139.0900158128
3911,,2025.04,09561,Ansbach,25954,,0,.,0,.,0,.,0,.,5.4,,3.4,,1.9,,0,-,Kreisfreie Stadt,99853580.3564453,70278.7303360335
3912,,2025.04,09479,Wunsiedel i.Fichtelgebirge,47830,,0,.,0,.,0,.,0,.,4.2,,2.6,,1.7,,0,-,Landkreis,606192311.765625,147427.252500402
3913,,2025.04,09478,Lichtenfels,46013,,0,.,0,.,0,.,0,.,3.8,,2.6,,1.2,,0,-,Landkreis,519676599.529297,188339.943949693
3914,,2025.04,09477,Kulmbach,50889,,0,.,0,.,0,.,0,.,4.5,,3.1,,1.4,,0,,Landkreis,658004334.990234,203657.347389188
3915,,2025.04,09476,Kronach,46147,,0,.,0,.,0,.,0,.,3.9,,2.5,,1.4,,0,,Landkreis,651475772.542969,195680.596667354
3916,,2025.04,09475,Hof,64859,,0,.,0,.,0,.,0,.,4.4,,2.6,,1.8,,0,-,Landkreis,893663689.371094,293042.491814798
3917,,2025.04,09474,Forchheim,79884,,0,.,0,.,0,.,0,.,5.1,,3.6,,1.5,,0,,Landkreis,642921296.804688,202014.345609455
3918,,2025.04,09473,Coburg,60418,,0,.,0,.,0,.,0,.,4.7,,3.2,,1.6,,0,,Landkreis,591020889.209961,265614.514307051
3919,,2025.04,09472,Bayreuth,73265,,0,.,0,.,0,.,0,.,4.3,,3,,1.4,,0,,Landkreis,1273584205.2207,386106.994410095
3920,,2025.04,09471,Bamberg,104881,,0,.,0,.,0,.,0,.,4.4,,3.2,,1.3,,0,,Landkreis,1166948004.1875,363511.905725181
3921,,2025.04,09464,Hof,26373,,0,.,0,.,0,.,0,.,4.8,,2.7,,2.1,,0,,Kreisfreie Stadt,58159802.2382813,54718.4550792217
3922,,2025.04,09463,Coburg,25349,,0,.,0,.,0,.,0,.,5.8,,3.8,,2,,0,-,Kreisfreie Stadt,48017323.6835938,47861.9792022719
3923,,2025.04,09462,Bayreuth,41070,,0,.,0,.,0,.,0,.,7.7,,4.4,,3.3,,0,,Kreisfreie Stadt,67008634.3730469,64736.4199248782
3924,,2025.04,09461,Bamberg,41316,,0,.,0,.,0,.,0,.,5.4,,3.7,,1.7,,0,-,Kreisfreie Stadt,54976414.7333984,40927.3519722638
3925,,2025.04,09377,Tirschenreuth,49836,,0,.,0,.,0,.,0,.,4.1,,2.6,,1.6,,0,-,Landkreis,1084534913.91406,229088.470696812
3926,,2025.04,09376,Schwandorf,105650,,0,.,0,.,0,.,0,.,4.5,,3,,1.5,,0,-,Landkreis,1458425984.95898,347575.996306894
3927,,2025.04,09375,Regensburg,133310,,0,.,0,.,0,.,0,.,5.5,,3.9,,1.6,,0,,Landkreis,1393030845.39941,411789.418124436
3928,,2025.04,04012,Bremerhaven,52645,,0,.,0,.,0,.,0,.,4.3,,2.5,,1.8,,0,,Kreisfreie Stadt,94128150.2773438,77653.3498236271
3929,,2025.04,04011,Bremen,248627,,0,.,0,.,0,.,0,.,5.3,,3.1,,2.2,,0,,Kreisfreie Stadt,326188860.736328,152668.942381665
3930,,2025.04,03462,Wittmund,37992,,0,.,0,.,0,.,0,.,3.5,,2.3,,1.1,,0,-,Landkreis,660805508.28125,237460.49211554
3931,,2025.04,03461,Wesermarsch,55293,,0,.,0,.,0,.,0,.,4.3,,2.8,,1.5,,0,-,Landkreis,827952082.020508,201926.225735977
3932,,2025.04,03460,Vechta,93516,,0,.,0,.,0,.,0,.,6.7,,4.6,,2.2,,0,,Landkreis,813816410.000977,175258.930309861
3933,,2025.04,03459,Osnabrück,239852,,0,.,0,.,0,.,0,.,5.5,,3.8,,1.7,,0,,Landkreis,2121066219.41406,375663.605339353
3934,,2025.04,03458,Oldenburg,87751,,0,.,0,.,0,.,0,.,5.4,,3.6,,1.7,,0,,Landkreis,1065025726.70703,198207.041247946
3935,,2025.04,03457,Leer,108258,,0,.,0,.,0,.,0,.,4.1,,2.9,,1.3,,0,,Landkreis,1089662558.6543,230485.427283503
3936,,2025.04,03456,Grafschaft Bentheim,89573,,0,.,0,.,0,.,0,.,6.3,,4.2,,2.1,,0,,Landkreis,982099052.395508,194064.715881315
3937,,2025.04,03455,Friesland,68240,,0,.,0,.,0,.,0,.,4.6,,3.2,,1.5,,0,,Landkreis,618912788.368164,207826.195154195
3938,,2025.04,03454,Emsland,215389,,0,.,0,.,0,.,0,.,6,,4.2,,1.8,,0,,Landkreis,2883746490.64648,300655.969692117
3939,,2025.04,03453,Cloppenburg,109407,,0,.,0,.,0,.,0,.,5.3,,3.6,,1.7,,0,,Landkreis,1421047102.89844,228211.076254937
3940,,2025.04,03452,Aurich,121984,,0,.,0,.,0,.,0,.,4.3,,3,,1.3,,0,-,Landkreis,1298652890.11816,359604.750190608
3941,,2025.04,03451,Ammerland,83473,,0,.,0,.,0,.,0,.,5.2,,3.6,,1.6,,0,-,Landkreis,730131105.62207,153874.205387695
3942,,2025.04,03405,Wilhelmshaven,40431,,0,.,0,.,0,.,0,.,3.5,,2,,1.5,,0,,Kreisfreie Stadt,108248172.838867,56249.714135824
3943,,2025.04,03404,Osnabrück,89557,,0,.,0,.,0,.,0,.,6.9,,4.5,,2.5,,0,,Kreisfreie Stadt,120208161.90625,72502.7445112705
3944,,2025.04,03403,Oldenburg (Oldb),92191,,0,.,0,.,0,.,0,.,7.3,,5,,2.3,,0,,Kreisfreie Stadt,103735226.646484,51943.3296956358
3945,,2025.04,03402,Emden,25603,,0,.,0,.,0,.,0,.,4.3,,3,,1.3,,0,,Kreisfreie Stadt,111796448.801758,67063.655941761
3946,,2025.04,03401,Delmenhorst,43489,,0,.,0,.,0,.,0,.,4,,2.3,,1.6,,0,,Kreisfreie Stadt,62467798.5947266,46257.9381557184
3947,,2025.04,03361,Verden,90316,,0,.,0,.,0,.,0,.,5.2,,3.5,,1.7,,0,,Landkreis,789081710.703125,224811.846339036
3948,,2025.04,03360,Uelzen,58878,,0,.,0,.,0,.,0,.,5,,3.4,,1.6,,0,-,Landkreis,1462207700.17188,220612.035508098
3949,,2025.04,03359,Stade,130397,,0,.,0,.,0,.,0,.,5.3,,3.4,,1.9,,0,-,Landkreis,1269075763.50293,265280.850857743
3950,,2025.04,03358,Heidekreis,92113,,0,.,0,.,0,.,0,.,4.3,,2.9,,1.4,,0,,Landkreis,1881746242.97168,365225.831866227
3951,,2025.04,03357,Rotenburg (Wümme),121218,,0,.,0,.,0,.,0,.,5,,3.3,,1.7,,0,,Landkreis,2073801406.19531,353552.266818007
3952,,2025.04,03356,Osterholz,75491,,0,.,0,.,0,.,0,.,5,,3.4,,1.6,,0,,Landkreis,653279865,179710.225107181
3953,,2025.04,03355,Lüneburg,108977,,0,.,0,.,0,.,0,.,5.5,,3.9,,1.7,,0,-,Landkreis,1327357220.72852,318554.960422675
3954,,2025.04,03354,Lüchow-Dannenberg,32144,,0,.,0,.,0,.,0,.,4.2,,2.8,,1.4,,0,-,Landkreis,1226546093.60547,227707.256898562
3955,,2025.04,03353,Harburg,173215,,0,.,0,.,0,.,0,.,5.5,,3.7,,1.8,,0,,Landkreis,1249117601.8291,256626.86543829
3956,,2025.04,03352,Cuxhaven,129793,,0,.,0,.,0,.,0,.,4,,2.6,,1.5,,0,,Landkreis,2058739992.30664,308454.913252573
3957,,2025.04,03351,Celle,114198,,0,.,0,.,0,.,0,.,4.9,,3.1,,1.7,,0,,Landkreis,1550684013.71582,246181.705103521
3958,,2025.04,03257,Schaumburg,105202,,0,.,0,.,0,.,0,.,4.7,,3.4,,1.3,,0,-,Landkreis,676300755.381836,206397.981008128
3959,,2025.04,03256,Nienburg (Weser),80453,,0,.,0,.,0,.,0,.,4.4,,3,,1.4,,0,,Landkreis,1400917922.84375,317688.390120049
3960,,2025.04,03255,Holzminden,46022,,0,.,0,.,0,.,0,.,4.1,,2.5,,1.6,,0,-,Landkreis,694472629.105469,189171.307052356
3961,,2025.04,03254,Hildesheim,165003,,0,.,0,.,0,.,0,.,5,,3.4,,1.6,,0,,Landkreis,1207789320.64551,251154.965666091
3962,,2025.04,03252,Hameln-Pyrmont,94492,,0,.,0,.,0,.,0,.,4.7,,3.3,,1.5,,0,,Landkreis,797764574.958984,210020.338817558
3963,,2025.04,03251,Diepholz,147746,,0,.,0,.,0,.,0,.,5.4,,3.6,,1.9,,0,,Landkreis,1991034474.31836,308652.494010019
3964,,2025.04,03241,Region Hannover,602006,,0,.,0,.,0,.,0,.,6,,3.9,,2.1,,0,,Landkreis,2297326127.13477,379374.837502092
3965,,2025.04,03159,Göttingen,186735,,0,.,0,.,0,.,0,.,5.1,,3.4,,1.7,,0,,Landkreis,1754861833.00781,385590.386200199
3966,,2025.04,03158,Wolfenbüttel,76999,,0,.,0,.,0,.,0,.,5.1,,3.8,,1.3,,0,,Landkreis,724065535.433594,215640.850159417
3967,,2025.04,03157,Peine,88198,,0,.,0,.,0,.,0,.,5.2,,3.8,,1.3,,0,,Landkreis,536101104.076172,149602.771432759
3968,,2025.04,03155,Northeim,89606,,0,.,0,.,0,.,0,.,4.7,,3.2,,1.5,,0,-,Landkreis,1269651774.30176,228982.313706335
3969,,2025.04,03154,Helmstedt,57752,,0,.,0,.,0,.,0,.,4.8,,3.4,,1.4,,0,,Landkreis,675687788.225586,231289.034806608
3970,,2025.04,03153,Goslar,80929,,0,.,0,.,0,.,0,.,4.4,,2.8,,1.6,,0,,Landkreis,969210805.345703,233890.968622506
3971,,2025.04,03151,Gifhorn,112767,,0,.,0,.,0,.,0,.,5.2,,3.9,,1.3,,0,,Landkreis,1569205053.24512,282161.609724976
3972,,2025.04,03103,Wolfsburg,124894,,0,.,0,.,0,.,0,.,14.8,,11.6,,3.1,,0,,Kreisfreie Stadt,204942168.826172,91494.3940080182
3973,,2025.04,03102,Salzgitter,57229,,0,.,0,.,0,.,0,.,3.6,,2.4,,1.2,,0,-,Kreisfreie Stadt,225241578.612305,109481.843532545
3974,,2025.04,03101,Braunschweig,141951,,0,.,0,.,0,.,0,.,7.6,,5.5,,2.2,,0,,Kreisfreie Stadt,192263016.94043,96253.2221066206
3975,,2025.04,02000,Hamburg,808971,,0,.,0,.,0,.,0,.,7.6,,4.6,,3,,0,,Kreisfreie Stadt,752486078.693359,218319.223917463
3976,,2025.04,01062,Stormarn,156679,,0,.,0,.,0,.,0,.,6.2,,4.1,,2.1,,0,,Kreis,766059006.546875,254492.948218965
3977,,2025.04,01061,Steinburg,84308,,0,.,0,.,0,.,0,.,4.5,,3.3,,1.3,,0,,Kreis,1055624123.08594,193429.843760563
3978,,2025.04,01060,Segeberg,176917,,0,.,0,.,0,.,0,.,5.6,,3.6,,2,,0,,Kreis,1345767960.55859,287287.284105907
3979,,2025.04,01059,Schleswig-Flensburg,135217,,0,.,0,.,0,.,0,.,5.1,,3.7,,1.3,,0,,Kreis,2070852562.36133,356669.588409604
3980,,2025.04,01058,Rendsburg-Eckernförde,181063,,0,.,0,.,0,.,0,.,5.4,,3.9,,1.5,,0,,Kreis,2188406603.16406,351411.986073704
3981,,2025.04,01057,Plön,83714,,0,.,0,.,0,.,0,.,5.1,,3.6,,1.5,,0,,Kreis,1083370335.23828,228552.625170368
3982,,2025.04,01056,Pinneberg,182716,,0,.,0,.,0,.,0,.,5.5,,3.5,,2,,0,,Kreis,663713966.863281,158271.717662983
3983,,2025.04,01055,Ostholstein,132615,,0,.,0,.,0,.,0,.,4.6,,3.1,,1.5,,0,-,Kreis,1394318441.49023,334074.13334403
3984,,2025.04,01054,Nordfriesland,108426,,0,.,0,.,0,.,0,.,6.2,,4.6,,1.5,,0.1,,Kreis,2090311784.12012,636064.144512072
3985,,2025.04,01053,Herzogtum Lauenburg,123910,,0,.,0,.,0,.,0,.,5.1,,3.5,,1.6,,0,,Kreis,1262927896.33203,256458.727199694
3986,,2025.04,01051,Dithmarschen,84820,,0,.,0,.,0,.,0,.,3.9,,2.9,,1.1,,0,,Kreis,1443991936.72363,245572.111008473
3987,,2025.04,01004,Neumünster,44367,,0,.,0,.,0,.,0,.,5.4,,3.6,,1.7,,0,,Kreisfreie Stadt,71631910.9277344,54213.2416336757
3988,,2025.04,01003,Lübeck,102882,,0,.,0,.,0,.,0,.,5.1,,3.1,,2,,0,-,Kreisfreie Stadt,211688220.145508,146471.981758647
3989,,2025.04,01002,Kiel,111714,,0,.,0,.,0,.,0,.,5.3,,3.4,,1.9,,0,,Kreisfreie Stadt,119698137.066406,84659.240789817
3990,,2025.04,01001,Flensburg,45985,,0,.,0,.,0,.,0,.,5.9,,4,,1.9,,0,,Kreisfreie Stadt,56888946.234375,37654.0538300401
3991,,2025.07,16077,Altenburger Land,51331,,0,.,0,.,0,.,0,.,2.8,,1.4,,1.4,,0,,Landkreis,569495813.860352,159208.499301686
3992,,2025.07,16076,Greiz,60108,,0,.,0,.,0,.,0,.,2.7,,1.6,,1.1,,0,-,Landkreis,846194830.068359,288937.795198219
3993,,2025.07,16075,Saale-Orla-Kreis,50193,,0,.,0,.,0,.,0,.,2.4,,1.4,,1,,0,-,Landkreis,1151738096.22656,255786.812284021
3994,,2025.07,16074,Saale-Holzland-Kreis,49908,,0,.,0,.,0,.,0,.,3.4,,2.1,,1.3,,0,-,Landkreis,815508565.787109,235948.734812389
3995,,2025.07,16073,Saalfeld-Rudolstadt,59924,,0,.,0,.,0,.,0,.,3,,1.8,,1.3,,0,-,Landkreis,1008735679.04199,289884.18985615
3996,,2025.07,16072,Sonneberg,34503,,0,.,0,.,0,.,0,.,2.9,,1.5,,1.4,,0,,Landkreis,460681672.719727,161297.158075011
3997,,2025.07,16071,Weimarer Land,49706,,0,.,0,.,0,.,0,.,3.7,,2.2,,1.5,,0,,Landkreis,804514564.327148,270201.373476309
3998,,2025.07,16070,Ilm-Kreis,59130,,0,.,0,.,0,.,0,.,3.8,,2.4,,1.4,,0,-,Landkreis,803588201.576172,223009.896391042
3999,,2025.07,16069,Hildburghausen,39042,,0,.,0,.,0,.,0,.,2.8,,1.8,,1,,0,-,Landkreis,937768356.192383,266027.275919908
4000,,2025.07,16068,Sömmerda,40807,,0,.,0,.,0,.,0,.,3,,1.8,,1.2,,0,-,Landkreis,807021507.053711,231271.168225578
4001,,2025.07,16067,Gotha,76795,,0,.,0,.,0,.,0,.,3.6,,2,,1.5,,0,,Landkreis,935833051.850586,201383.912823013
4002,,2025.07,16066,Schmalkalden-Meiningen,76259,,0,.,0,.,0,.,0,.,3.1,,1.7,,1.4,,0,,Landkreis,1251050645.04785,289746.940316977
4003,,2025.07,16065,Kyffhäuserkreis,44133,,0,.,0,.,0,.,0,.,2.4,,1.3,,1.1,,0,-,Landkreis,1037770304.01953,273300.806525077
4004,,2025.07,16064,Unstrut-Hainich-Kreis,54164,,0,.,0,.,0,.,0,.,3.8,,2.2,,1.6,,0,-,Landkreis,931296290.730469,220159.559866101
4005,,2025.07,16063,Wartburgkreis,95558,,0,.,0,.,0,.,0,.,3.2,,1.8,,1.4,,0,-,Landkreis,1369998788.58398,359739.228310871
4006,,2025.07,16062,Nordhausen,47405,,0,.,0,.,0,.,0,.,2.9,,1.7,,1.2,,0,,Landkreis,714291367.835938,185722.419164402
4007,,2025.07,16061,Eichsfeld,65222,,0,.,0,.,0,.,0,.,4.4,,2.7,,1.7,,0,-,Landkreis,990529967.28418,211025.563666031
4008,,2025.07,16055,Weimar,30423,,0,.,0,.,0,.,0,.,4.9,,3.1,,1.7,,0,,Kreisfreie Stadt,84371242.5537109,63917.4037953295
4009,,2025.07,16054,Suhl,19350,,0,.,0,.,0,.,0,.,3.4,,2,,1.4,,0,-,Kreisfreie Stadt,142863361.462891,89565.7719743408
4010,,2025.07,16053,Jena,45071,,0,.,0,.,0,.,0,.,4.9,,2.9,,2,,0,-,Kreisfreie Stadt,114916066.803711,69161.7063041314
4011,,2025.07,16052,Gera,45963,,0,.,0,.,0,.,0,.,3.3,,1.9,,1.4,,0,,Kreisfreie Stadt,152224963.852539,75323.7031332036
4012,,2025.07,16051,Erfurt,98570,,0,.,0,.,0,.,0,.,4.8,,3,,1.8,,0,,Kreisfreie Stadt,270412481.84668,106760.438648397
4013,,2025.07,15091,Wittenberg,75937,,0,.,0,.,0,.,0,.,2.8,,1.5,,1.3,,0,-,Landkreis,1942799199.44336,288331.940418521
4014,,2025.07,15090,Stendal,64008,,0,.,0,.,0,.,0,.,2.7,,1.7,,1.1,,0,-,Landkreis,2437018945.38281,388099.364972118
4015,,2025.07,15089,Salzlandkreis,104988,,0,.,0,.,0,.,0,.,2.5,,1.4,,1.1,,0,-,Landkreis,1434906372.00391,264035.613726712
4016,,2025.07,15088,Saalekreis,116817,,0,.,0,.,0,.,0,.,3.3,,1.8,,1.5,,0,-,Landkreis,1440237602.55957,371586.717822968
4017,,2025.07,15087,Mansfeld-Südharz,79450,,0,.,0,.,0,.,0,.,2.5,,1.5,,1.1,,0,-,Landkreis,1456203560.97266,331487.311274932
4018,,2025.07,15086,Jerichower Land,55002,,0,.,0,.,0,.,0,.,3.2,,1.9,,1.3,,0,-,Landkreis,1589285902.17285,247755.483552346
4019,,2025.07,15085,Harz,123893,,0,.,0,.,0,.,0,.,3.2,,1.8,,1.4,,0,-,Landkreis,2108206001.10352,325892.061240799
4020,,2025.07,15084,Burgenlandkreis,103135,,0,.,0,.,0,.,0,.,2.9,,1.5,,1.4,,0,,Landkreis,1419035819.56836,295284.252349554
4021,,2025.07,15083,Börde,108093,,0,.,0,.,0,.,0,.,3.1,,1.9,,1.2,,0,,Landkreis,2376921623.70215,371548.321413939
4022,,2025.07,15082,Anhalt-Bitterfeld,93407,,0,.,0,.,0,.,0,.,2.8,,1.5,,1.3,,0,-,Landkreis,1460781901.5127,339057.665260413
4023,,2025.07,15081,Altmarkkreis Salzwedel,50685,,0,.,0,.,0,.,0,.,3,,1.8,,1.1,,0,-,Landkreis,2303788808.49023,303821.084721262
4024,,2025.07,15003,Magdeburg,112510,,0,.,0,.,0,.,0,.,4.3,,2.4,,1.9,,0,,Kreisfreie Stadt,200999393.913086,84386.2998201417
4025,,2025.07,15002,Halle (Saale),94575,,0,.,0,.,0,.,0,.,3.4,,2,,1.4,,0,,Kreisfreie Stadt,135824688.286133,77730.5455395086
4026,,2025.07,15001,Dessau-Roßlau,41345,,0,.,0,.,0,.,0,.,3.5,,2,,1.5,,0,-,Kreisfreie Stadt,246249160.496094,115997.461325231
4027,,2025.07,14730,Nordsachsen,119082,,0,.,0,.,0,.,0,.,3.2,,1.8,,1.5,,0,,Landkreis,2027548084.84375,410437.981496651
4028,,2025.07,14729,Leipzig,158740,,0,.,0,.,0,.,0,.,3.7,,2.2,,1.5,,0,,Landkreis,1651662788.13379,340686.753048234
4029,,2025.07,14713,Leipzig,235065,,0,.,0,.,0,.,0,.,4.9,,2.9,,2,,0,,Kreisfreie Stadt,298922201.506836,120864.657877298
4030,,2025.07,14628,Sächsische Schweiz-Osterzgebirge,147384,,0,.,0,.,0,.,0,.,3.1,,1.8,,1.3,,0,,Landkreis,1653732867.60742,288402.833770503
4031,,2025.07,14627,Meißen,141843,,0,.,0,.,0,.,0,.,3.1,,1.8,,1.3,,0,,Landkreis,1457361541.51758,262261.856107648
4032,,2025.07,14626,Görlitz,143804,,0,.,0,.,0,.,0,.,2.1,,1.1,,1,,0,,Landkreis,2111152045.11914,342510.820123424
4033,,2025.07,14625,Bautzen,182401,,0,.,0,.,0,.,0,.,2.9,,1.6,,1.3,,0,,Landkreis,2395636437.77637,346336.618967316
4034,,2025.07,14612,Dresden,230277,,0,.,0,.,0,.,0,.,4.4,,2.6,,1.9,,0,,Kreisfreie Stadt,328095164.584961,126184.878956216
4035,,2025.07,14524,Zwickau,187241,,0,.,0,.,0,.,0,.,3.4,,2,,1.4,,0,,Landkreis,949635037.395508,236921.194806854
4036,,2025.07,14523,Vogtlandkreis,137043,,0,.,0,.,0,.,0,.,2.8,,1.6,,1.2,,0,-,Landkreis,1412302685.4502,311749.172671271
4037,,2025.07,14522,Mittelsachsen,181134,,0,.,0,.,0,.,0,.,2.7,,1.6,,1.2,,0,,Landkreis,2114833220.54395,370846.696636421
4038,,2025.07,14521,Erzgebirgskreis,203461,,0,.,0,.,0,.,0,.,2.7,,1.6,,1.1,,0,-,Landkreis,1826997137.63379,316907.024888456
4039,,2025.07,14511,Chemnitz,126299,,0,.,0,.,0,.,0,.,4.1,,2.4,,1.7,,0,,Kreisfreie Stadt,221028414.417969,95998.2589097507
4040,,2025.07,13076,Ludwigslust-Parchim,130852,,0,.,0,.,0,.,0,.,2.7,,1.7,,1,,0,-,Landkreis,4767205837.64355,544987.623152899
4041,,2025.07,13075,Vorpommern-Greifswald,128135,,0,.,0,.,0,.,0,.,2.6,,1.5,,1.1,,0,-,Landkreis,3951628526.83691,786666.150434142
4042,,2025.07,13074,Nordwestmecklenburg,93381,,0,.,0,.,0,.,0,.,3.4,,2.1,,1.2,,0,-,Landkreis,2125833400.80469,421255.501799993
4043,,2025.07,13073,Vorpommern-Rügen,127338,,0,.,0,.,0,.,0,.,2.9,,1.7,,1.2,,0,,Landkreis,3214113963.38477,1089521.87046376
4044,,2025.07,13072,Rostock,131182,,0,.,0,.,0,.,0,.,3.6,,2.2,,1.4,,0,,Landkreis,3429396493.29785,470885.235429407
4045,,2025.07,13071,Mecklenburgische Seenplatte,147609,,0,.,0,.,0,.,0,.,2.7,,1.5,,1.2,,0,-,Landkreis,5495373409.96094,516564.114817789
4046,,2025.07,13004,Schwerin,45332,,0,.,0,.,0,.,0,.,4.1,,2.4,,1.6,,0,,Kreisfreie Stadt,130106434.195313,69520.7229903608
4047,,2025.07,13003,Rostock,86567,,0,.,0,.,0,.,0,.,3.9,,2.3,,1.6,,0,,Kreisfreie Stadt,181477390.371094,88507.9712348811
4048,,2025.07,12073,Uckermark,68685,,0,.,0,.,0,.,0,.,2.7,,1.7,,1.1,,0,,Landkreis,3076108441.98047,392821.33775274
4049,,2025.07,12072,Teltow-Fläming,111475,,0,.,0,.,0,.,0,.,4.8,,3,,1.8,,0,-,Landkreis,2103910816.79297,319624.700377854
4050,,2025.07,12071,Spree-Neiße,71215,,0,.,0,.,0,.,0,.,2.6,,1.5,,1.2,,0,-,Landkreis,1657098234.44043,349641.41206109
4051,,2025.07,12070,Prignitz,46222,,0,.,0,.,0,.,0,.,2.6,,1.4,,1.2,,0,-,Landkreis,2138707957.80859,314721.91601579
4052,,2025.07,12069,Potsdam-Mittelmark,135395,,0,.,0,.,0,.,0,.,5.4,,3.4,,1.9,,0,,Landkreis,2593033934.44922,472327.251125324
4053,,2025.07,12068,Ostprignitz-Ruppin,59842,,0,.,0,.,0,.,0,.,2.9,,1.7,,1.2,,0,-,Landkreis,2525923984.48242,381275.632236586
4054,,2025.07,12067,Oder-Spree,110854,,0,.,0,.,0,.,0,.,3.9,,2.5,,1.4,,0,-,Landkreis,2257290888.04004,375644.78503136
4055,,2025.07,12066,Oberspreewald-Lausitz,65411,,0,.,0,.,0,.,0,.,2.5,,1.4,,1.2,,0,-,Landkreis,1223208108.22656,254326.525952779
4056,,2025.07,12065,Oberhavel,128649,,0,.,0,.,0,.,0,.,4.9,,3,,1.9,,0,,Landkreis,1807834068.39551,360530.244809173
4057,,2025.07,12064,Märkisch-Oderland,123383,,0,.,0,.,0,.,0,.,4,,2.4,,1.6,,0,,Landkreis,2157546355.48535,315778.884374255
4058,,2025.07,12063,Havelland,99931,,0,.,0,.,0,.,0,.,5,,3.1,,1.8,,0,,Landkreis,1727373166.76465,342971.431508018
4059,,2025.07,12062,Elbe-Elster,63702,,0,.,0,.,0,.,0,.,2.4,,1.3,,1,,0,,Landkreis,1899997386.25391,305918.130224615
4060,,2025.07,12061,Dahme-Spreewald,111385,,0,.,0,.,0,.,0,.,4.7,,2.9,,1.8,,0,,Landkreis,2275819756.17969,436033.631253628
4061,,2025.07,12060,Barnim,112749,,0,.,0,.,0,.,0,.,4.4,,2.7,,1.7,,0,-,Landkreis,1481005522.70801,341342.860018858
4062,,2025.07,12054,Potsdam,77551,,0,.,0,.,0,.,0,.,5.4,,3.2,,2.2,,0,,Kreisfreie Stadt,186950957.337891,96418.8943279986
4063,,2025.07,12053,Frankfurt (Oder),28274,,0,.,0,.,0,.,0,.,3.2,,1.7,,1.5,,0,-,Kreisfreie Stadt,147780070.31543,66375.9750375522
4064,,2025.07,12052,Cottbus,48578,,0,.,0,.,0,.,0,.,3.5,,1.8,,1.6,,0,-,Kreisfreie Stadt,165033344.552734,87657.0910954755
4065,,2025.07,12051,Brandenburg an der Havel,35105,,0,.,0,.,0,.,0,.,4.1,,2.4,,1.7,,0,-,Kreisfreie Stadt,229536571.996094,141971.594036605
4066,,2025.07,11000,Berlin,1228930,,0,.,0,.,0,.,0,.,6.2,,3.7,,2.5,,0,,Kreisfreie Stadt,891789356.085938,222564.759502733
4067,,2025.07,10046,St. Wendel,62765,,0,.,0,.,0,.,0,.,4.7,,2.9,,1.8,,0,-,Landkreis,476354283.110352,146866.901261139
4068,,2025.07,10045,Saarpfalz-Kreis,99887,,0,.,0,.,0,.,0,.,5,,3.1,,1.9,,0,,Landkreis,419096935.567383,159211.807111928
4069,,2025.07,10044,Saarlouis,135858,,0,.,0,.,0,.,0,.,4.8,,2.8,,1.9,,0,,Landkreis,458985903.306641,158271.168504276
4070,,2025.07,10043,Neunkirchen,87608,,0,.,0,.,0,.,0,.,4.5,,2.7,,1.8,,0,-,Landkreis,248117924.852539,107822.664579199
4071,,2025.07,10042,Merzig-Wadern,73913,,0,.,0,.,0,.,0,.,4.3,,2.7,,1.5,,0,-,Landkreis,556979507.769531,154721.880097438
4072,,2025.07,10041,Regionalverband Saarbrücken,194586,,0,.,0,.,0,.,0,.,5,,2.9,,2.1,,0,,Landkreis,411489484.970703,160799.877878205
4073,,2025.07,09780,Oberallgäu,106567,,0,.,0,.,0,.,0,.,5.4,,3.9,,1.5,,0,-,Landkreis,1528353119.51855,341969.342105912
4074,,2025.07,09779,Donau-Ries,96815,,0,.,0,.,0,.,0,.,5.3,,3.5,,1.8,,0,-,Landkreis,1274179146.9248,334855.877078285
4075,,2025.07,09778,Unterallgäu,106191,,0,.,0,.,0,.,0,.,4.8,,3.4,,1.4,,0,-,Landkreis,1229882513.49414,326412.465520539
4076,,2025.07,09777,Ostallgäu,97964,,0,.,0,.,0,.,0,.,5.3,,3.7,,1.5,,0,-,Landkreis,1393283604.78418,408695.960385229
4077,,2025.07,09776,Lindau (Bodensee),54763,,0,.,0,.,0,.,0,.,5.3,,3.6,,1.7,,0,,Landkreis,323241962.030273,143695.537883892
4078,,2025.07,09775,Neu-Ulm,116158,,0,.,0,.,0,.,0,.,5.3,,3.4,,1.9,,0,,Landkreis,515671085.181641,148988.874247824
4079,,2025.07,09774,Günzburg,89848,,0,.,0,.,0,.,0,.,5.4,,3.6,,1.8,,0,-,Landkreis,763345366.449219,232954.134000113
4080,,2025.07,09773,Dillingen a.d.Donau,69294,,0,.,0,.,0,.,0,.,4.5,,2.9,,1.6,,0,-,Landkreis,791686690.830078,242655.202666034
4081,,2025.07,09772,Augsburg,175131,,0,.,0,.,0,.,0,.,5.9,,3.8,,2.1,,0,,Landkreis,1071521962.7207,309028.860969014
4082,,2025.07,09771,Aichach-Friedberg,91994,,0,.,0,.,0,.,0,.,5.7,,4,,1.8,,0,,Landkreis,779820964.371094,226106.141811333
4083,,2025.07,09764,Memmingen,27983,,0,.,0,.,0,.,0,.,5.3,,3.4,,1.9,,0,,Kreisfreie Stadt,69807842.7167969,63228.1848011595
4084,,2025.07,09763,Kempten (Allgäu),41273,,0,.,0,.,0,.,0,.,7.2,,5.2,,2,,0,,Kreisfreie Stadt,63248638.9882813,53450.3530222877
4085,,2025.07,09762,Kaufbeuren,27135,,0,.,0,.,0,.,0,.,4.9,,3.3,,1.6,,0,-,Kreisfreie Stadt,40431942.4960938,39470.9962520316
4086,,2025.07,09761,Augsburg,142664,,0,.,0,.,0,.,0,.,5.6,,3.3,,2.3,,0,,Kreisfreie Stadt,146459229.583984,86297.542663465
4087,,2025.07,09679,Würzburg,109736,,0,.,0,.,0,.,0,.,6.3,,4.5,,1.8,,0,,Landkreis,967155584.087891,337613.040360294
4088,,2025.07,09678,Schweinfurt,80110,,0,.,0,.,0,.,0,.,5.6,,4,,1.6,,0,,Landkreis,841233412.072266,324997.501418006
4089,,2025.07,09677,Main-Spessart,87997,,0,.,0,.,0,.,0,.,5.2,,3.4,,1.8,,0,-,Landkreis,1321991667.66113,287380.964912033
4090,,2025.07,09676,Miltenberg,87684,,0,.,0,.,0,.,0,.,4.9,,3,,1.9,,0,,Landkreis,715285437.052734,225618.089550047
4091,,2025.07,09675,Kitzingen,64333,,0,.,0,.,0,.,0,.,5.6,,4.1,,1.5,,0,,Landkreis,683903707.851563,201499.965144985
4092,,2025.07,09674,Haßberge,60473,,0,.,0,.,0,.,0,.,4.8,,3.5,,1.3,,0,-,Landkreis,956502900.063477,250394.505232398
4093,,2025.07,09673,Rhön-Grabfeld,56433,,0,.,0,.,0,.,0,.,5,,3.5,,1.5,,0,-,Landkreis,1021624976.38477,256743.758245581
4094,,2025.07,09672,Bad Kissingen,73005,,0,.,0,.,0,.,0,.,4.8,,3.5,,1.3,,0,-,Landkreis,1137656959.4668,279211.62790441
4095,,2025.07,09671,Aschaffenburg,120600,,0,.,0,.,0,.,0,.,6.2,,4.1,,2.1,,0,,Landkreis,698932681.59375,229374.257908033
4096,,2025.07,09663,Würzburg,64544,,0,.,0,.,0,.,0,.,6.9,,4.5,,2.4,,0,,Kreisfreie Stadt,87764401.9951172,65259.0145445697
4097,,2025.07,09662,Schweinfurt,30155,,0,.,0,.,0,.,0,.,8,,4,,3.9,,0,-,Kreisfreie Stadt,35705732.7753906,39633.719962486
4098,,2025.07,09661,Aschaffenburg,44326,,0,.,0,.,0,.,0,.,7.8,,4.6,,3.1,,0,,Kreisfreie Stadt,62023548.3466797,50412.0037044716
4099,,2025.07,09577,Weißenburg-Gunzenhausen,65448,,0,.,0,.,0,.,0,.,5,,3.6,,1.4,,0,,Landkreis,970267811.857422,223083.568343369
4100,,2025.07,09576,Roth,90237,,0,.,0,.,0,.,0,.,5.5,,3.7,,1.8,,0,,Landkreis,895175763.526367,300336.063639876
4101,,2025.07,09575,Neustadt a.d.Aisch-Bad Windsheim,70921,,0,.,0,.,0,.,0,.,5.6,,4,,1.5,,0,,Landkreis,1267945156.98633,286565.424246564
4102,,2025.07,09574,Nürnberger Land,114069,,0,.,0,.,0,.,0,.,5.9,,4.1,,1.8,,0,,Landkreis,797630947.844727,280037.722454563
4103,,2025.07,09573,Fürth,79106,,0,.,0,.,0,.,0,.,5.7,,4,,1.8,,0,,Landkreis,307104515.246094,119071.936100924
4104,,2025.07,09572,Erlangen-Höchstadt,95765,,0,.,0,.,0,.,0,.,8.3,,5.8,,2.5,,0,,Landkreis,564516798.948242,302003.323956942
4105,,2025.07,09571,Ansbach,131641,,0,.,0,.,0,.,0,.,5.1,,3.6,,1.5,,0,,Landkreis,1972780199.8584,438171.105364346
4106,,2025.07,09565,Schwabach,26624,,0,.,0,.,0,.,0,.,5.9,,3.6,,2.3,,0,-,Kreisfreie Stadt,40825280.7548828,44392.3601544875
4107,,2025.07,09564,Nürnberg,248918,,0,.,0,.,0,.,0,.,6.3,,4,,2.3,,0,,Kreisfreie Stadt,187671476.236328,138424.259082801
4108,,2025.07,09563,Fürth,65100,,0,.,0,.,0,.,0,.,5.5,,3.5,,1.9,,0,,Kreisfreie Stadt,63347123.8447266,45995.1390193326
4109,,2025.07,09562,Erlangen,56562,,0,.,0,.,0,.,0,.,6.7,,4.3,,2.4,,0,,Kreisfreie Stadt,78014690.5429688,53139.0900158128
4110,,2025.07,09561,Ansbach,25997,,0,.,0,.,0,.,0,.,5.8,,3.7,,2.1,,0,-,Kreisfreie Stadt,99853580.3564453,70278.7303360335
4111,,2025.07,09479,Wunsiedel i.Fichtelgebirge,47967,,0,.,0,.,0,.,0,.,4.4,,2.7,,1.7,,0,-,Landkreis,606192311.765625,147427.252500402
4112,,2025.07,09478,Lichtenfels,46105,,0,.,0,.,0,.,0,.,4,,2.7,,1.3,,0,-,Landkreis,519676599.529297,188339.943949693
4113,,2025.07,09477,Kulmbach,51018,,0,.,0,.,0,.,0,.,4.7,,3.2,,1.5,,0,,Landkreis,658004334.990234,203657.347389188
4114,,2025.07,09476,Kronach,46270,,0,.,0,.,0,.,0,.,4.1,,2.6,,1.4,,0,,Landkreis,651475772.542969,195680.596667354
4115,,2025.07,09475,Hof,65152,,0,.,0,.,0,.,0,.,4.6,,2.7,,1.9,,0,-,Landkreis,893663689.371094,293042.491814798
4116,,2025.07,09474,Forchheim,80150,,0,.,0,.,0,.,0,.,5.3,,3.8,,1.5,,0,,Landkreis,642921296.804688,202014.345609455
4117,,2025.07,09473,Coburg,60486,,0,.,0,.,0,.,0,.,4.9,,3.3,,1.6,,0,,Landkreis,591020889.209961,265614.514307051
4118,,2025.07,09472,Bayreuth,73533,,0,.,0,.,0,.,0,.,4.6,,3.2,,1.4,,0,,Landkreis,1273584205.2207,386106.994410095
4119,,2025.07,09471,Bamberg,105338,,0,.,0,.,0,.,0,.,4.7,,3.3,,1.3,,0,,Landkreis,1166948004.1875,363511.905725181
4120,,2025.07,09464,Hof,26179,,0,.,0,.,0,.,0,.,5,,2.8,,2.2,,0,-,Kreisfreie Stadt,58159802.2382813,54718.4550792217
4121,,2025.07,09463,Coburg,25408,,0,.,0,.,0,.,0,.,6,,3.9,,2,,0,-,Kreisfreie Stadt,48017323.6835938,47861.9792022719
4122,,2025.07,09462,Bayreuth,41208,,0,.,0,.,0,.,0,.,8,,4.6,,3.4,,0,,Kreisfreie Stadt,67008634.3730469,64736.4199248782
4123,,2025.07,09461,Bamberg,41402,,0,.,0,.,0,.,0,.,5.6,,3.8,,1.7,,0,-,Kreisfreie Stadt,54976414.7333984,40927.3519722638
4124,,2025.07,09377,Tirschenreuth,50073,,0,.,0,.,0,.,0,.,4.3,,2.7,,1.6,,0,-,Landkreis,1084534913.91406,229088.470696812
4125,,2025.07,09376,Schwandorf,106045,,0,.,0,.,0,.,0,.,4.7,,3.2,,1.5,,0,-,Landkreis,1458425984.95898,347575.996306894
4126,,2025.07,09375,Regensburg,133987,,0,.,0,.,0,.,0,.,5.8,,4.2,,1.7,,0,,Landkreis,1393030845.39941,411789.418124436
4127,,2025.07,09374,Neustadt a.d.Waldnaab,67643,,0,.,0,.,0,.,0,.,4.9,,3.3,,1.6,,0,-,Landkreis,1428166109.66699,385732.083609104
4128,,2025.07,09373,Neumarkt i.d.OPf.,94477,,0,.,0,.,0,.,0,.,5.2,,3.7,,1.6,,0,-,Landkreis,1344541220.45117,303939.946431158
4129,,2025.07,09372,Cham,93549,,0,.,0,.,0,.,0,.,4.7,,3.3,,1.4,,0,,Landkreis,1526958023.89063,299328.140846534
4130,,2025.07,09371,Amberg-Sulzbach,72594,,0,.,0,.,0,.,0,.,5.3,,3.7,,1.5,,0,,Landkreis,1255092290.34766,376859.42579161
4131,,2025.07,09363,Weiden i.d.OPf.,26588,,0,.,0,.,0,.,0,.,4.9,,3,,1.9,,0,-,Kreisfreie Stadt,70605006.8857422,71839.4196751139
4132,,2025.07,09362,Regensburg,84171,,0,.,0,.,0,.,0,.,7.9,,5.1,,2.9,,0,,Kreisfreie Stadt,79706492.1894531,59506.3819752187
4133,,2025.07,09361,Amberg,25424,,0,.,0,.,0,.,0,.,6.3,,4.1,,2.2,,0,-,Kreisfreie Stadt,50405257.5654297,45172.0627563141
4134,,2025.07,09279,Dingolfing-Landau,74387,,0,.,0,.,0,.,0,.,5.8,,4.1,,1.7,,0,,Landkreis,877379815.797852,263187.17169248
4135,,2025.07,09278,Straubing-Bogen,72915,,0,.,0,.,0,.,0,.,5,,3.5,,1.4,,0,-,Landkreis,1200964159.71777,333805.068298285
4136,,2025.07,09277,Rottal-Inn,88227,,0,.,0,.,0,.,0,.,5,,3.6,,1.5,,0,,Landkreis,1281034787.56348,290982.290980761
4137,,2025.07,09276,Regen,52216,,0,.,0,.,0,.,0,.,4.7,,2.8,,1.9,,0,-,Landkreis,974828582.608398,194334.820631541
4138,,2025.07,09275,Passau,136314,,0,.,0,.,0,.,0,.,5.4,,3.7,,1.6,,0,,Landkreis,1530226056.83984,349324.825744492
4139,,2025.07,09274,Landshut,116273,,0,.,0,.,0,.,0,.,6.1,,4.3,,1.7,,0,,Landkreis,1347484584.59082,352561.699055864
4140,,2025.07,09273,Kelheim,85829,,0,.,0,.,0,.,0,.,4.8,,3.5,,1.4,,0,-,Landkreis,1064782902.7373,277566.475134382
4141,,2025.07,09272,Freyung-Grafenau,55623,,0,.,0,.,0,.,0,.,4.5,,3,,1.5,,0,-,Landkreis,983773696.077148,205137.074783462
4142,,2025.07,09271,Deggendorf,83335,,0,.,0,.,0,.,0,.,5.4,,3.7,,1.7,,0,-,Landkreis,861232904.080078,214908.653550047
4143,,2025.07,09263,Straubing,28661,,0,.,0,.,0,.,0,.,5,,3.1,,1.9,,0,-,Kreisfreie Stadt,67649328.3486328,55342.4542959559
4144,,2025.07,09262,Passau,30581,,0,.,0,.,0,.,0,.,6.8,,4.2,,2.6,,0,-,Kreisfreie Stadt,70107293.4433594,58468.6189304297
4145,,2025.07,09261,Landshut,39968,,0,.,0,.,0,.,0,.,6,,3.7,,2.2,,0,,Kreisfreie Stadt,66173764.9755859,68059.4178922351
4146,,2025.07,09190,Weilheim-Schongau,93063,,0,.,0,.,0,.,0,.,5.5,,3.9,,1.6,,0,-,Landkreis,967395171.895508,272636.208647296
4147,,2025.07,09189,Traunstein,123920,,0,.,0,.,0,.,0,.,5.8,,4.2,,1.6,,0,-,Landkreis,1532990057.25293,315972.371520452
4148,,2025.07,09188,Starnberg,90752,,0,.,0,.,0,.,0,.,8.6,,5.9,,2.7,,0,-,Landkreis,486839643.578125,154838.380658794
4149,,2025.07,09187,Rosenheim,180983,,0,.,0,.,0,.,0,.,6,,4.2,,1.8,,0,-,Landkreis,1440401955.72949,378977.363111802
4150,,2025.07,09186,Pfaffenhofen a.d.Ilm,88795,,0,.,0,.,0,.,0,.,5.7,,4.1,,1.6,,0,,Landkreis,760903330.470703,229356.061018572
4151,,2025.07,09185,Neuburg-Schrobenhausen,68671,,0,.,0,.,0,.,0,.,4.7,,3.1,,1.6,,0,-,Landkreis,740049089.376953,221714.43570198
4152,,2025.07,09184,München,248620,,0,.,0,.,0,.,0,.,11.6,,7.1,,4.5,,0,,Landkreis,664006064.419922,253024.576960929
4153,,2025.07,09183,Mühldorf a.Inn,79950,,0,.,0,.,0,.,0,.,5.4,,3.9,,1.6,,0,,Landkreis,805046306.827148,251387.906279848
4154,,2025.07,09182,Miesbach,68549,,0,.,0,.,0,.,0,.,6.4,,4.3,,2.1,,0,,Landkreis,866757960.75293,210751.517487509
4155,,2025.07,09181,Landsberg am Lech,87026,,0,.,0,.,0,.,0,.,7,,5.3,,1.7,,0,-,Landkreis,803669334.545898,220162.735665796
4156,,2025.07,09180,Garmisch-Partenkirchen,54174,,0,.,0,.,0,.,0,.,4.8,,3.2,,1.6,,0,-,Landkreis,1011920317.62012,202175.405901146
4157,,2025.07,09179,Fürstenfeldbruck,127388,,0,.,0,.,0,.,0,.,5.9,,3.9,,2,,0,,Landkreis,434651013.395508,150795.74162017
4158,,2025.07,09178,Freising,114969,,0,.,0,.,0,.,0,.,6.1,,4.2,,1.9,,0,,Landkreis,798505478.394531,198190.25752764
4159,,2025.07,09177,Erding,94176,,0,.,0,.,0,.,0,.,5.6,,3.8,,1.8,,0,,Landkreis,870824808.99707,184026.941276641
4160,,2025.07,09176,Eichstätt,90013,,0,.,0,.,0,.,0,.,5.1,,3.7,,1.4,,0,,Landkreis,1214365067.16309,307498.835164874
4161,,2025.07,09175,Ebersberg,90208,,0,.,0,.,0,.,0,.,7.3,,4.9,,2.4,,0,,Landkreis,549824040.4375,156850.433357146
4162,,2025.07,09174,Dachau,97528,,0,.,0,.,0,.,0,.,5.8,,3.9,,1.9,,0,,Landkreis,579538659.702148,164328.110709436
4163,,2025.07,09173,Bad Tölz-Wolfratshausen,83112,,0,.,0,.,0,.,0,.,5.5,,3.7,,1.8,,0,,Landkreis,1111683344.53906,234990.022505886
4164,,2025.07,09172,Berchtesgadener Land,68473,,0,.,0,.,0,.,0,.,4.6,,3.1,,1.5,,0,-,Landkreis,839799161.021484,222421.730122155
4165,,2025.07,09171,Altötting,75512,,0,.,0,.,0,.,0,.,5.8,,4,,1.8,,0,-,Landkreis,569350849.804688,159866.861096235
4166,,2025.07,09163,Rosenheim,36463,,0,.,0,.,0,.,0,.,5.7,,3.7,,2,,0,,Kreisfreie Stadt,36954285.3867188,31415.2055751276
4167,,2025.07,09162,München,785876,,0,.,0,.,0,.,0,.,9.9,,5.9,,4,,0,,Kreisfreie Stadt,311418892.893555,113444.364599277
4168,,2025.07,09161,Ingolstadt,102119,,0,.,0,.,0,.,0,.,14.3,,10.9,,3.4,,0,,Kreisfreie Stadt,133437450.783203,76161.6928625865
4169,,2025.07,08437,Sigmaringen,91281,,0,.,0,.,0,.,0,.,4.9,,3.3,,1.7,,0,,Landkreis,1204677491.74121,292560.594124531
4170,,2025.07,08436,Ravensburg,191520,,0,.,0,.,0,.,0,.,5.7,,4,,1.8,,0,-,Landkreis,1631876151.00586,326018.877239601
4171,,2025.07,08435,Bodenseekreis,145552,,0,.,0,.,0,.,0,.,6.9,,4.1,,2.8,,0,-,Landkreis,665234832.079102,196264.544875067
4172,,2025.07,08426,Biberach,140357,,0,.,0,.,0,.,0,.,5.7,,4,,1.6,,0,-,Landkreis,1409893821.0918,294123.862292792
4173,,2025.07,08425,Alb-Donau-Kreis,136068,,0,.,0,.,0,.,0,.,5.5,,3.8,,1.7,,0,,Landkreis,1357392728.38867,400613.419260071
4174,,2025.07,08421,Ulm,68814,,0,.,0,.,0,.,0,.,7.3,,4.8,,2.5,,0,,Stadtkreis,119244615.334961,90886.1258529902
4175,,2025.07,08417,Zollernalbkreis,133162,,0,.,0,.,0,.,0,.,5.1,,3.2,,1.9,,0,,Landkreis,917298672.389648,200702.700707429
4176,,2025.07,08416,Tübingen,131355,,0,.,0,.,0,.,0,.,6.3,,4.1,,2.1,,0,,Landkreis,519905356.571289,168209.697087106
4177,,2025.07,08415,Reutlingen,186859,,0,.,0,.,0,.,0,.,5.9,,3.7,,2.2,,0,,Landkreis,1092260476.94043,248486.106887773
4178,,2025.07,08337,Waldshut,113167,,0,.,0,.,0,.,0,.,5.9,,4.1,,1.8,,0,,Landkreis,1130807825.95508,276819.835436996
4179,,2025.07,08336,Lörrach,141102,,0,.,0,.,0,.,0,.,6,,4,,2,,0,,Landkreis,807128916.5625,166962.443862911
4180,,2025.07,08335,Konstanz,167914,,0,.,0,.,0,.,0,.,5.9,,3.9,,2,,0,,Landkreis,817527869.484375,301955.873771339
4181,,2025.07,08327,Tuttlingen,94616,,0,.,0,.,0,.,0,.,5.9,,3.4,,2.5,,0,,Landkreis,734058016.166992,181332.840700999
4182,,2025.07,08326,Schwarzwald-Baar-Kreis,137544,,0,.,0,.,0,.,0,.,5.4,,3.3,,2.2,,0,,Landkreis,1025911911.13281,230407.440447965
4183,,2025.07,08325,Rottweil,98725,,0,.,0,.,0,.,0,.,5.3,,3.3,,2,,0,-,Landkreis,769493816.008789,216136.447502954
4184,,2025.07,08317,Ortenaukreis,286442,,0,.,0,.,0,.,0,.,5.1,,3.5,,1.7,,0,,Landkreis,1859817895.98926,262096.114408608
4185,,2025.07,08316,Emmendingen,106991,,0,.,0,.,0,.,0,.,5.4,,3.8,,1.5,,0,,Landkreis,680398795.238281,172702.629780998
4186,,2025.07,08315,Breisgau-Hochschwarzwald,166157,,0,.,0,.,0,.,0,.,5.8,,4.1,,1.7,,0,-,Landkreis,1377672370.40137,370399.271266305
4187,,2025.07,08311,Freiburg im Breisgau,95525,,0,.,0,.,0,.,0,.,6.9,,4.8,,2.1,,0,,Stadtkreis,153849224.488281,91014.02371589
4188,,2025.07,08237,Freudenstadt,82539,,0,.,0,.,0,.,0,.,5.3,,3.4,,1.9,,0,-,Landkreis,870890176.946289,218933.236918359
4189,,2025.07,08236,Enzkreis,138095,,0,.,0,.,0,.,0,.,6.1,,3.9,,2.2,,0,,Landkreis,573013700.561523,230073.925261016
4190,,2025.07,08235,Calw,111832,,0,.,0,.,0,.,0,.,6.5,,4.6,,1.9,,0,,Landkreis,797593878.895508,205429.753223687
4191,,2025.07,08231,Pforzheim,64063,,0,.,0,.,0,.,0,.,6.1,,3.6,,2.4,,0,,Stadtkreis,98240899.1787109,58511.2928561087
4192,,2025.07,08226,Rhein-Neckar-Kreis,364318,,0,.,0,.,0,.,0,.,8.2,,5.2,,3,,0,,Landkreis,1060897378.24121,376735.935318718
4193,,2025.07,08225,Neckar-Odenwald-Kreis,98581,,0,.,0,.,0,.,0,.,4.8,,3.1,,1.8,,0,-,Landkreis,1125803071.23047,245427.437803649
4194,,2025.07,08222,Mannheim,159887,,0,.,0,.,0,.,0,.,6.9,,4.1,,2.8,,0,,Stadtkreis,145282582.120117,66145.7280531458
4195,,2025.07,08221,Heidelberg,61604,,0,.,0,.,0,.,0,.,7.3,,4.6,,2.7,,0,,Stadtkreis,109177300.727539,67290.2437024899
4196,,2025.07,08216,Rastatt,155599,,0,.,0,.,0,.,0,.,6.1,,3.9,,2.1,,0,,Landkreis,738745337.001953,298562.837436705
4197,,2025.07,08215,Karlsruhe,292145,,0,.,0,.,0,.,0,.,6,,4,,2,,0,,Landkreis,1084489419.02441,286288.605541561
4198,,2025.07,08212,Karlsruhe,141138,,0,.,0,.,0,.,0,.,7.9,,5.1,,2.8,,0,,Stadtkreis,174089896.172852,81609.5077277984
4199,,2025.07,08211,Baden-Baden,36604,,0,.,0,.,0,.,0,.,6.9,,4.3,,2.6,,0,-,Stadtkreis,139961040.21582,98183.8804621679
4200,,2025.07,08136,Ostalbkreis,215254,,0,.,0,.,0,.,0,.,5.5,,3.4,,2.1,,0,,Landkreis,1510452892.5166,349788.857320175
4201,,2025.07,08135,Heidenheim,88271,,0,.,0,.,0,.,0,.,4.5,,2.7,,1.8,,0,-,Landkreis,627374007.889648,235445.457306892
4202,,2025.07,08128,Main-Tauber-Kreis,93465,,0,.,0,.,0,.,0,.,4.8,,3.1,,1.8,,0,,Landkreis,1304839178.17285,358765.85369454
4203,,2025.07,08127,Schwäbisch Hall,138672,,0,.,0,.,0,.,0,.,5.6,,3.7,,1.9,,0,,Landkreis,1483983603.97168,341804.115831159
4204,,2025.07,08126,Hohenlohekreis,88669,,0,.,0,.,0,.,0,.,6.7,,5.1,,1.6,,0,,Landkreis,777128184.59375,231938.728929931
4205,,2025.07,08125,Heilbronn,259559,,0,.,0,.,0,.,0,.,6.4,,4.4,,2,,0,,Landkreis,1098643452.9082,359071.410841577
4206,,2025.07,08121,Heilbronn,70600,,0,.,0,.,0,.,0,.,5.6,,3.2,,2.4,,0,,Stadtkreis,100623181.72168,67074.2189974283
4207,,2025.07,08119,Rems-Murr-Kreis,276478,,0,.,0,.,0,.,0,.,6.3,,3.9,,2.4,,0,,Landkreis,857365536.928711,214668.079545342
4208,,2025.07,08118,Ludwigsburg,343574,,0,.,0,.,0,.,0,.,6.8,,4.2,,2.7,,0,,Landkreis,686632531.452148,212148.528068176
4209,,2025.07,08117,Göppingen,172798,,0,.,0,.,0,.,0,.,5.7,,3.5,,2.1,,0,,Landkreis,642609816.006836,194509.684601541
4210,,2025.07,08116,Esslingen,346174,,0,.,0,.,0,.,0,.,7.4,,4.5,,2.9,,0,,Landkreis,639790912.260742,192186.178502883
4211,,2025.07,08115,Böblingen,267306,,0,.,0,.,0,.,0,.,11.2,,6.4,,4.8,,0,,Landkreis,617166961.571289,192935.175303125
4212,,2025.07,08111,Stuttgart,302215,,0,.,0,.,0,.,0,.,12.4,,6.5,,5.8,,0,,Stadtkreis,209953423.669922,96275.2293088448
4213,,2025.07,07340,Südwestpfalz,68662,,0,.,0,.,0,.,0,.,4.3,,2.8,,1.5,,0,,Landkreis,954113160.211914,287839.002459541
4214,,2025.07,07339,Mainz-Bingen,146545,,0,.,0,.,0,.,0,.,6.1,,4.2,,2,,0,-,Landkreis,605620457.03125,228891.65320828
4215,,2025.07,07338,Rhein-Pfalz-Kreis,103611,,0,.,0,.,0,.,0,.,5.3,,3.6,,1.6,,0,,Landkreis,304388992.862305,182456.8069609
4216,,2025.07,07337,Südliche Weinstraße,79735,,0,.,0,.,0,.,0,.,5.3,,3.7,,1.6,,0,-,Landkreis,639681013.71582,271814.586706335
4217,,2025.07,07336,Kusel,48471,,0,.,0,.,0,.,0,.,3.6,,2.4,,1.3,,0,-,Landkreis,573837615.500977,183994.7760021
4218,,2025.07,07335,Kaiserslautern,71010,,0,.,0,.,0,.,0,.,5,,3.3,,1.8,,0,-,Landkreis,640571447.892578,268252.938579891
4219,,2025.07,07334,Germersheim,86146,,0,.,0,.,0,.,0,.,5.5,,3.6,,1.9,,0,,Landkreis,463330213.0625,139027.58003438
4220,,2025.07,07333,Donnersbergkreis,52403,,0,.,0,.,0,.,0,.,4.6,,3.1,,1.5,,0,,Landkreis,644631752.258789,159577.632166307
4221,,2025.07,07332,Bad Dürkheim,94005,,0,.,0,.,0,.,0,.,5.6,,3.8,,1.8,,0,-,Landkreis,593988929.787109,196085.16675297
4222,,2025.07,07331,Alzey-Worms,89116,,0,.,0,.,0,.,0,.,5.3,,3.7,,1.6,,0,-,Landkreis,588117875.958984,189546.478189532
4223,,2025.07,07320,Zweibrücken,21713,,0,.,0,.,0,.,0,.,5.3,,3.3,,2,,0,-,Kreisfreie Stadt,70802893.0361328,59253.9537753324
4224,,2025.07,07319,Worms,46875,,0,.,0,.,0,.,0,.,4.8,,2.9,,2,,0,-,Kreisfreie Stadt,108771236.600586,73957.693231704
4225,,2025.07,07318,Speyer,30401,,0,.,0,.,0,.,0,.,4.8,,3.2,,1.6,,0,-,Kreisfreie Stadt,42871205.4169922,40161.5178323398
4226,,2025.07,07317,Pirmasens,23354,,0,.,0,.,0,.,0,.,4.7,,2.7,,2.1,,0,-,Kreisfreie Stadt,61586073.3691406,48933.9179410104
4227,,2025.07,07316,Neustadt an der Weinstraße,34075,,0,.,0,.,0,.,0,.,5.7,,3.9,,1.7,,0,-,Kreisfreie Stadt,117196960.166016,74425.9014137383
4228,,2025.07,07315,Mainz,103008,,0,.,0,.,0,.,0,.,6.7,,4.2,,2.5,,0,,Kreisfreie Stadt,97639723.5410156,62475.8854668958
4229,,2025.07,07314,Ludwigshafen am Rhein,85540,,0,.,0,.,0,.,0,.,5.8,,3.5,,2.3,,0,,Kreisfreie Stadt,78001717.6855469,51846.815686425
4230,,2025.07,07313,Landau in der Pfalz,28620,,0,.,0,.,0,.,0,.,6.4,,3.9,,2.5,,0,-,Kreisfreie Stadt,82985492.3359375,87908.82313436
4231,,2025.07,07312,Kaiserslautern,50448,,0,.,0,.,0,.,0,.,6.1,,3.7,,2.3,,0,-,Kreisfreie Stadt,140338623.198242,76154.15074223
4232,,2025.07,07311,Frankenthal (Pfalz),27448,,0,.,0,.,0,.,0,.,4.6,,2.5,,2.1,,0,,Kreisfreie Stadt,43781479.5527344,41147.8587057006
4233,,2025.07,07233,Vulkaneifel,43576,,0,.,0,.,0,.,0,.,4.6,,2.9,,1.7,,0,-,Landkreis,911674505.946289,257481.984540412
4234,,2025.07,07232,Eifelkreis Bitburg-Prüm,71101,,0,.,0,.,0,.,0,.,4.7,,3.4,,1.4,,0,,Landkreis,1627922517.46289,260563.165497522
4235,,2025.07,07231,Bernkastel-Wittlich,78229,,0,.,0,.,0,.,0,.,4.7,,3,,1.7,,0,-,Landkreis,1168681557.4209,212499.209410563
4236,,2025.07,07211,Trier,159474,,0,.,0,.,0,.,0,.,5.7,,3.8,,1.9,,0,-,Kreisfreie Stadt,1220946433.32129,239144.771120695
4237,,2025.07,07143,Westerwaldkreis,144021,,0,.,0,.,0,.,0,.,5.8,,3.8,,2,,0,,Landkreis,990180403.595703,258826.416348373
4238,,2025.07,07141,Rhein-Lahn-Kreis,82996,,0,.,0,.,0,.,0,.,5.2,,3.3,,1.8,,0,-,Landkreis,781516859.424805,212678.488053315
4239,,2025.07,07140,Rhein-Hunsrück-Kreis,74205,,0,.,0,.,0,.,0,.,5.1,,3.5,,1.6,,0,-,Landkreis,991218488.785156,222923.974650335
4240,,2025.07,07138,Neuwied,125689,,0,.,0,.,0,.,0,.,5.2,,3.1,,2.1,,0,-,Landkreis,627652391.993164,179551.528669657
4241,,2025.07,07137,Mayen-Koblenz,144569,,0,.,0,.,0,.,0,.,5.4,,3.5,,2,,0,,Landkreis,816507263.657227,280699.935462887
4242,,2025.07,07135,Cochem-Zell,43099,,0,.,0,.,0,.,0,.,4.8,,3.2,,1.6,,0,,Landkreis,693071688.401367,185715.450794408
4243,,2025.07,07134,Birkenfeld,53334,,0,.,0,.,0,.,0,.,3.5,,2.2,,1.3,,0,-,Landkreis,776624723.824219,174346.642558535
4244,,2025.07,07133,Bad Kreuznach,104101,,0,.,0,.,0,.,0,.,5,,3.3,,1.7,,0,-,Landkreis,864147548.796875,190511.509267926
4245,,2025.07,07132,Altenkirchen (Westerwald),87802,,0,.,0,.,0,.,0,.,5.3,,3.3,,2,,0,,Landkreis,641192280.124023,226666.627454279
4246,,2025.07,07131,Ahrweiler,88510,,0,.,0,.,0,.,0,.,4.9,,3,,1.9,,0,,Landkreis,787045522.314453,198523.740877045
4247,,2025.07,07111,Koblenz,65088,,0,.,0,.,0,.,0,.,7.8,,4.7,,3.1,,0,,Kreisfreie Stadt,105904244.056641,60287.0431391488
4248,,2025.07,06636,Werra-Meißner-Kreis,63950,,0,.,0,.,0,.,0,.,4.4,,3,,1.4,,0,,Landkreis,1024390382.30957,277652.532707859
4249,,2025.07,06635,Waldeck-Frankenberg,108120,,0,.,0,.,0,.,0,.,4.9,,3.4,,1.5,,0,-,Landkreis,1847907077.81836,315498.946529771
4250,,2025.07,06634,Schwalm-Eder-Kreis,123392,,0,.,0,.,0,.,0,.,5.2,,3.7,,1.4,,0,,Landkreis,1539557454.19043,265332.770302823
4251,,2025.07,06633,Kassel,154671,,0,.,0,.,0,.,0,.,6.1,,4.2,,1.9,,0,,Landkreis,1294912578.55566,372267.148483234
4252,,2025.07,06632,Hersfeld-Rotenburg,81245,,0,.,0,.,0,.,0,.,4.6,,3.1,,1.5,,0,-,Landkreis,1097989054.38477,239660.411478028
4253,,2025.07,06631,Fulda,149232,,0,.,0,.,0,.,0,.,5.5,,3.7,,1.7,,0,-,Landkreis,1381379533.09277,249554.88527543
4254,,2025.07,06611,Kassel,92187,,0,.,0,.,0,.,0,.,6.7,,4.2,,2.5,,0,,Kreisfreie Stadt,104921361.786133,63284.3782922191
4255,,2025.07,06535,Vogelsbergkreis,74273,,0,.,0,.,0,.,0,.,4.4,,2.9,,1.5,,0,-,Landkreis,1458289489.31641,281352.484060151
4256,,2025.07,06534,Marburg-Biedenkopf,148567,,0,.,0,.,0,.,0,.,4.9,,3.3,,1.6,,0,,Landkreis,1262136369.50879,219577.755636121
4257,,2025.07,06533,Limburg-Weilburg,116691,,0,.,0,.,0,.,0,.,5.9,,3.7,,2.1,,0,,Landkreis,738799141.473633,172150.712110974
4258,,2025.07,06532,Lahn-Dill-Kreis,168826,,0,.,0,.,0,.,0,.,5.3,,3.2,,2.1,,0,,Landkreis,1065703391.12305,219282.031563173
4259,,2025.07,06531,Gießen,160442,,0,.,0,.,0,.,0,.,5.8,,3.7,,2.1,,0,,Landkreis,855487307.994141,217540.28512267
4260,,2025.07,06440,Wetteraukreis,200199,,0,.,0,.,0,.,0,.,5.9,,3.6,,2.3,,0,,Landkreis,1100715408.88379,263849.646027959
4261,,2025.07,06439,Rheingau-Taunus-Kreis,124588,,0,.,0,.,0,.,0,.,6.3,,4.1,,2.2,,0,,Landkreis,811919270.723633,202814.412874961
4262,,2025.07,06438,Offenbach,221578,,0,.,0,.,0,.,0,.,5.7,,3.4,,2.3,,0,,Landkreis,356325742.489258,116884.314834115
4263,,2025.07,06437,Odenwaldkreis,64221,,0,.,0,.,0,.,0,.,5,,3.1,,1.9,,0,-,Landkreis,624772037.275391,175001.809901493
4264,,2025.07,06436,Main-Taunus-Kreis,184826,,0,.,0,.,0,.,0,.,6.2,,3.6,,2.6,,0,,Landkreis,221572678.726563,117470.580064287
4265,,2025.07,06435,Main-Kinzig-Kreis,269864,,0,.,0,.,0,.,0,.,5.1,,3.2,,1.9,,0,,Landkreis,1396882132.06348,301311.443067471
4266,,2025.07,06434,Hochtaunuskreis,169607,,0,.,0,.,0,.,0,.,7.5,,4.3,,3.2,,0,,Landkreis,480907993.546875,149540.699349362
4267,,2025.07,06433,Groß-Gerau,170954,,0,.,0,.,0,.,0,.,8.4,,6,,2.4,,0,,Landkreis,453325723.345703,139558.201442013
4268,,2025.07,06432,Darmstadt-Dieburg,192003,,0,.,0,.,0,.,0,.,6.2,,3.9,,2.3,,0,,Landkreis,658153392.793945,213944.367990509
4269,,2025.07,06431,Bergstraße,179695,,0,.,0,.,0,.,0,.,5.9,,3.7,,2.2,,0,,Landkreis,718875616.819336,230665.645395089
4270,,2025.07,06414,Wiesbaden,221383,,0,.,0,.,0,.,0,.,12,,7.5,,4.5,,0,,Kreisfreie Stadt,203813810.47168,76452.2375274593
4271,,2025.07,06413,Offenbach am Main,60731,,0,.,0,.,0,.,0,.,6.4,,4,,2.3,,0,,Kreisfreie Stadt,45319131.9121094,40703.3801450091
4272,,2025.07,06412,Frankfurt am Main,346525,,0,.,0,.,0,.,0,.,10.3,,5.5,,4.7,,0,,Kreisfreie Stadt,248120855.9375,107738.706029347
4273,,2025.07,06411,Darmstadt,74042,,0,.,0,.,0,.,0,.,8,,5,,3,,0,,Kreisfreie Stadt,122738117.188477,62500.6786556625
4274,,2025.07,05978,Unna,247279,,0,.,0,.,0,.,0,.,5.3,,3.4,,1.9,,0,,Kreis,542824039.868164,199548.421166447
4275,,2025.07,05974,Soest,199187,,0,.,0,.,0,.,0,.,6.3,,4.2,,2.2,,0,,Kreis,1329390562.89063,220152.441730781
4276,,2025.07,05970,Siegen-Wittgenstein,181064,,0,.,0,.,0,.,0,.,5.7,,3.3,,2.4,,0,,Kreis,1134040384.64648,221838.742179044
4277,,2025.07,05966,Olpe,93246,,0,.,0,.,0,.,0,.,5.7,,3.4,,2.3,,0,-,Kreis,711944622.895508,191915.420333218
4278,,2025.07,05962,Märkischer Kreis,259707,,0,.,0,.,0,.,0,.,5,,2.8,,2.1,,0,,Kreis,1060666564.4502,204522.776842104
4279,,2025.07,05958,Hochsauerlandkreis,174776,,0,.,0,.,0,.,0,.,5.5,,3.5,,2,,0,-,Kreis,1960082964.80859,346919.353405294
4280,,2025.07,05954,Ennepe-Ruhr-Kreis,205057,,0,.,0,.,0,.,0,.,5.5,,3.4,,2.1,,0,,Kreis,410907296.693359,167823.691284811
4281,,2025.07,05916,Herne,80739,,0,.,0,.,0,.,0,.,3.7,,2.1,,1.6,,0,,Kreisfreie Stadt,51509648.4521484,39643.8392912932
4282,,2025.07,05915,Hamm,102038,,0,.,0,.,0,.,0,.,4.7,,3,,1.7,,0,,Kreisfreie Stadt,227720983.532227,93458.3884714458
4283,,2025.07,05914,Hagen,100686,,0,.,0,.,0,.,0,.,4.5,,2.6,,1.9,,0,,Kreisfreie Stadt,160316710.286133,85106.2549919045
4284,,2025.07,05913,Dortmund,303672,,0,.,0,.,0,.,0,.,6.2,,3.8,,2.5,,0,,Kreisfreie Stadt,279662802.373047,98303.0284601238
4285,,2025.07,05911,Bochum,211175,,0,.,0,.,0,.,0,.,5.6,,3.5,,2.1,,0,,Kreisfreie Stadt,144803780.694336,64025.0873014356
4286,,2025.07,05774,Paderborn,193023,,0,.,0,.,0,.,0,.,6.8,,4.7,,2,,0,,Kreis,1246777280.7627,204588.642993027
4287,,2025.07,05770,Minden-Lübbecke,211421,,0,.,0,.,0,.,0,.,5.8,,4.1,,1.7,,0,,Kreis,1151990376.89063,261061.025532273
4288,,2025.07,05766,Lippe,223475,,0,.,0,.,0,.,0,.,5.7,,3.8,,1.9,,0,-,Kreis,1245878538.81934,235200.589696812
4289,,2025.07,05762,Höxter,93289,,0,.,0,.,0,.,0,.,5.5,,3.7,,1.7,,0,-,Kreis,1200707448.32422,216307.222826842
4290,,2025.07,05758,Herford,168767,,0,.,0,.,0,.,0,.,6.1,,4.1,,2.1,,0,-,Kreis,450726367.121094,152051.688893975
4291,,2025.07,05754,Gütersloh,242500,,0,.,0,.,0,.,0,.,6.3,,4.2,,2,,0,,Kreis,969612643.183594,211345.177555524
4292,,2025.07,05711,Bielefeld,183329,,0,.,0,.,0,.,0,.,7.3,,5.1,,2.2,,0,,Kreisfreie Stadt,259184268.935547,98214.7178138864
4293,,2025.07,05570,Warendorf,181632,,0,.,0,.,0,.,0,.,5.4,,3.8,,1.6,,0,,Kreis,1318578231.76758,239020.016740479
4294,,2025.07,05566,Steinfurt,287107,,0,.,0,.,0,.,0,.,6.3,,4.4,,1.9,,0,,Kreis,1795416420.94824,253521.367273162
4295,,2025.07,05562,Recklinghausen,366888,,0,.,0,.,0,.,0,.,4.6,,2.8,,1.8,,0,,Kreis,761405655.898438,195517.150872042
4296,,2025.07,05558,Coesfeld,147267,,0,.,0,.,0,.,0,.,6.2,,4.4,,1.8,,0,,Kreis,1112317887.10254,218543.143405152
4297,,2025.07,05554,Borken,239618,,0,.,0,.,0,.,0,.,6.9,,4.8,,2.1,,0,,Kreis,1421361804.71777,271032.558216467
4298,,2025.07,05515,Münster,153180,,0,.,0,.,0,.,0,.,7.8,,5.2,,2.7,,0,,Kreisfreie Stadt,303536651.791016,104146.926446906
4299,,2025.07,05513,Gelsenkirchen,127503,,0,.,0,.,0,.,0,.,4.2,,2.4,,1.8,,0,,Kreisfreie Stadt,105321074.493164,57216.534225466
4300,,2025.07,05512,Bottrop,70740,,0,.,0,.,0,.,0,.,4.7,,2.9,,1.9,,0,,Kreisfreie Stadt,100248242.984375,57675.0683142118
4301,,2025.07,05382,Rhein-Sieg-Kreis,380663,,0,.,0,.,0,.,0,.,5.6,,3.6,,2,,0,,Kreis,1152349724.42285,315908.196767241
4302,,2025.07,05378,Rheinisch-Bergischer Kreis,187026,,0,.,0,.,0,.,0,.,6.4,,4,,2.4,,0,,Kreis,438100913.793945,166197.113748431
4303,,2025.07,05374,Oberbergischer Kreis,186484,,0,.,0,.,0,.,0,.,5.6,,3.5,,2.1,,0,-,Kreis,918229534.572266,223732.776465669
4304,,2025.07,05370,Heinsberg,171673,,0,.,0,.,0,.,0,.,5.2,,3.3,,1.9,,0,,Kreis,627392069.150391,166228.096673107
4305,,2025.07,05366,Euskirchen,162010,,0,.,0,.,0,.,0,.,7.7,,5.4,,2.3,,0,-,Kreis,1250281279.92773,290405.800465605
4306,,2025.07,05362,Rhein-Erft-Kreis,293854,,0,.,0,.,0,.,0,.,5.6,,3.4,,2.2,,0,,Kreis,703016562.010742,194838.575207755
4307,,2025.07,05358,Düren,172129,,0,.,0,.,0,.,0,.,5.4,,3.5,,1.9,,0,,Kreis,940371029.933594,239403.533273169
4308,,2025.07,05334,Städteregion Aachen,305177,,0,.,0,.,0,.,0,.,6.2,,3.9,,2.3,,0,,Kreis,704441130.219727,270249.499551821
4309,,2025.07,05316,Leverkusen,93401,,0,.,0,.,0,.,0,.,6.6,,3.8,,2.8,,0,,Kreisfreie Stadt,78780864.5332031,52325.2401412013
4310,,2025.07,05315,Köln,503918,,0,.,0,.,0,.,0,.,8.3,,4.7,,3.6,,0,,Kreisfreie Stadt,406768174.274414,122756.879624915
4311,,2025.07,05314,Bonn,175222,,0,.,0,.,0,.,0,.,9,,6.4,,2.6,,0,,Kreisfreie Stadt,141610673.71582,65631.2890915728
4312,,2025.07,05170,Wesel,299928,,0,.,0,.,0,.,0,.,5.4,,3.5,,1.8,,0,,Kreis,1042254695.52344,236903.50644036
4313,,2025.07,05166,Viersen,196307,,0,.,0,.,0,.,0,.,5.3,,3.5,,1.8,,0,,Kreis,563607848.28418,149013.658961646
4314,,2025.07,05162,Rhein-Kreis Neuss,282020,,0,.,0,.,0,.,0,.,6,,3.8,,2.3,,0,,Kreis,576484962.40332,171376.374023709
4315,,2025.07,05158,Mettmann,304346,,0,.,0,.,0,.,0,.,6.6,,4,,2.6,,0,,Kreis,407951393.454102,178740.284376613
4316,,2025.07,05154,Kleve,206117,,0,.,0,.,0,.,0,.,5.2,,3.3,,1.9,,0,,Kreis,1233480468.46582,273797.765568249
4317,,2025.07,05124,Wuppertal,179865,,0,.,0,.,0,.,0,.,5.5,,3.3,,2.2,,0,,Kreisfreie Stadt,168439928.404297,87139.7015602039
4318,,2025.07,05122,Solingen,93462,,0,.,0,.,0,.,0,.,6,,3.9,,2.1,,0,,Kreisfreie Stadt,88995921.1865234,60702.010830767
4319,,2025.07,05120,Remscheid,65056,,0,.,0,.,0,.,0,.,5.6,,3.3,,2.4,,0,,Kreisfreie Stadt,74084053.7412109,46566.6416204877
4320,,2025.07,05119,Oberhausen,115242,,0,.,0,.,0,.,0,.,4.5,,2.7,,1.9,,0,,Kreisfreie Stadt,77442381.3349609,47165.0388934437
4321,,2025.07,05117,Mülheim an der Ruhr,96569,,0,.,0,.,0,.,0,.,5.8,,3.4,,2.4,,0,-,Kreisfreie Stadt,91288609.5791016,47771.7305814314
4322,,2025.07,05116,Mönchengladbach,145255,,0,.,0,.,0,.,0,.,5.3,,3.2,,2.1,,0,,Kreisfreie Stadt,170626170.893555,84169.1695040052
4323,,2025.07,05114,Krefeld,123964,,0,.,0,.,0,.,0,.,5.3,,3.2,,2.1,,0,,Kreisfreie Stadt,136588715.342773,63616.6954308927
4324,,2025.07,05113,Essen,300383,,0,.,0,.,0,.,0,.,6.6,,3.8,,2.8,,0,,Kreisfreie Stadt,210457058.47168,81440.8394355414
4325,,2025.07,05112,Duisburg,243031,,0,.,0,.,0,.,0,.,4.1,,2.4,,1.7,,0,,Kreisfreie Stadt,233192439.330078,95785.9402818368
4326,,2025.07,05111,Düsseldorf,328955,,0,.,0,.,0,.,0,.,10.5,,5.8,,4.7,,0,,Kreisfreie Stadt,217546071.861328,112285.366144823
4327,,2025.07,04012,Bremerhaven,52819,,0,.,0,.,0,.,0,.,4.6,,2.7,,1.9,,0,,Kreisfreie Stadt,94128150.2773438,77653.3498236271
4328,,2025.07,04011,Bremen,249397,,0,.,0,.,0,.,0,.,5.5,,3.2,,2.3,,0,,Kreisfreie Stadt,326188860.736328,152668.942381665
4329,,2025.07,03462,Wittmund,38135,,0,.,0,.,0,.,0,.,3.7,,2.5,,1.2,,0,-,Landkreis,660805508.28125,237460.49211554
4330,,2025.07,03461,Wesermarsch,55468,,0,.,0,.,0,.,0,.,4.6,,3,,1.6,,0,-,Landkreis,827952082.020508,201926.225735977
4331,,2025.07,03460,Vechta,93809,,0,.,0,.,0,.,0,.,7.1,,4.8,,2.3,,0,,Landkreis,813816410.000977,175258.930309861
4332,,2025.07,03459,Osnabrück,240785,,0,.,0,.,0,.,0,.,5.8,,4,,1.8,,0,,Landkreis,2121066219.41406,375663.605339353
4333,,2025.07,03458,Oldenburg,87885,,0,.,0,.,0,.,0,.,5.6,,3.8,,1.8,,0,,Landkreis,1065025726.70703,198207.041247946
4334,,2025.07,03457,Leer,108569,,0,.,0,.,0,.,0,.,4.4,,3,,1.4,,0,,Landkreis,1089662558.6543,230485.427283503
4335,,2025.07,03456,Grafschaft Bentheim,89961,,0,.,0,.,0,.,0,.,6.7,,4.4,,2.2,,0,,Landkreis,982099052.395508,194064.715881315
4336,,2025.07,03455,Friesland,68367,,0,.,0,.,0,.,0,.,4.9,,3.3,,1.6,,0,,Landkreis,618912788.368164,207826.195154195
4337,,2025.07,03454,Emsland,216146,,0,.,0,.,0,.,0,.,6.4,,4.5,,1.9,,0,,Landkreis,2883746490.64648,300655.969692117
4338,,2025.07,03453,Cloppenburg,109838,,0,.,0,.,0,.,0,.,5.6,,3.8,,1.8,,0,,Landkreis,1421047102.89844,228211.076254937
4339,,2025.07,03452,Aurich,122437,,0,.,0,.,0,.,0,.,4.6,,3.2,,1.4,,0,-,Landkreis,1298652890.11816,359604.750190608
4340,,2025.07,03451,Ammerland,83791,,0,.,0,.,0,.,0,.,5.6,,3.8,,1.8,,0,-,Landkreis,730131105.62207,153874.205387695
4341,,2025.07,03405,Wilhelmshaven,40470,,0,.,0,.,0,.,0,.,3.7,,2.1,,1.6,,0,,Kreisfreie Stadt,108248172.838867,56249.714135824
4342,,2025.07,03404,Osnabrück,89974,,0,.,0,.,0,.,0,.,7.3,,4.7,,2.6,,0,,Kreisfreie Stadt,120208161.90625,72502.7445112705
4343,,2025.07,03403,Oldenburg (Oldb),93540,,0,.,0,.,0,.,0,.,8.3,,5.9,,2.4,,0,,Kreisfreie Stadt,103735226.646484,51943.3296956358
4344,,2025.07,03402,Emden,25599,,0,.,0,.,0,.,0,.,4.6,,3.2,,1.4,,0,,Kreisfreie Stadt,111796448.801758,67063.655941761
4345,,2025.07,03401,Delmenhorst,43560,,0,.,0,.,0,.,0,.,4.1,,2.5,,1.7,,0,,Kreisfreie Stadt,62467798.5947266,46257.9381557184
4346,,2025.07,03361,Verden,90391,,0,.,0,.,0,.,0,.,5.5,,3.6,,1.9,,0,,Landkreis,789081710.703125,224811.846339036
4347,,2025.07,03360,Uelzen,59086,,0,.,0,.,0,.,0,.,5.3,,3.6,,1.7,,0,-,Landkreis,1462207700.17188,220612.035508098
4348,,2025.07,03359,Stade,130826,,0,.,0,.,0,.,0,.,5.5,,3.6,,2,,0,-,Landkreis,1269075763.50293,265280.850857743
4349,,2025.07,03358,Heidekreis,92381,,0,.,0,.,0,.,0,.,4.6,,3.1,,1.4,,0,,Landkreis,1881746242.97168,365225.831866227
4350,,2025.07,03357,Rotenburg (Wümme),121795,,0,.,0,.,0,.,0,.,5.3,,3.5,,1.8,,0,,Landkreis,2073801406.19531,353552.266818007
4351,,2025.07,03356,Osterholz,75681,,0,.,0,.,0,.,0,.,5.3,,3.6,,1.6,,0,,Landkreis,653279865,179710.225107181
4352,,2025.07,03355,Lüneburg,108988,,0,.,0,.,0,.,0,.,5.8,,4.1,,1.8,,0,-,Landkreis,1327357220.72852,318554.960422675
4353,,2025.07,03354,Lüchow-Dannenberg,32250,,0,.,0,.,0,.,0,.,4.4,,3,,1.4,,0,-,Landkreis,1226546093.60547,227707.256898562
4354,,2025.07,03353,Harburg,174047,,0,.,0,.,0,.,0,.,5.8,,3.9,,1.9,,0,,Landkreis,1249117601.8291,256626.86543829
4355,,2025.07,03352,Cuxhaven,130133,,0,.,0,.,0,.,0,.,4.4,,2.8,,1.6,,0,,Landkreis,2058739992.30664,308454.913252573
4356,,2025.07,03351,Celle,114599,,0,.,0,.,0,.,0,.,5.1,,3.3,,1.8,,0,,Landkreis,1550684013.71582,246181.705103521
4357,,2025.07,03257,Schaumburg,105425,,0,.,0,.,0,.,0,.,5,,3.6,,1.4,,0,-,Landkreis,676300755.381836,206397.981008128
4358,,2025.07,03256,Nienburg (Weser),80649,,0,.,0,.,0,.,0,.,4.7,,3.2,,1.5,,0,,Landkreis,1400917922.84375,317688.390120049
4359,,2025.07,03255,Holzminden,46010,,0,.,0,.,0,.,0,.,4.3,,2.7,,1.7,,0,-,Landkreis,694472629.105469,189171.307052356
4360,,2025.07,03254,Hildesheim,165331,,0,.,0,.,0,.,0,.,5.3,,3.6,,1.7,,0,,Landkreis,1207789320.64551,251154.965666091
4361,,2025.07,03252,Hameln-Pyrmont,94672,,0,.,0,.,0,.,0,.,5,,3.5,,1.5,,0,,Landkreis,797764574.958984,210020.338817558
4362,,2025.07,03251,Diepholz,148347,,0,.,0,.,0,.,0,.,5.7,,3.8,,1.9,,0,,Landkreis,1991034474.31836,308652.494010019
4363,,2025.07,03241,Region Hannover,603413,,0,.,0,.,0,.,0,.,6.3,,4.1,,2.2,,0,,Landkreis,2297326127.13477,379374.837502092
4364,,2025.07,03159,Göttingen,187179,,0,.,0,.,0,.,0,.,5.4,,3.6,,1.8,,0,,Landkreis,1754861833.00781,385590.386200199
4365,,2025.07,03158,Wolfenbüttel,77111,,0,.,0,.,0,.,0,.,5.3,,4,,1.4,,0,,Landkreis,724065535.433594,215640.850159417
4366,,2025.07,03157,Peine,88418,,0,.,0,.,0,.,0,.,5.4,,4,,1.4,,0,,Landkreis,536101104.076172,149602.771432759
4367,,2025.07,03155,Northeim,90011,,0,.,0,.,0,.,0,.,5,,3.4,,1.6,,0,-,Landkreis,1269651774.30176,228982.313706335
4368,,2025.07,03154,Helmstedt,57774,,0,.,0,.,0,.,0,.,5.1,,3.6,,1.5,,0,-,Landkreis,675687788.225586,231289.034806608
4369,,2025.07,03153,Goslar,81184,,0,.,0,.,0,.,0,.,4.7,,3,,1.7,,0,,Landkreis,969210805.345703,233890.968622506
4370,,2025.07,03151,Gifhorn,112924,,0,.,0,.,0,.,0,.,5.4,,4,,1.4,,0,,Landkreis,1569205053.24512,282161.609724976
4371,,2025.07,03103,Wolfsburg,126209,,0,.,0,.,0,.,0,.,18.6,,13.6,,5,,0,,Kreisfreie Stadt,204942168.826172,91494.3940080182
4372,,2025.07,03102,Salzgitter,57575,,0,.,0,.,0,.,0,.,3.9,,2.6,,1.3,,0,-,Kreisfreie Stadt,225241578.612305,109481.843532545
4373,,2025.07,03101,Braunschweig,141315,,0,.,0,.,0,.,0,.,8.1,,5.8,,2.2,,0,,Kreisfreie Stadt,192263016.94043,96253.2221066206
4374,,2025.07,02000,Hamburg,814606,,0,.,0,.,0,.,0,.,8,,4.7,,3.3,,0,,Kreisfreie Stadt,752486078.693359,218319.223917463
4375,,2025.07,01062,Stormarn,156938,,0,.,0,.,0,.,0,.,6.6,,4.3,,2.2,,0,,Kreis,766059006.546875,254492.948218965
4376,,2025.07,01061,Steinburg,84481,,0,.,0,.,0,.,0,.,4.8,,3.5,,1.3,,0,,Kreis,1055624123.08594,193429.843760563
4377,,2025.07,01060,Segeberg,177501,,0,.,0,.,0,.,0,.,5.9,,3.8,,2,,0,,Kreis,1345767960.55859,287287.284105907
4378,,2025.07,01059,Schleswig-Flensburg,135799,,0,.,0,.,0,.,0,.,5.4,,4,,1.4,,0,,Kreis,2070852562.36133,356669.588409604
4379,,2025.07,01058,Rendsburg-Eckernförde,181343,,0,.,0,.,0,.,0,.,5.7,,4.2,,1.5,,0,,Kreis,2188406603.16406,351411.986073704
4380,,2025.07,01057,Plön,83775,,0,.,0,.,0,.,0,.,5.3,,3.8,,1.5,,0,,Kreis,1083370335.23828,228552.625170368
4381,,2025.07,01056,Pinneberg,182821,,0,.,0,.,0,.,0,.,5.8,,3.7,,2.1,,0,,Kreis,663713966.863281,158271.717662983
4382,,2025.07,01055,Ostholstein,132955,,0,.,0,.,0,.,0,.,4.8,,3.2,,1.6,,0,-,Kreis,1394318441.49023,334074.13334403
4383,,2025.07,01054,Nordfriesland,108759,,0,.,0,.,0,.,0,.,6.4,,4.8,,1.5,,0.1,,Kreis,2090311784.12012,636064.144512072
4384,,2025.07,01053,Herzogtum Lauenburg,124294,,0,.,0,.,0,.,0,.,5.4,,3.7,,1.7,,0,,Kreis,1262927896.33203,256458.727199694
4385,,2025.07,01051,Dithmarschen,84891,,0,.,0,.,0,.,0,.,4.1,,3,,1.1,,0,,Kreis,1443991936.72363,245572.111008473
4386,,2025.07,01004,Neumünster,44520,,0,.,0,.,0,.,0,.,5.7,,3.8,,1.8,,0,,Kreisfreie Stadt,71631910.9277344,54213.2416336757
4387,,2025.07,01003,Lübeck,103096,,0,.,0,.,0,.,0,.,5.4,,3.3,,2,,0,,Kreisfreie Stadt,211688220.145508,146471.981758647
4388,,2025.07,01002,Kiel,112102,,0,.,0,.,0,.,0,.,5.6,,3.6,,2,,0,,Kreisfreie Stadt,119698137.066406,84659.240789817
4389,,2025.07,01001,Flensburg,46056,,0,.,0,.,0,.,0,.,6.2,,4.2,,2,,0,,Kreisfreie Stadt,56888946.234375,37654.0538300401
4390,,2025.10,01051,Dithmarschen,85164,,0,.,0,.,0,.,0,.,4.4,,3.1,,1.2,,0,,Kreis,1443991936.72363,245572.111008473
4391,,2025.10,01004,Neumünster,44598,,0,.,0,.,0,.,0,.,6,,4,,1.9,,0,,Kreisfreie Stadt,71631910.9277344,54213.2416336757
4392,,2025.10,01003,Lübeck,103242,,0,.,0,.,0,.,0,.,5.7,,3.6,,2.1,,0,,Kreisfreie Stadt,211688220.145508,146471.981758647
4393,,2025.10,01002,Kiel,111934,,0,.,0,.,0,.,0,.,5.8,,3.8,,2.1,,0,,Kreisfreie Stadt,119698137.066406,84659.240789817
4394,,2025.10,01001,Flensburg,46113,,0,.,0,.,0,.,0,.,6.5,,4.5,,2.1,,0,,Kreisfreie Stadt,56888946.234375,37654.0538300401
4395,,2025.10,08316,Emmendingen,107194,,0,.,0,.,0,.,0,.,5.6,,4,,1.6,,0,,Landkreis,680398795.238281,172702.629780998
4396,,2025.10,08315,Breisgau-Hochschwarzwald,166503,,0,.,0,.,0,.,0,.,6.1,,4.3,,1.8,,0,-,Landkreis,1377672370.40137,370399.271266305
4397,,2025.10,08311,Freiburg im Breisgau,95560,,0,.,0,.,0,.,0,.,7.1,,4.9,,2.2,,0,,Stadtkreis,153849224.488281,91014.02371589
4398,,2025.10,08237,Freudenstadt,82733,,0,.,0,.,0,.,0,.,5.5,,3.5,,2,,0,-,Landkreis,870890176.946289,218933.236918359
4399,,2025.10,08236,Enzkreis,138207,,0,.,0,.,0,.,0,.,6.3,,4.1,,2.2,,0,,Landkreis,573013700.561523,230073.925261016
4400,,2025.10,08235,Calw,111960,,0,.,0,.,0,.,0,.,6.8,,4.8,,2,,0,,Landkreis,797593878.895508,205429.753223687
4401,,2025.10,08231,Pforzheim,64107,,0,.,0,.,0,.,0,.,6.3,,3.8,,2.5,,0,,Stadtkreis,98240899.1787109,58511.2928561087
4402,,2025.10,08226,Rhein-Neckar-Kreis,364868,,0,.,0,.,0,.,0,.,8.5,,5.4,,3.1,,0,,Landkreis,1060897378.24121,376735.935318718
4403,,2025.10,08225,Neckar-Odenwald-Kreis,98733,,0,.,0,.,0,.,0,.,5,,3.2,,1.8,,0,-,Landkreis,1125803071.23047,245427.437803649
4404,,2025.10,08222,Mannheim,160115,,0,.,0,.,0,.,0,.,7.2,,4.3,,2.9,,0,,Stadtkreis,145282582.120117,66145.7280531458
4405,,2025.10,08221,Heidelberg,61672,,0,.,0,.,0,.,0,.,7.5,,4.8,,2.7,,0,,Stadtkreis,109177300.727539,67290.2437024899
4406,,2025.10,08216,Rastatt,155673,,0,.,0,.,0,.,0,.,6.2,,4.1,,2.1,,0,-,Landkreis,738745337.001953,298562.837436705
4407,,2025.10,08215,Karlsruhe,292358,,0,.,0,.,0,.,0,.,6.3,,4.2,,2.1,,0,,Landkreis,1084489419.02441,286288.605541561
4408,,2025.10,08212,Karlsruhe,141057,,0,.,0,.,0,.,0,.,8.4,,5.4,,3,,0,,Stadtkreis,174089896.172852,81609.5077277984
4409,,2025.10,08211,Baden-Baden,36641,,0,.,0,.,0,.,0,.,7.1,,4.4,,2.7,,0,-,Stadtkreis,139961040.21582,98183.8804621679
4410,,2025.10,08136,Ostalbkreis,215453,,0,.,0,.,0,.,0,.,5.7,,3.6,,2.1,,0,,Landkreis,1510452892.5166,349788.857320175
4411,,2025.10,08135,Heidenheim,88346,,0,.,0,.,0,.,0,.,4.8,,2.8,,1.9,,0,-,Landkreis,627374007.889648,235445.457306892
4412,,2025.10,08128,Main-Tauber-Kreis,93570,,0,.,0,.,0,.,0,.,5.1,,3.2,,1.8,,0,-,Landkreis,1304839178.17285,358765.85369454
4413,,2025.10,08127,Schwäbisch Hall,139114,,0,.,0,.,0,.,0,.,5.9,,3.9,,1.9,,0,,Landkreis,1483983603.97168,341804.115831159
4414,,2025.10,08126,Hohenlohekreis,88798,,0,.,0,.,0,.,0,.,7.1,,5.4,,1.7,,0,,Landkreis,777128184.59375,231938.728929931
4415,,2025.10,08125,Heilbronn,259871,,0,.,0,.,0,.,0,.,6.9,,4.6,,2.3,,0,,Landkreis,1098643452.9082,359071.410841577
4416,,2025.10,08121,Heilbronn,70574,,0,.,0,.,0,.,0,.,5.8,,3.3,,2.5,,0,,Stadtkreis,100623181.72168,67074.2189974283
4417,,2025.10,08119,Rems-Murr-Kreis,276578,,0,.,0,.,0,.,0,.,6.6,,4.1,,2.5,,0,,Landkreis,857365536.928711,214668.079545342
4418,,2025.10,08118,Ludwigsburg,343571,,0,.,0,.,0,.,0,.,7.1,,4.4,,2.7,,0,,Landkreis,686632531.452148,212148.528068176
4419,,2025.10,08117,Göppingen,172784,,0,.,0,.,0,.,0,.,5.9,,3.7,,2.2,,0,,Landkreis,642609816.006836,194509.684601541
4420,,2025.10,08116,Esslingen,346031,,0,.,0,.,0,.,0,.,7.7,,4.7,,3,,0,,Landkreis,639790912.260742,192186.178502883
4421,,2025.10,08115,Böblingen,267158,,0,.,0,.,0,.,0,.,11.5,,6.7,,4.7,,0,,Landkreis,617166961.571289,192935.175303125
4422,,2025.10,08111,Stuttgart,301245,,0,.,0,.,0,.,0,.,12.7,,6.9,,5.8,,0,,Stadtkreis,209953423.669922,96275.2293088448
4423,,2025.10,07340,Südwestpfalz,68643,,0,.,0,.,0,.,0,.,4.5,,2.9,,1.6,,0,,Landkreis,954113160.211914,287839.002459541
4424,,2025.10,07339,Mainz-Bingen,146937,,0,.,0,.,0,.,0,.,6.5,,4.4,,2,,0,-,Landkreis,605620457.03125,228891.65320828
4425,,2025.10,07338,Rhein-Pfalz-Kreis,103852,,0,.,0,.,0,.,0,.,5.5,,3.8,,1.7,,0,,Landkreis,304388992.862305,182456.8069609
4426,,2025.10,07337,Südliche Weinstraße,79791,,0,.,0,.,0,.,0,.,5.6,,4,,1.7,,0,-,Landkreis,639681013.71582,271814.586706335
4427,,2025.10,07336,Kusel,48457,,0,.,0,.,0,.,0,.,3.8,,2.5,,1.4,,0,-,Landkreis,573837615.500977,183994.7760021
4428,,2025.10,07335,Kaiserslautern,71137,,0,.,0,.,0,.,0,.,5.3,,3.5,,1.8,,0,-,Landkreis,640571447.892578,268252.938579891
4429,,2025.10,07334,Germersheim,86189,,0,.,0,.,0,.,0,.,5.8,,3.8,,2,,0,,Landkreis,463330213.0625,139027.58003438
4430,,2025.10,07333,Donnersbergkreis,52576,,0,.,0,.,0,.,0,.,4.8,,3.3,,1.6,,0,,Landkreis,644631752.258789,159577.632166307
4431,,2025.10,07332,Bad Dürkheim,93956,,0,.,0,.,0,.,0,.,5.8,,4,,1.8,,0,-,Landkreis,593988929.787109,196085.16675297
4432,,2025.10,07331,Alzey-Worms,89281,,0,.,0,.,0,.,0,.,5.6,,3.9,,1.7,,0,-,Landkreis,588117875.958984,189546.478189532
4433,,2025.10,07320,Zweibrücken,21852,,0,.,0,.,0,.,0,.,5.5,,3.4,,2.1,,0,-,Kreisfreie Stadt,70802893.0361328,59253.9537753324
4434,,2025.10,07319,Worms,46866,,0,.,0,.,0,.,0,.,5,,3,,2,,0,-,Kreisfreie Stadt,108771236.600586,73957.693231704
4435,,2025.10,07318,Speyer,30416,,0,.,0,.,0,.,0,.,5,,3.4,,1.7,,0,-,Kreisfreie Stadt,42871205.4169922,40161.5178323398
4436,,2025.10,07317,Pirmasens,23355,,0,.,0,.,0,.,0,.,4.8,,2.7,,2.1,,0,-,Kreisfreie Stadt,61586073.3691406,48933.9179410104
4437,,2025.10,07316,Neustadt an der Weinstraße,34096,,0,.,0,.,0,.,0,.,6,,4.1,,1.9,,0,-,Kreisfreie Stadt,117196960.166016,74425.9014137383
4438,,2025.10,07315,Mainz,103156,,0,.,0,.,0,.,0,.,7,,4.4,,2.6,,0,,Kreisfreie Stadt,97639723.5410156,62475.8854668958
4439,,2025.10,07314,Ludwigshafen am Rhein,85402,,0,.,0,.,0,.,0,.,6,,3.6,,2.4,,0,,Kreisfreie Stadt,78001717.6855469,51846.815686425
4440,,2025.10,07313,Landau in der Pfalz,28674,,0,.,0,.,0,.,0,.,6.6,,4.2,,2.5,,0,-,Kreisfreie Stadt,82985492.3359375,87908.82313436
4441,,2025.10,07312,Kaiserslautern,50290,,0,.,0,.,0,.,0,.,6.3,,3.9,,2.4,,0,-,Kreisfreie Stadt,140338623.198242,76154.15074223
4442,,2025.10,07311,Frankenthal (Pfalz),27383,,0,.,0,.,0,.,0,.,4.9,,2.7,,2.2,,0,,Kreisfreie Stadt,43781479.5527344,41147.8587057006
4443,,2025.10,07233,Vulkaneifel,43674,,0,.,0,.,0,.,0,.,4.8,,3,,1.8,,0,-,Landkreis,911674505.946289,257481.984540412
4444,,2025.10,07232,Eifelkreis Bitburg-Prüm,71337,,0,.,0,.,0,.,0,.,5,,3.5,,1.5,,0,,Landkreis,1627922517.46289,260563.165497522
4445,,2025.10,07231,Bernkastel-Wittlich,78339,,0,.,0,.,0,.,0,.,4.9,,3.1,,1.7,,0,-,Landkreis,1168681557.4209,212499.209410563
4446,,2025.10,07211,Trier,159844,,0,.,0,.,0,.,0,.,6,,4,,2,,0,-,Kreisfreie Stadt,1220946433.32129,239144.771120695
4447,,2025.10,07143,Westerwaldkreis,144229,,0,.,0,.,0,.,0,.,6.1,,4,,2.1,,0,,Landkreis,990180403.595703,258826.416348373
4448,,2025.10,07141,Rhein-Lahn-Kreis,83198,,0,.,0,.,0,.,0,.,5.4,,3.5,,1.9,,0,-,Landkreis,781516859.424805,212678.488053315
4449,,2025.10,07140,Rhein-Hunsrück-Kreis,74353,,0,.,0,.,0,.,0,.,5.3,,3.7,,1.7,,0,-,Landkreis,991218488.785156,222923.974650335
4450,,2025.10,07138,Neuwied,125731,,0,.,0,.,0,.,0,.,5.5,,3.3,,2.1,,0,-,Landkreis,627652391.993164,179551.528669657
4451,,2025.10,07137,Mayen-Koblenz,144754,,0,.,0,.,0,.,0,.,5.7,,3.6,,2,,0,,Landkreis,816507263.657227,280699.935462887
4452,,2025.10,07135,Cochem-Zell,43243,,0,.,0,.,0,.,0,.,5,,3.3,,1.7,,0,,Landkreis,693071688.401367,185715.450794408
4453,,2025.10,07134,Birkenfeld,53376,,0,.,0,.,0,.,0,.,3.7,,2.3,,1.4,,0,-,Landkreis,776624723.824219,174346.642558535
4454,,2025.10,07133,Bad Kreuznach,104040,,0,.,0,.,0,.,0,.,5.2,,3.5,,1.8,,0,-,Landkreis,864147548.796875,190511.509267926
4455,,2025.10,07132,Altenkirchen (Westerwald),87986,,0,.,0,.,0,.,0,.,5.6,,3.5,,2.1,,0,,Landkreis,641192280.124023,226666.627454279
4456,,2025.10,07131,Ahrweiler,88773,,0,.,0,.,0,.,0,.,5.2,,3.2,,2,,0,,Landkreis,787045522.314453,198523.740877045
4457,,2025.10,07111,Koblenz,64958,,0,.,0,.,0,.,0,.,8.1,,4.9,,3.2,,0,,Kreisfreie Stadt,105904244.056641,60287.0431391488
4458,,2025.10,06636,Werra-Meißner-Kreis,64068,,0,.,0,.,0,.,0,.,4.7,,3.2,,1.5,,0,,Landkreis,1024390382.30957,277652.532707859
4459,,2025.10,06635,Waldeck-Frankenberg,108276,,0,.,0,.,0,.,0,.,5.2,,3.6,,1.6,,0,-,Landkreis,1847907077.81836,315498.946529771
4460,,2025.10,06634,Schwalm-Eder-Kreis,123417,,0,.,0,.,0,.,0,.,5.5,,4,,1.5,,0,,Landkreis,1539557454.19043,265332.770302823
4461,,2025.10,06633,Kassel,154774,,0,.,0,.,0,.,0,.,6.4,,4.4,,2,,0,,Landkreis,1294912578.55566,372267.148483234
4462,,2025.10,06632,Hersfeld-Rotenburg,81332,,0,.,0,.,0,.,0,.,4.9,,3.3,,1.6,,0,,Landkreis,1097989054.38477,239660.411478028
4463,,2025.10,06631,Fulda,149505,,0,.,0,.,0,.,0,.,5.8,,3.9,,1.8,,0,,Landkreis,1381379533.09277,249554.88527543
4464,,2025.10,06611,Kassel,92222,,0,.,0,.,0,.,0,.,7,,4.4,,2.6,,0,,Kreisfreie Stadt,104921361.786133,63284.3782922191
4465,,2025.10,06535,Vogelsbergkreis,74370,,0,.,0,.,0,.,0,.,4.7,,3.1,,1.6,,0,-,Landkreis,1458289489.31641,281352.484060151
4466,,2025.10,06534,Marburg-Biedenkopf,148802,,0,.,0,.,0,.,0,.,5.1,,3.4,,1.7,,0,,Landkreis,1262136369.50879,219577.755636121
4467,,2025.10,06533,Limburg-Weilburg,116935,,0,.,0,.,0,.,0,.,6.2,,4,,2.2,,0,,Landkreis,738799141.473633,172150.712110974
4468,,2025.10,06532,Lahn-Dill-Kreis,169083,,0,.,0,.,0,.,0,.,5.6,,3.4,,2.2,,0,,Landkreis,1065703391.12305,219282.031563173
4469,,2025.10,06531,Gießen,160752,,0,.,0,.,0,.,0,.,6.1,,3.9,,2.1,,0,,Landkreis,855487307.994141,217540.28512267
4470,,2025.10,06440,Wetteraukreis,200602,,0,.,0,.,0,.,0,.,6.2,,3.9,,2.4,,0,,Landkreis,1100715408.88379,263849.646027959
4471,,2025.10,06439,Rheingau-Taunus-Kreis,124570,,0,.,0,.,0,.,0,.,6.6,,4.3,,2.3,,0,,Landkreis,811919270.723633,202814.412874961
4472,,2025.10,06438,Offenbach,221819,,0,.,0,.,0,.,0,.,6,,3.5,,2.4,,0,,Landkreis,356325742.489258,116884.314834115
4473,,2025.10,06437,Odenwaldkreis,64223,,0,.,0,.,0,.,0,.,5.2,,3.2,,2,,0,-,Landkreis,624772037.275391,175001.809901493
4474,,2025.10,06436,Main-Taunus-Kreis,184436,,0,.,0,.,0,.,0,.,6.5,,3.8,,2.6,,0,,Landkreis,221572678.726563,117470.580064287
4475,,2025.10,06435,Main-Kinzig-Kreis,270072,,0,.,0,.,0,.,0,.,5.3,,3.3,,2,,0,,Landkreis,1396882132.06348,301311.443067471
4476,,2025.10,06434,Hochtaunuskreis,169733,,0,.,0,.,0,.,0,.,8,,4.5,,3.4,,0,,Landkreis,480907993.546875,149540.699349362
4477,,2025.10,06433,Groß-Gerau,169698,,0,.,0,.,0,.,0,.,8.4,,5.9,,2.5,,0,,Landkreis,453325723.345703,139558.201442013
4478,,2025.10,06432,Darmstadt-Dieburg,191928,,0,.,0,.,0,.,0,.,6.4,,4.1,,2.3,,0,,Landkreis,658153392.793945,213944.367990509
4479,,2025.10,06431,Bergstraße,179827,,0,.,0,.,0,.,0,.,6.2,,3.9,,2.2,,0,,Landkreis,718875616.819336,230665.645395089
4480,,2025.10,06414,Wiesbaden,224077,,0,.,0,.,0,.,0,.,12.6,,7.7,,4.9,,0,,Kreisfreie Stadt,203813810.47168,76452.2375274593
4481,,2025.10,06413,Offenbach am Main,60657,,0,.,0,.,0,.,0,.,6.6,,4.1,,2.4,,0,,Kreisfreie Stadt,45319131.9121094,40703.3801450091
4482,,2025.10,06412,Frankfurt am Main,347271,,0,.,0,.,0,.,0,.,10.6,,5.9,,4.8,,0,,Kreisfreie Stadt,248120855.9375,107738.706029347
4483,,2025.10,06411,Darmstadt,74189,,0,.,0,.,0,.,0,.,8.4,,5.3,,3.1,,0,,Kreisfreie Stadt,122738117.188477,62500.6786556625
4484,,2025.10,05978,Unna,247676,,0,.,0,.,0,.,0,.,5.5,,3.5,,2,,0,,Kreis,542824039.868164,199548.421166447
4485,,2025.10,05974,Soest,199432,,0,.,0,.,0,.,0,.,6.6,,4.4,,2.3,,0,,Kreis,1329390562.89063,220152.441730781
4486,,2025.10,05970,Siegen-Wittgenstein,181339,,0,.,0,.,0,.,0,.,6,,3.5,,2.5,,0,,Kreis,1134040384.64648,221838.742179044
4487,,2025.10,05966,Olpe,93331,,0,.,0,.,0,.,0,.,6,,3.6,,2.4,,0,-,Kreis,711944622.895508,191915.420333218
4488,,2025.10,05962,Märkischer Kreis,259958,,0,.,0,.,0,.,0,.,5.2,,3,,2.2,,0,-,Kreis,1060666564.4502,204522.776842104
4489,,2025.10,05958,Hochsauerlandkreis,175115,,0,.,0,.,0,.,0,.,5.7,,3.7,,2.1,,0,-,Kreis,1960082964.80859,346919.353405294
4490,,2025.10,05954,Ennepe-Ruhr-Kreis,205277,,0,.,0,.,0,.,0,.,5.7,,3.6,,2.2,,0,,Kreis,410907296.693359,167823.691284811
4491,,2025.10,05916,Herne,80719,,0,.,0,.,0,.,0,.,3.9,,2.2,,1.7,,0,,Kreisfreie Stadt,51509648.4521484,39643.8392912932
4492,,2025.10,05915,Hamm,102232,,0,.,0,.,0,.,0,.,4.9,,3.2,,1.8,,0,,Kreisfreie Stadt,227720983.532227,93458.3884714458
4493,,2025.10,05914,Hagen,100591,,0,.,0,.,0,.,0,.,4.7,,2.7,,2,,0,,Kreisfreie Stadt,160316710.286133,85106.2549919045
4494,,2025.10,05913,Dortmund,303994,,0,.,0,.,0,.,0,.,6.5,,4,,2.5,,0,,Kreisfreie Stadt,279662802.373047,98303.0284601238
4495,,2025.10,05911,Bochum,208742,,0,.,0,.,0,.,0,.,6,,3.7,,2.3,,0,,Kreisfreie Stadt,144803780.694336,64025.0873014356
4496,,2025.10,05774,Paderborn,193411,,0,.,0,.,0,.,0,.,7.1,,5,,2.1,,0,,Kreis,1246777280.7627,204588.642993027
4497,,2025.10,05770,Minden-Lübbecke,211684,,0,.,0,.,0,.,0,.,6,,4.3,,1.8,,0,,Kreis,1151990376.89063,261061.025532273
4498,,2025.10,05766,Lippe,223928,,0,.,0,.,0,.,0,.,5.9,,4,,1.9,,0,-,Kreis,1245878538.81934,235200.589696812
4499,,2025.10,05762,Höxter,93404,,0,.,0,.,0,.,0,.,5.8,,4,,1.8,,0,-,Kreis,1200707448.32422,216307.222826842
4500,,2025.10,05758,Herford,169212,,0,.,0,.,0,.,0,.,6.4,,4.2,,2.1,,0,-,Kreis,450726367.121094,152051.688893975
4501,,2025.10,05754,Gütersloh,242793,,0,.,0,.,0,.,0,.,6.5,,4.4,,2.1,,0,,Kreis,969612643.183594,211345.177555524
4502,,2025.10,05711,Bielefeld,183531,,0,.,0,.,0,.,0,.,7.6,,5.3,,2.2,,0,,Kreisfreie Stadt,259184268.935547,98214.7178138864
4503,,2025.10,05570,Warendorf,181788,,0,.,0,.,0,.,0,.,5.7,,4,,1.7,,0,,Kreis,1318578231.76758,239020.016740479
4504,,2025.10,05566,Steinfurt,287778,,0,.,0,.,0,.,0,.,6.6,,4.6,,2,,0,,Kreis,1795416420.94824,253521.367273162
4505,,2025.10,05562,Recklinghausen,367110,,0,.,0,.,0,.,0,.,4.8,,2.9,,1.9,,0,,Kreis,761405655.898438,195517.150872042
4506,,2025.10,05558,Coesfeld,147606,,0,.,0,.,0,.,0,.,6.5,,4.6,,1.9,,0,,Kreis,1112317887.10254,218543.143405152
4507,,2025.10,05554,Borken,239864,,0,.,0,.,0,.,0,.,7.2,,5,,2.2,,0,,Kreis,1421361804.71777,271032.558216467
4508,,2025.10,05515,Münster,153347,,0,.,0,.,0,.,0,.,8.1,,5.4,,2.7,,0,,Kreisfreie Stadt,303536651.791016,104146.926446906
4509,,2025.10,05513,Gelsenkirchen,127683,,0,.,0,.,0,.,0,.,4.4,,2.5,,1.8,,0,,Kreisfreie Stadt,105321074.493164,57216.534225466
4510,,2025.10,05512,Bottrop,70786,,0,.,0,.,0,.,0,.,4.9,,3,,1.9,,0,,Kreisfreie Stadt,100248242.984375,57675.0683142118
4511,,2025.10,05382,Rhein-Sieg-Kreis,381264,,0,.,0,.,0,.,0,.,5.9,,3.8,,2.1,,0,,Kreis,1152349724.42285,315908.196767241
4512,,2025.10,05378,Rheinisch-Bergischer Kreis,187311,,0,.,0,.,0,.,0,.,6.7,,4.2,,2.5,,0,,Kreis,438100913.793945,166197.113748431
4513,,2025.10,05374,Oberbergischer Kreis,186775,,0,.,0,.,0,.,0,.,5.8,,3.7,,2.1,,0,-,Kreis,918229534.572266,223732.776465669
4514,,2025.10,05370,Heinsberg,172185,,0,.,0,.,0,.,0,.,5.5,,3.5,,2,,0,,Kreis,627392069.150391,166228.096673107
4515,,2025.10,05366,Euskirchen,163909,,0,.,0,.,0,.,0,.,8.7,,5.7,,3,,0,-,Kreis,1250281279.92773,290405.800465605
4516,,2025.10,05362,Rhein-Erft-Kreis,294317,,0,.,0,.,0,.,0,.,5.9,,3.6,,2.3,,0,,Kreis,703016562.010742,194838.575207755
4517,,2025.10,05358,Düren,172519,,0,.,0,.,0,.,0,.,5.7,,3.7,,2,,0,,Kreis,940371029.933594,239403.533273169
4518,,2025.10,05334,Städteregion Aachen,305130,,0,.,0,.,0,.,0,.,6.5,,4.1,,2.4,,0,,Kreis,704441130.219727,270249.499551821
4519,,2025.10,05316,Leverkusen,93257,,0,.,0,.,0,.,0,.,6.9,,4,,2.8,,0,,Kreisfreie Stadt,78780864.5332031,52325.2401412013
4520,,2025.10,05315,Köln,503011,,0,.,0,.,0,.,0,.,8.6,,4.9,,3.7,,0,,Kreisfreie Stadt,406768174.274414,122756.879624915
4521,,2025.10,05314,Bonn,175057,,0,.,0,.,0,.,0,.,9.7,,7,,2.6,,0,,Kreisfreie Stadt,141610673.71582,65631.2890915728
4522,,2025.10,05170,Wesel,300114,,0,.,0,.,0,.,0,.,5.6,,3.7,,1.9,,0,,Kreis,1042254695.52344,236903.50644036
4523,,2025.10,05166,Viersen,196501,,0,.,0,.,0,.,0,.,5.6,,3.7,,1.9,,0,,Kreis,563607848.28418,149013.658961646
4524,,2025.10,05162,Rhein-Kreis Neuss,282468,,0,.,0,.,0,.,0,.,6.3,,4,,2.3,,0,,Kreis,576484962.40332,171376.374023709
4525,,2025.10,05158,Mettmann,304195,,0,.,0,.,0,.,0,.,6.9,,4.2,,2.7,,0,,Kreis,407951393.454102,178740.284376613
4526,,2025.10,05154,Kleve,206624,,0,.,0,.,0,.,0,.,5.5,,3.4,,2,,0,,Kreis,1233480468.46582,273797.765568249
4527,,2025.10,05124,Wuppertal,179830,,0,.,0,.,0,.,0,.,5.8,,3.5,,2.3,,0,,Kreisfreie Stadt,168439928.404297,87139.7015602039
4528,,2025.10,05122,Solingen,93383,,0,.,0,.,0,.,0,.,6.3,,4,,2.2,,0,,Kreisfreie Stadt,88995921.1865234,60702.010830767
4529,,2025.10,05120,Remscheid,65196,,0,.,0,.,0,.,0,.,5.7,,3.3,,2.4,,0,,Kreisfreie Stadt,74084053.7412109,46566.6416204877
4530,,2025.10,05119,Oberhausen,114907,,0,.,0,.,0,.,0,.,4.7,,2.8,,2,,0,,Kreisfreie Stadt,77442381.3349609,47165.0388934437
4531,,2025.10,05117,Mülheim an der Ruhr,96818,,0,.,0,.,0,.,0,.,6.1,,3.6,,2.4,,0,-,Kreisfreie Stadt,91288609.5791016,47771.7305814314
4532,,2025.10,05116,Mönchengladbach,145758,,0,.,0,.,0,.,0,.,5.5,,3.3,,2.2,,0,,Kreisfreie Stadt,170626170.893555,84169.1695040052
4533,,2025.10,05114,Krefeld,123979,,0,.,0,.,0,.,0,.,5.5,,3.3,,2.2,,0,,Kreisfreie Stadt,136588715.342773,63616.6954308927
4534,,2025.10,05113,Essen,300499,,0,.,0,.,0,.,0,.,6.8,,4,,2.8,,0,,Kreisfreie Stadt,210457058.47168,81440.8394355414
4535,,2025.10,05112,Duisburg,243175,,0,.,0,.,0,.,0,.,4.3,,2.5,,1.8,,0,,Kreisfreie Stadt,233192439.330078,95785.9402818368
4536,,2025.10,05111,Düsseldorf,329563,,0,.,0,.,0,.,0,.,11,,6.2,,4.8,,0,,Kreisfreie Stadt,217546071.861328,112285.366144823
4537,,2025.10,04012,Bremerhaven,52982,,0,.,0,.,0,.,0,.,4.9,,2.8,,2.1,,0,,Kreisfreie Stadt,94128150.2773438,77653.3498236271
4538,,2025.10,04011,Bremen,249202,,0,.,0,.,0,.,0,.,5.8,,3.4,,2.4,,0,,Kreisfreie Stadt,326188860.736328,152668.942381665
4539,,2025.10,03462,Wittmund,38182,,0,.,0,.,0,.,0,.,4,,2.7,,1.3,,0,-,Landkreis,660805508.28125,237460.49211554
4540,,2025.10,03461,Wesermarsch,55553,,0,.,0,.,0,.,0,.,4.9,,3.2,,1.7,,0,-,Landkreis,827952082.020508,201926.225735977
4541,,2025.10,03460,Vechta,94110,,0,.,0,.,0,.,0,.,7.4,,5,,2.4,,0,,Landkreis,813816410.000977,175258.930309861
4542,,2025.10,03459,Osnabrück,241233,,0,.,0,.,0,.,0,.,6.2,,4.2,,1.9,,0,,Landkreis,2121066219.41406,375663.605339353
4543,,2025.10,03458,Oldenburg,88014,,0,.,0,.,0,.,0,.,6,,4,,2,,0,,Landkreis,1065025726.70703,198207.041247946
4544,,2025.10,03457,Leer,108870,,0,.,0,.,0,.,0,.,4.7,,3.2,,1.5,,0,,Landkreis,1089662558.6543,230485.427283503
4545,,2025.10,03456,Grafschaft Bentheim,90234,,0,.,0,.,0,.,0,.,7.1,,4.7,,2.4,,0,,Landkreis,982099052.395508,194064.715881315
4546,,2025.10,03455,Friesland,68592,,0,.,0,.,0,.,0,.,5.2,,3.5,,1.6,,0,,Landkreis,618912788.368164,207826.195154195
4547,,2025.10,03454,Emsland,216766,,0,.,0,.,0,.,0,.,6.7,,4.7,,2,,0,,Landkreis,2883746490.64648,300655.969692117
4548,,2025.10,03453,Cloppenburg,110118,,0,.,0,.,0,.,0,.,6,,4.1,,1.9,,0,,Landkreis,1421047102.89844,228211.076254937
4549,,2025.10,03452,Aurich,122749,,0,.,0,.,0,.,0,.,4.9,,3.4,,1.5,,0,-,Landkreis,1298652890.11816,359604.750190608
4550,,2025.10,03451,Ammerland,84083,,0,.,0,.,0,.,0,.,5.9,,4.1,,1.9,,0,-,Landkreis,730131105.62207,153874.205387695
4551,,2025.10,03405,Wilhelmshaven,40446,,0,.,0,.,0,.,0,.,4,,2.3,,1.7,,0,,Kreisfreie Stadt,108248172.838867,56249.714135824
4552,,2025.10,03404,Osnabrück,89873,,0,.,0,.,0,.,0,.,7.7,,5,,2.7,,0,,Kreisfreie Stadt,120208161.90625,72502.7445112705
4553,,2025.10,03403,Oldenburg (Oldb),93171,,0,.,0,.,0,.,0,.,8.7,,5.8,,2.9,,0,,Kreisfreie Stadt,103735226.646484,51943.3296956358
4554,,2025.10,03402,Emden,25576,,0,.,0,.,0,.,0,.,4.7,,3.3,,1.4,,0,,Kreisfreie Stadt,111796448.801758,67063.655941761
4555,,2025.10,03401,Delmenhorst,43526,,0,.,0,.,0,.,0,.,4.4,,2.6,,1.8,,0,,Kreisfreie Stadt,62467798.5947266,46257.9381557184
4556,,2025.10,03361,Verden,90549,,0,.,0,.,0,.,0,.,5.8,,3.8,,1.9,,0,,Landkreis,789081710.703125,224811.846339036
4557,,2025.10,03360,Uelzen,59156,,0,.,0,.,0,.,0,.,5.6,,3.8,,1.7,,0,-,Landkreis,1462207700.17188,220612.035508098
4558,,2025.10,03359,Stade,131134,,0,.,0,.,0,.,0,.,5.8,,3.7,,2.1,,0,-,Landkreis,1269075763.50293,265280.850857743
4559,,2025.10,03358,Heidekreis,92595,,0,.,0,.,0,.,0,.,4.8,,3.3,,1.5,,0,,Landkreis,1881746242.97168,365225.831866227
4560,,2025.10,03357,Rotenburg (Wümme),122071,,0,.,0,.,0,.,0,.,5.5,,3.6,,1.9,,0,-,Landkreis,2073801406.19531,353552.266818007
4561,,2025.10,03356,Osterholz,75723,,0,.,0,.,0,.,0,.,5.5,,3.8,,1.7,,0,,Landkreis,653279865,179710.225107181
4562,,2025.10,03355,Lüneburg,109118,,0,.,0,.,0,.,0,.,6.2,,4.3,,1.8,,0,-,Landkreis,1327357220.72852,318554.960422675
4563,,2025.10,03354,Lüchow-Dannenberg,32287,,0,.,0,.,0,.,0,.,4.7,,3.2,,1.5,,0,-,Landkreis,1226546093.60547,227707.256898562
4564,,2025.10,03353,Harburg,174160,,0,.,0,.,0,.,0,.,6.1,,4.1,,2,,0,,Landkreis,1249117601.8291,256626.86543829
4565,,2025.10,03352,Cuxhaven,130307,,0,.,0,.,0,.,0,.,4.6,,2.9,,1.7,,0,,Landkreis,2058739992.30664,308454.913252573
4566,,2025.10,03351,Celle,114775,,0,.,0,.,0,.,0,.,5.4,,3.5,,1.9,,0,,Landkreis,1550684013.71582,246181.705103521
4567,,2025.10,03257,Schaumburg,105471,,0,.,0,.,0,.,0,.,5.3,,3.8,,1.5,,0,-,Landkreis,676300755.381836,206397.981008128
4568,,2025.10,03256,Nienburg (Weser),80849,,0,.,0,.,0,.,0,.,5,,3.4,,1.6,,0,,Landkreis,1400917922.84375,317688.390120049
4569,,2025.10,03255,Holzminden,46063,,0,.,0,.,0,.,0,.,4.6,,2.9,,1.7,,0,-,Landkreis,694472629.105469,189171.307052356
4570,,2025.10,03254,Hildesheim,165294,,0,.,0,.,0,.,0,.,5.5,,3.8,,1.7,,0,,Landkreis,1207789320.64551,251154.965666091
4571,,2025.10,03252,Hameln-Pyrmont,94868,,0,.,0,.,0,.,0,.,5.3,,3.6,,1.6,,0,-,Landkreis,797764574.958984,210020.338817558
4572,,2025.10,03251,Diepholz,148508,,0,.,0,.,0,.,0,.,6,,4,,2,,0,,Landkreis,1991034474.31836,308652.494010019
4573,,2025.10,03241,Region Hannover,603307,,0,.,0,.,0,.,0,.,6.6,,4.4,,2.2,,0,,Landkreis,2297326127.13477,379374.837502092
4574,,2025.10,03159,Göttingen,187126,,0,.,0,.,0,.,0,.,5.6,,3.8,,1.8,,0,,Landkreis,1754861833.00781,385590.386200199
4575,,2025.10,03158,Wolfenbüttel,77143,,0,.,0,.,0,.,0,.,5.6,,4.2,,1.4,,0,,Landkreis,724065535.433594,215640.850159417
4576,,2025.10,03157,Peine,88552,,0,.,0,.,0,.,0,.,5.7,,4.3,,1.5,,0,,Landkreis,536101104.076172,149602.771432759
4577,,2025.10,03155,Northeim,89995,,0,.,0,.,0,.,0,.,5.2,,3.6,,1.7,,0,-,Landkreis,1269651774.30176,228982.313706335
4578,,2025.10,03154,Helmstedt,57840,,0,.,0,.,0,.,0,.,5.4,,3.8,,1.5,,0,-,Landkreis,675687788.225586,231289.034806608
4579,,2025.10,03153,Goslar,81132,,0,.,0,.,0,.,0,.,4.9,,3.2,,1.8,,0,,Landkreis,969210805.345703,233890.968622506
4580,,2025.10,03151,Gifhorn,113152,,0,.,0,.,0,.,0,.,5.7,,4.3,,1.4,,0,,Landkreis,1569205053.24512,282161.609724976
4581,,2025.10,03103,Wolfsburg,125743,,0,.,0,.,0,.,0,.,20.1,,13.1,,7,,0,,Kreisfreie Stadt,204942168.826172,91494.3940080182
4582,,2025.10,03102,Salzgitter,57590,,0,.,0,.,0,.,0,.,4.1,,2.7,,1.4,,0,-,Kreisfreie Stadt,225241578.612305,109481.843532545
4583,,2025.10,03101,Braunschweig,140604,,0,.,0,.,0,.,0,.,8.4,,6.1,,2.3,,0,,Kreisfreie Stadt,192263016.94043,96253.2221066206
4584,,2025.10,02000,Hamburg,813893,,0,.,0,.,0,.,0,.,8.3,,4.9,,3.4,,0,,Kreisfreie Stadt,752486078.693359,218319.223917463
4585,,2025.10,01062,Stormarn,156951,,0,.,0,.,0,.,0,.,6.9,,4.5,,2.3,,0,,Kreis,766059006.546875,254492.948218965
4586,,2025.10,01061,Steinburg,84500,,0,.,0,.,0,.,0,.,5.1,,3.7,,1.4,,0,,Kreis,1055624123.08594,193429.843760563
4587,,2025.10,01060,Segeberg,177804,,0,.,0,.,0,.,0,.,6.1,,4,,2.1,,0,,Kreis,1345767960.55859,287287.284105907
4588,,2025.10,01059,Schleswig-Flensburg,136063,,0,.,0,.,0,.,0,.,5.6,,4.2,,1.5,,0,,Kreis,2070852562.36133,356669.588409604
4589,,2025.10,01058,Rendsburg-Eckernförde,181584,,0,.,0,.,0,.,0,.,6,,4.4,,1.6,,0,,Kreis,2188406603.16406,351411.986073704
4590,,2025.10,01057,Plön,83897,,0,.,0,.,0,.,0,.,5.6,,4,,1.6,,0,,Kreis,1083370335.23828,228552.625170368
4591,,2025.10,01056,Pinneberg,182959,,0,.,0,.,0,.,0,.,6.1,,3.9,,2.1,,0,,Kreis,663713966.863281,158271.717662983
4592,,2025.10,01055,Ostholstein,133087,,0,.,0,.,0,.,0,.,5,,3.4,,1.6,,0,-,Kreis,1394318441.49023,334074.13334403
4593,,2025.10,01054,Nordfriesland,108876,,0,.,0,.,0,.,0,.,6.7,,5,,1.6,,0.1,,Kreis,2090311784.12012,636064.144512072
4594,,2025.10,01053,Herzogtum Lauenburg,124706,,0,.,0,.,0,.,0,.,5.7,,3.9,,1.8,,0,,Kreis,1262927896.33203,256458.727199694
4595,,2025.10,16077,Altenburger Land,51321,,0,.,0,.,0,.,0,.,2.9,,1.5,,1.4,,0,,Landkreis,569495813.860352,159208.499301686
4596,,2025.10,16076,Greiz,60068,,0,.,0,.,0,.,0,.,2.9,,1.7,,1.2,,0,-,Landkreis,846194830.068359,288937.795198219
4597,,2025.10,16075,Saale-Orla-Kreis,50141,,0,.,0,.,0,.,0,.,2.6,,1.5,,1.1,,0,-,Landkreis,1151738096.22656,255786.812284021
4598,,2025.10,16074,Saale-Holzland-Kreis,50005,,0,.,0,.,0,.,0,.,3.6,,2.2,,1.4,,0,-,Landkreis,815508565.787109,235948.734812389
4599,,2025.10,16073,Saalfeld-Rudolstadt,59743,,0,.,0,.,0,.,0,.,3.2,,1.8,,1.3,,0,-,Landkreis,1008735679.04199,289884.18985615
4600,,2025.10,16072,Sonneberg,34462,,0,.,0,.,0,.,0,.,3,,1.6,,1.4,,0,,Landkreis,460681672.719727,161297.158075011
4601,,2025.10,16071,Weimarer Land,49766,,0,.,0,.,0,.,0,.,3.9,,2.3,,1.6,,0,,Landkreis,804514564.327148,270201.373476309
4602,,2025.10,16070,Ilm-Kreis,59128,,0,.,0,.,0,.,0,.,4,,2.4,,1.5,,0,-,Landkreis,803588201.576172,223009.896391042
4603,,2025.10,16069,Hildburghausen,38985,,0,.,0,.,0,.,0,.,2.9,,1.8,,1.1,,0,-,Landkreis,937768356.192383,266027.275919908
4604,,2025.10,16068,Sömmerda,40775,,0,.,0,.,0,.,0,.,3.2,,1.9,,1.3,,0,-,Landkreis,807021507.053711,231271.168225578
4605,,2025.10,16067,Gotha,76881,,0,.,0,.,0,.,0,.,3.8,,2.2,,1.6,,0,,Landkreis,935833051.850586,201383.912823013
4606,,2025.10,16066,Schmalkalden-Meiningen,76127,,0,.,0,.,0,.,0,.,3.2,,1.8,,1.4,,0,-,Landkreis,1251050645.04785,289746.940316977
4607,,2025.10,16065,Kyffhäuserkreis,44165,,0,.,0,.,0,.,0,.,2.5,,1.4,,1.1,,0,-,Landkreis,1037770304.01953,273300.806525077
4608,,2025.10,16064,Unstrut-Hainich-Kreis,54138,,0,.,0,.,0,.,0,.,4.1,,2.3,,1.7,,0,-,Landkreis,931296290.730469,220159.559866101
4609,,2025.10,16063,Wartburgkreis,95502,,0,.,0,.,0,.,0,.,3.3,,1.9,,1.4,,0,-,Landkreis,1369998788.58398,359739.228310871
4610,,2025.10,16062,Nordhausen,47430,,0,.,0,.,0,.,0,.,3.1,,1.8,,1.3,,0,,Landkreis,714291367.835938,185722.419164402
4611,,2025.10,16061,Eichsfeld,65260,,0,.,0,.,0,.,0,.,4.6,,2.9,,1.7,,0,-,Landkreis,990529967.28418,211025.563666031
4612,,2025.10,16055,Weimar,30407,,0,.,0,.,0,.,0,.,5.1,,3.3,,1.8,,0,,Kreisfreie Stadt,84371242.5537109,63917.4037953295
4613,,2025.10,16054,Suhl,19358,,0,.,0,.,0,.,0,.,3.6,,2.1,,1.5,,0,-,Kreisfreie Stadt,142863361.462891,89565.7719743408
4614,,2025.10,16053,Jena,45027,,0,.,0,.,0,.,0,.,5.1,,3.1,,2,,0,-,Kreisfreie Stadt,114916066.803711,69161.7063041314
4615,,2025.10,16052,Gera,45875,,0,.,0,.,0,.,0,.,3.4,,1.9,,1.5,,0,,Kreisfreie Stadt,152224963.852539,75323.7031332036
4616,,2025.10,16051,Erfurt,98651,,0,.,0,.,0,.,0,.,5.1,,3.2,,1.9,,0,,Kreisfreie Stadt,270412481.84668,106760.438648397
4617,,2025.10,15091,Wittenberg,76061,,0,.,0,.,0,.,0,.,3,,1.6,,1.4,,0,-,Landkreis,1942799199.44336,288331.940418521
4618,,2025.10,15090,Stendal,63989,,0,.,0,.,0,.,0,.,2.9,,1.7,,1.2,,0,-,Landkreis,2437018945.38281,388099.364972118
4619,,2025.10,15089,Salzlandkreis,104940,,0,.,0,.,0,.,0,.,2.7,,1.5,,1.2,,0,-,Landkreis,1434906372.00391,264035.613726712
4620,,2025.10,15088,Saalekreis,116677,,0,.,0,.,0,.,0,.,3.5,,1.9,,1.6,,0,-,Landkreis,1440237602.55957,371586.717822968
4621,,2025.10,15087,Mansfeld-Südharz,79477,,0,.,0,.,0,.,0,.,2.7,,1.5,,1.1,,0,-,Landkreis,1456203560.97266,331487.311274932
4622,,2025.10,15086,Jerichower Land,55008,,0,.,0,.,0,.,0,.,3.3,,2,,1.3,,0,-,Landkreis,1589285902.17285,247755.483552346
4623,,2025.10,15085,Harz,123926,,0,.,0,.,0,.,0,.,3.3,,1.9,,1.4,,0,-,Landkreis,2108206001.10352,325892.061240799
4624,,2025.10,15084,Burgenlandkreis,103146,,0,.,0,.,0,.,0,.,3,,1.6,,1.4,,0,,Landkreis,1419035819.56836,295284.252349554
4625,,2025.10,15083,Börde,108252,,0,.,0,.,0,.,0,.,3.3,,2.1,,1.2,,0,,Landkreis,2376921623.70215,371548.321413939
4626,,2025.10,15082,Anhalt-Bitterfeld,93394,,0,.,0,.,0,.,0,.,3,,1.6,,1.3,,0,-,Landkreis,1460781901.5127,339057.665260413
4627,,2025.10,15081,Altmarkkreis Salzwedel,50705,,0,.,0,.,0,.,0,.,3.1,,1.9,,1.2,,0,-,Landkreis,2303788808.49023,303821.084721262
4628,,2025.10,15003,Magdeburg,112444,,0,.,0,.,0,.,0,.,4.5,,2.5,,2,,0,,Kreisfreie Stadt,200999393.913086,84386.2998201417
4629,,2025.10,15002,Halle (Saale),95185,,0,.,0,.,0,.,0,.,3.5,,2.1,,1.4,,0,,Kreisfreie Stadt,135824688.286133,77730.5455395086
4630,,2025.10,15001,Dessau-Roßlau,41394,,0,.,0,.,0,.,0,.,3.6,,2.1,,1.6,,0,-,Kreisfreie Stadt,246249160.496094,115997.461325231
4631,,2025.10,14730,Nordsachsen,119324,,0,.,0,.,0,.,0,.,3.4,,1.9,,1.5,,0,,Landkreis,2027548084.84375,410437.981496651
4632,,2025.10,14729,Leipzig,159017,,0,.,0,.,0,.,0,.,3.9,,2.3,,1.6,,0,,Landkreis,1651662788.13379,340686.753048234
4633,,2025.10,14713,Leipzig,234430,,0,.,0,.,0,.,0,.,5.1,,3,,2.1,,0,,Kreisfreie Stadt,298922201.506836,120864.657877298
4634,,2025.10,14628,Sächsische Schweiz-Osterzgebirge,147306,,0,.,0,.,0,.,0,.,3.2,,1.9,,1.3,,0,,Landkreis,1653732867.60742,288402.833770503
4635,,2025.10,14627,Meißen,142026,,0,.,0,.,0,.,0,.,3.3,,1.9,,1.4,,0,,Landkreis,1457361541.51758,262261.856107648
4636,,2025.10,14626,Görlitz,143760,,0,.,0,.,0,.,0,.,2.2,,1.2,,1,,0,,Landkreis,2111152045.11914,342510.820123424
4637,,2025.10,14625,Bautzen,182414,,0,.,0,.,0,.,0,.,3,,1.7,,1.3,,0,,Landkreis,2395636437.77637,346336.618967316
4638,,2025.10,14612,Dresden,230355,,0,.,0,.,0,.,0,.,4.7,,2.7,,2,,0,,Kreisfreie Stadt,328095164.584961,126184.878956216
4639,,2025.10,14524,Zwickau,187199,,0,.,0,.,0,.,0,.,3.5,,2.1,,1.4,,0,,Landkreis,949635037.395508,236921.194806854
4640,,2025.10,14523,Vogtlandkreis,137072,,0,.,0,.,0,.,0,.,3,,1.7,,1.3,,0,-,Landkreis,1412302685.4502,311749.172671271
4641,,2025.10,14522,Mittelsachsen,181110,,0,.,0,.,0,.,0,.,2.9,,1.6,,1.2,,0,,Landkreis,2114833220.54395,370846.696636421
4642,,2025.10,14521,Erzgebirgskreis,203526,,0,.,0,.,0,.,0,.,2.8,,1.7,,1.2,,0,-,Landkreis,1826997137.63379,316907.024888456
4643,,2025.10,14511,Chemnitz,125850,,0,.,0,.,0,.,0,.,4.2,,2.4,,1.8,,0,,Kreisfreie Stadt,221028414.417969,95998.2589097507
4644,,2025.10,13076,Ludwigslust-Parchim,131051,,0,.,0,.,0,.,0,.,2.8,,1.8,,1.1,,0,-,Landkreis,4767205837.64355,544987.623152899
4645,,2025.10,13075,Vorpommern-Greifswald,128340,,0,.,0,.,0,.,0,.,2.7,,1.6,,1.1,,0,-,Landkreis,3951628526.83691,786666.150434142
4646,,2025.10,13074,Nordwestmecklenburg,93497,,0,.,0,.,0,.,0,.,3.6,,2.3,,1.3,,0,-,Landkreis,2125833400.80469,421255.501799993
4647,,2025.10,13073,Vorpommern-Rügen,127628,,0,.,0,.,0,.,0,.,3,,1.8,,1.2,,0,,Landkreis,3214113963.38477,1089521.87046376
4648,,2025.10,13072,Rostock,131320,,0,.,0,.,0,.,0,.,3.8,,2.3,,1.5,,0,,Landkreis,3429396493.29785,470885.235429407
4649,,2025.10,13071,Mecklenburgische Seenplatte,147977,,0,.,0,.,0,.,0,.,2.9,,1.6,,1.3,,0,-,Landkreis,5495373409.96094,516564.114817789
4650,,2025.10,13004,Schwerin,45517,,0,.,0,.,0,.,0,.,4.3,,2.5,,1.7,,0,-,Kreisfreie Stadt,130106434.195313,69520.7229903608
4651,,2025.10,13003,Rostock,86491,,0,.,0,.,0,.,0,.,4.2,,2.5,,1.7,,0,,Kreisfreie Stadt,181477390.371094,88507.9712348811
4652,,2025.10,12073,Uckermark,68658,,0,.,0,.,0,.,0,.,2.9,,1.7,,1.1,,0,,Landkreis,3076108441.98047,392821.33775274
4653,,2025.10,12072,Teltow-Fläming,112251,,0,.,0,.,0,.,0,.,5,,3.2,,1.9,,0,,Landkreis,2103910816.79297,319624.700377854
4654,,2025.10,12071,Spree-Neiße,71134,,0,.,0,.,0,.,0,.,2.8,,1.6,,1.2,,0,-,Landkreis,1657098234.44043,349641.41206109
4655,,2025.10,12070,Prignitz,46250,,0,.,0,.,0,.,0,.,2.8,,1.5,,1.3,,0,-,Landkreis,2138707957.80859,314721.91601579
4656,,2025.10,12069,Potsdam-Mittelmark,135771,,0,.,0,.,0,.,0,.,5.6,,3.6,,2,,0,,Landkreis,2593033934.44922,472327.251125324
4657,,2025.10,12068,Ostprignitz-Ruppin,59843,,0,.,0,.,0,.,0,.,3.1,,1.8,,1.3,,0,-,Landkreis,2525923984.48242,381275.632236586
4658,,2025.10,12067,Oder-Spree,111047,,0,.,0,.,0,.,0,.,4.1,,2.6,,1.5,,0,-,Landkreis,2257290888.04004,375644.78503136
4659,,2025.10,12066,Oberspreewald-Lausitz,65413,,0,.,0,.,0,.,0,.,2.7,,1.4,,1.2,,0,-,Landkreis,1223208108.22656,254326.525952779
4660,,2025.10,12065,Oberhavel,128981,,0,.,0,.,0,.,0,.,5.1,,3.1,,2,,0,,Landkreis,1807834068.39551,360530.244809173
4661,,2025.10,12064,Märkisch-Oderland,123800,,0,.,0,.,0,.,0,.,4.3,,2.5,,1.7,,0,,Landkreis,2157546355.48535,315778.884374255
4662,,2025.10,12063,Havelland,100206,,0,.,0,.,0,.,0,.,5.2,,3.3,,1.9,,0,,Landkreis,1727373166.76465,342971.431508018
4663,,2025.10,12062,Elbe-Elster,63716,,0,.,0,.,0,.,0,.,2.5,,1.4,,1.1,,0,,Landkreis,1899997386.25391,305918.130224615
4664,,2025.10,12061,Dahme-Spreewald,111545,,0,.,0,.,0,.,0,.,5,,3,,1.9,,0,,Landkreis,2275819756.17969,436033.631253628
4665,,2025.10,12060,Barnim,113072,,0,.,0,.,0,.,0,.,4.6,,2.9,,1.8,,0,,Landkreis,1481005522.70801,341342.860018858
4666,,2025.10,12054,Potsdam,77558,,0,.,0,.,0,.,0,.,5.6,,3.3,,2.3,,0,,Kreisfreie Stadt,186950957.337891,96418.8943279986
4667,,2025.10,12053,Frankfurt (Oder),28162,,0,.,0,.,0,.,0,.,3.3,,1.8,,1.5,,0,-,Kreisfreie Stadt,147780070.31543,66375.9750375522
4668,,2025.10,12052,Cottbus,48489,,0,.,0,.,0,.,0,.,3.6,,1.9,,1.7,,0,-,Kreisfreie Stadt,165033344.552734,87657.0910954755
4669,,2025.10,12051,Brandenburg an der Havel,35143,,0,.,0,.,0,.,0,.,4.3,,2.4,,1.9,,0,-,Kreisfreie Stadt,229536571.996094,141971.594036605
4670,,2025.10,11000,Berlin,1227268,,0,.,0,.,0,.,0,.,6.4,,3.8,,2.5,,0,,Kreisfreie Stadt,891789356.085938,222564.759502733
4671,,2025.10,10046,St. Wendel,63010,,0,.,0,.,0,.,0,.,4.9,,3.1,,1.8,,0,-,Landkreis,476354283.110352,146866.901261139
4672,,2025.10,10045,Saarpfalz-Kreis,99940,,0,.,0,.,0,.,0,.,5.3,,3.3,,2,,0,,Landkreis,419096935.567383,159211.807111928
4673,,2025.10,10044,Saarlouis,135952,,0,.,0,.,0,.,0,.,5,,3,,2,,0,,Landkreis,458985903.306641,158271.168504276
4674,,2025.10,10043,Neunkirchen,87767,,0,.,0,.,0,.,0,.,4.7,,2.9,,1.9,,0,-,Landkreis,248117924.852539,107822.664579199
4675,,2025.10,10042,Merzig-Wadern,73789,,0,.,0,.,0,.,0,.,4.5,,2.9,,1.6,,0,-,Landkreis,556979507.769531,154721.880097438
4676,,2025.10,10041,Regionalverband Saarbrücken,194747,,0,.,0,.,0,.,0,.,5.2,,3.1,,2.1,,0,,Landkreis,411489484.970703,160799.877878205
4677,,2025.10,09780,Oberallgäu,106745,,0,.,0,.,0,.,0,.,5.6,,4,,1.6,,0,-,Landkreis,1528353119.51855,341969.342105912
4678,,2025.10,09779,Donau-Ries,96844,,0,.,0,.,0,.,0,.,5.6,,3.7,,1.9,,0,-,Landkreis,1274179146.9248,334855.877078285
4679,,2025.10,09778,Unterallgäu,106504,,0,.,0,.,0,.,0,.,5.1,,3.6,,1.5,,0,-,Landkreis,1229882513.49414,326412.465520539
4680,,2025.10,09777,Ostallgäu,98187,,0,.,0,.,0,.,0,.,5.6,,3.9,,1.6,,0,-,Landkreis,1393283604.78418,408695.960385229
4681,,2025.10,09776,Lindau (Bodensee),54887,,0,.,0,.,0,.,0,.,5.5,,3.8,,1.7,,0,,Landkreis,323241962.030273,143695.537883892
4682,,2025.10,09775,Neu-Ulm,116184,,0,.,0,.,0,.,0,.,5.5,,3.6,,1.9,,0,,Landkreis,515671085.181641,148988.874247824
4683,,2025.10,09774,Günzburg,89905,,0,.,0,.,0,.,0,.,5.6,,3.7,,1.9,,0,-,Landkreis,763345366.449219,232954.134000113
4684,,2025.10,09773,Dillingen a.d.Donau,69439,,0,.,0,.,0,.,0,.,4.7,,3,,1.7,,0,,Landkreis,791686690.830078,242655.202666034
4685,,2025.10,09772,Augsburg,175561,,0,.,0,.,0,.,0,.,6.1,,4,,2.1,,0,,Landkreis,1071521962.7207,309028.860969014
4686,,2025.10,09771,Aichach-Friedberg,92217,,0,.,0,.,0,.,0,.,6,,4.2,,1.8,,0,,Landkreis,779820964.371094,226106.141811333
4687,,2025.10,09764,Memmingen,27934,,0,.,0,.,0,.,0,.,5.5,,3.5,,2,,0,,Kreisfreie Stadt,69807842.7167969,63228.1848011595
4688,,2025.10,09763,Kempten (Allgäu),41379,,0,.,0,.,0,.,0,.,7.5,,5.4,,2.1,,0,,Kreisfreie Stadt,63248638.9882813,53450.3530222877
4689,,2025.10,09762,Kaufbeuren,27217,,0,.,0,.,0,.,0,.,5.1,,3.4,,1.7,,0,-,Kreisfreie Stadt,40431942.4960938,39470.9962520316
4690,,2025.10,09761,Augsburg,142708,,0,.,0,.,0,.,0,.,5.8,,3.5,,2.4,,0,,Kreisfreie Stadt,146459229.583984,86297.542663465
4691,,2025.10,09679,Würzburg,109905,,0,.,0,.,0,.,0,.,6.6,,4.7,,1.9,,0,,Landkreis,967155584.087891,337613.040360294
4692,,2025.10,09678,Schweinfurt,80136,,0,.,0,.,0,.,0,.,5.9,,4.3,,1.6,,0,,Landkreis,841233412.072266,324997.501418006
4693,,2025.10,09677,Main-Spessart,87929,,0,.,0,.,0,.,0,.,5.4,,3.6,,1.8,,0,-,Landkreis,1321991667.66113,287380.964912033
4694,,2025.10,09676,Miltenberg,88226,,0,.,0,.,0,.,0,.,5.1,,3.1,,2,,0,,Landkreis,715285437.052734,225618.089550047
4695,,2025.10,09675,Kitzingen,64390,,0,.,0,.,0,.,0,.,5.9,,4.3,,1.6,,0,,Landkreis,683903707.851563,201499.965144985
4696,,2025.10,09674,Haßberge,60424,,0,.,0,.,0,.,0,.,5,,3.7,,1.3,,0,-,Landkreis,956502900.063477,250394.505232398
4697,,2025.10,09673,Rhön-Grabfeld,56450,,0,.,0,.,0,.,0,.,5.2,,3.7,,1.5,,0,-,Landkreis,1021624976.38477,256743.758245581
4698,,2025.10,09672,Bad Kissingen,73034,,0,.,0,.,0,.,0,.,5.1,,3.7,,1.4,,0,-,Landkreis,1137656959.4668,279211.62790441
4699,,2025.10,09671,Aschaffenburg,120611,,0,.,0,.,0,.,0,.,6.4,,4.3,,2.1,,0,,Landkreis,698932681.59375,229374.257908033
4700,,2025.10,09663,Würzburg,64642,,0,.,0,.,0,.,0,.,7.2,,4.7,,2.5,,0,,Kreisfreie Stadt,87764401.9951172,65259.0145445697
4701,,2025.10,09662,Schweinfurt,30174,,0,.,0,.,0,.,0,.,8.2,,4.2,,4,,0,-,Kreisfreie Stadt,35705732.7753906,39633.719962486
4702,,2025.10,09661,Aschaffenburg,44196,,0,.,0,.,0,.,0,.,7.9,,4.7,,3.2,,0,,Kreisfreie Stadt,62023548.3466797,50412.0037044716
4703,,2025.10,09577,Weißenburg-Gunzenhausen,65497,,0,.,0,.,0,.,0,.,5.3,,3.7,,1.5,,0,,Landkreis,970267811.857422,223083.568343369
4704,,2025.10,09576,Roth,90360,,0,.,0,.,0,.,0,.,5.8,,3.9,,1.9,,0,,Landkreis,895175763.526367,300336.063639876
4705,,2025.10,09575,Neustadt a.d.Aisch-Bad Windsheim,71082,,0,.,0,.,0,.,0,.,5.9,,4.3,,1.6,,0,,Landkreis,1267945156.98633,286565.424246564
4706,,2025.10,09574,Nürnberger Land,114119,,0,.,0,.,0,.,0,.,6.3,,4.4,,1.9,,0,,Landkreis,797630947.844727,280037.722454563
4707,,2025.10,09573,Fürth,79264,,0,.,0,.,0,.,0,.,6,,4.2,,1.8,,0,,Landkreis,307104515.246094,119071.936100924
4708,,2025.10,09572,Erlangen-Höchstadt,95897,,0,.,0,.,0,.,0,.,8.7,,6,,2.6,,0,,Landkreis,564516798.948242,302003.323956942
4709,,2025.10,09571,Ansbach,131810,,0,.,0,.,0,.,0,.,5.4,,3.8,,1.6,,0,,Landkreis,1972780199.8584,438171.105364346
4710,,2025.10,09565,Schwabach,26682,,0,.,0,.,0,.,0,.,6.1,,3.7,,2.4,,0,-,Kreisfreie Stadt,40825280.7548828,44392.3601544875
4711,,2025.10,09564,Nürnberg,248866,,0,.,0,.,0,.,0,.,6.5,,4.1,,2.4,,0,,Kreisfreie Stadt,187671476.236328,138424.259082801
4712,,2025.10,09563,Fürth,65059,,0,.,0,.,0,.,0,.,5.8,,3.7,,2.1,,0,,Kreisfreie Stadt,63347123.8447266,45995.1390193326
4713,,2025.10,09562,Erlangen,56533,,0,.,0,.,0,.,0,.,7,,4.5,,2.5,,0,,Kreisfreie Stadt,78014690.5429688,53139.0900158128
4714,,2025.10,09561,Ansbach,25965,,0,.,0,.,0,.,0,.,6,,3.9,,2.1,,0,-,Kreisfreie Stadt,99853580.3564453,70278.7303360335
4715,,2025.10,09479,Wunsiedel i.Fichtelgebirge,48009,,0,.,0,.,0,.,0,.,4.6,,2.9,,1.8,,0,-,Landkreis,606192311.765625,147427.252500402
4716,,2025.10,09478,Lichtenfels,46126,,0,.,0,.,0,.,0,.,4.2,,2.9,,1.3,,0,-,Landkreis,519676599.529297,188339.943949693
4717,,2025.10,09477,Kulmbach,51128,,0,.,0,.,0,.,0,.,5,,3.4,,1.6,,0,,Landkreis,658004334.990234,203657.347389188
4718,,2025.10,09476,Kronach,46342,,0,.,0,.,0,.,0,.,4.3,,2.8,,1.5,,0,,Landkreis,651475772.542969,195680.596667354
4719,,2025.10,09475,Hof,65182,,0,.,0,.,0,.,0,.,4.8,,2.9,,1.9,,0,-,Landkreis,893663689.371094,293042.491814798
4720,,2025.10,09474,Forchheim,80268,,0,.,0,.,0,.,0,.,5.6,,4,,1.6,,0,,Landkreis,642921296.804688,202014.345609455
4721,,2025.10,09473,Coburg,60475,,0,.,0,.,0,.,0,.,5.2,,3.5,,1.7,,0,,Landkreis,591020889.209961,265614.514307051
4722,,2025.10,09472,Bayreuth,73603,,0,.,0,.,0,.,0,.,4.9,,3.4,,1.5,,0,,Landkreis,1273584205.2207,386106.994410095
4723,,2025.10,09471,Bamberg,105470,,0,.,0,.,0,.,0,.,4.9,,3.6,,1.4,,0,,Landkreis,1166948004.1875,363511.905725181
4724,,2025.10,09464,Hof,26088,,0,.,0,.,0,.,0,.,5.1,,2.9,,2.2,,0,-,Kreisfreie Stadt,58159802.2382813,54718.4550792217
4725,,2025.10,09463,Coburg,25375,,0,.,0,.,0,.,0,.,6.2,,4.2,,2.1,,0,-,Kreisfreie Stadt,48017323.6835938,47861.9792022719
4726,,2025.10,09462,Bayreuth,41426,,0,.,0,.,0,.,0,.,8.3,,4.8,,3.5,,0,,Kreisfreie Stadt,67008634.3730469,64736.4199248782
4727,,2025.10,09461,Bamberg,41426,,0,.,0,.,0,.,0,.,5.8,,4,,1.8,,0,-,Kreisfreie Stadt,54976414.7333984,40927.3519722638
4728,,2025.10,09377,Tirschenreuth,50179,,0,.,0,.,0,.,0,.,4.6,,2.9,,1.7,,0,-,Landkreis,1084534913.91406,229088.470696812
4729,,2025.10,09376,Schwandorf,106287,,0,.,0,.,0,.,0,.,5,,3.4,,1.6,,0,-,Landkreis,1458425984.95898,347575.996306894
4730,,2025.10,09375,Regensburg,134253,,0,.,0,.,0,.,0,.,6.1,,4.4,,1.7,,0,,Landkreis,1393030845.39941,411789.418124436
4731,,2025.10,09374,Neustadt a.d.Waldnaab,67748,,0,.,0,.,0,.,0,.,5.1,,3.5,,1.6,,0,-,Landkreis,1428166109.66699,385732.083609104
4732,,2025.10,09373,Neumarkt i.d.OPf.,94842,,0,.,0,.,0,.,0,.,5.6,,3.9,,1.7,,0,-,Landkreis,1344541220.45117,303939.946431158
4733,,2025.10,09372,Cham,93716,,0,.,0,.,0,.,0,.,4.9,,3.5,,1.4,,0,,Landkreis,1526958023.89063,299328.140846534
4734,,2025.10,09371,Amberg-Sulzbach,72653,,0,.,0,.,0,.,0,.,5.6,,4,,1.6,,0,,Landkreis,1255092290.34766,376859.42579161
4735,,2025.10,09363,Weiden i.d.OPf.,26702,,0,.,0,.,0,.,0,.,5,,3.1,,1.9,,0,-,Kreisfreie Stadt,70605006.8857422,71839.4196751139
4736,,2025.10,09362,Regensburg,84268,,0,.,0,.,0,.,0,.,8.2,,5.3,,2.9,,0,,Kreisfreie Stadt,79706492.1894531,59506.3819752187
4737,,2025.10,09361,Amberg,25525,,0,.,0,.,0,.,0,.,6.7,,4.3,,2.4,,0,-,Kreisfreie Stadt,50405257.5654297,45172.0627563141
4738,,2025.10,09279,Dingolfing-Landau,74548,,0,.,0,.,0,.,0,.,6,,4.3,,1.7,,0,,Landkreis,877379815.797852,263187.17169248
4739,,2025.10,09278,Straubing-Bogen,73044,,0,.,0,.,0,.,0,.,5.2,,3.7,,1.5,,0,-,Landkreis,1200964159.71777,333805.068298285
4740,,2025.10,09277,Rottal-Inn,88409,,0,.,0,.,0,.,0,.,5.3,,3.8,,1.5,,0,,Landkreis,1281034787.56348,290982.290980761
4741,,2025.10,09276,Regen,52363,,0,.,0,.,0,.,0,.,4.9,,3,,1.9,,0,-,Landkreis,974828582.608398,194334.820631541
4742,,2025.10,09275,Passau,136337,,0,.,0,.,0,.,0,.,5.6,,3.9,,1.7,,0,,Landkreis,1530226056.83984,349324.825744492
4743,,2025.10,09274,Landshut,116469,,0,.,0,.,0,.,0,.,6.4,,4.5,,1.8,,0,,Landkreis,1347484584.59082,352561.699055864
4744,,2025.10,09273,Kelheim,85986,,0,.,0,.,0,.,0,.,5.1,,3.7,,1.4,,0,,Landkreis,1064782902.7373,277566.475134382
4745,,2025.10,09272,Freyung-Grafenau,55684,,0,.,0,.,0,.,0,.,4.8,,3.2,,1.6,,0,-,Landkreis,983773696.077148,205137.074783462
4746,,2025.10,09271,Deggendorf,83473,,0,.,0,.,0,.,0,.,5.7,,3.9,,1.8,,0,-,Landkreis,861232904.080078,214908.653550047
4747,,2025.10,09263,Straubing,28589,,0,.,0,.,0,.,0,.,5.2,,3.3,,1.9,,0,-,Kreisfreie Stadt,67649328.3486328,55342.4542959559
4748,,2025.10,09262,Passau,30572,,0,.,0,.,0,.,0,.,7,,4.4,,2.7,,0,-,Kreisfreie Stadt,70107293.4433594,58468.6189304297
4749,,2025.10,09261,Landshut,40041,,0,.,0,.,0,.,0,.,6.1,,3.9,,2.3,,0,,Kreisfreie Stadt,66173764.9755859,68059.4178922351
4750,,2025.10,09190,Weilheim-Schongau,93222,,0,.,0,.,0,.,0,.,5.8,,4.1,,1.7,,0,-,Landkreis,967395171.895508,272636.208647296
4751,,2025.10,09189,Traunstein,124266,,0,.,0,.,0,.,0,.,6.1,,4.4,,1.7,,0,-,Landkreis,1532990057.25293,315972.371520452
4752,,2025.10,09188,Starnberg,90829,,0,.,0,.,0,.,0,.,8.9,,6.2,,2.8,,0,-,Landkreis,486839643.578125,154838.380658794
4753,,2025.10,09187,Rosenheim,181111,,0,.,0,.,0,.,0,.,6.2,,4.4,,1.9,,0,-,Landkreis,1440401955.72949,378977.363111802
4754,,2025.10,09186,Pfaffenhofen a.d.Ilm,88854,,0,.,0,.,0,.,0,.,6,,4.4,,1.6,,0,,Landkreis,760903330.470703,229356.061018572
4755,,2025.10,09185,Neuburg-Schrobenhausen,68853,,0,.,0,.,0,.,0,.,4.9,,3.3,,1.7,,0,-,Landkreis,740049089.376953,221714.43570198
4756,,2025.10,09184,München,248891,,0,.,0,.,0,.,0,.,11.8,,7.3,,4.6,,0,,Landkreis,664006064.419922,253024.576960929
4757,,2025.10,09183,Mühldorf a.Inn,80104,,0,.,0,.,0,.,0,.,5.7,,4,,1.7,,0,,Landkreis,805046306.827148,251387.906279848
4758,,2025.10,09182,Miesbach,68592,,0,.,0,.,0,.,0,.,6.7,,4.5,,2.2,,0,,Landkreis,866757960.75293,210751.517487509
4759,,2025.10,09181,Landsberg am Lech,87246,,0,.,0,.,0,.,0,.,7.3,,5.6,,1.7,,0,-,Landkreis,803669334.545898,220162.735665796
4760,,2025.10,09180,Garmisch-Partenkirchen,54246,,0,.,0,.,0,.,0,.,4.9,,3.3,,1.6,,0,-,Landkreis,1011920317.62012,202175.405901146
4761,,2025.10,09179,Fürstenfeldbruck,127489,,0,.,0,.,0,.,0,.,6.2,,4.1,,2.1,,0,,Landkreis,434651013.395508,150795.74162017
4762,,2025.10,09178,Freising,115251,,0,.,0,.,0,.,0,.,6.4,,4.4,,2,,0,,Landkreis,798505478.394531,198190.25752764
4763,,2025.10,09177,Erding,94403,,0,.,0,.,0,.,0,.,5.9,,4,,1.9,,0,,Landkreis,870824808.99707,184026.941276641
4764,,2025.10,09176,Eichstätt,90154,,0,.,0,.,0,.,0,.,5.4,,4,,1.4,,0,,Landkreis,1214365067.16309,307498.835164874
4765,,2025.10,09175,Ebersberg,90209,,0,.,0,.,0,.,0,.,7.6,,5.2,,2.4,,0,,Landkreis,549824040.4375,156850.433357146
4766,,2025.10,09174,Dachau,97637,,0,.,0,.,0,.,0,.,6,,4,,2,,0,,Landkreis,579538659.702148,164328.110709436
4767,,2025.10,09173,Bad Tölz-Wolfratshausen,83262,,0,.,0,.,0,.,0,.,5.8,,3.9,,1.8,,0,,Landkreis,1111683344.53906,234990.022505886
4768,,2025.10,09172,Berchtesgadener Land,68584,,0,.,0,.,0,.,0,.,4.8,,3.3,,1.6,,0,-,Landkreis,839799161.021484,222421.730122155
4769,,2025.10,09171,Altötting,75564,,0,.,0,.,0,.,0,.,6.2,,4.3,,1.9,,0,-,Landkreis,569350849.804688,159866.861096235
4770,,2025.10,09163,Rosenheim,36475,,0,.,0,.,0,.,0,.,5.8,,3.8,,2,,0,,Kreisfreie Stadt,36954285.3867188,31415.2055751276
4771,,2025.10,09162,München,792521,,0,.,0,.,0,.,0,.,10.5,,6.2,,4.2,,0,,Kreisfreie Stadt,311418892.893555,113444.364599277
4772,,2025.10,09161,Ingolstadt,102741,,0,.,0,.,0,.,0,.,15.8,,10.9,,4.9,,0,,Kreisfreie Stadt,133437450.783203,76161.6928625865
4773,,2025.10,08437,Sigmaringen,91451,,0,.,0,.,0,.,0,.,5.2,,3.4,,1.7,,0,,Landkreis,1204677491.74121,292560.594124531
4774,,2025.10,08436,Ravensburg,191907,,0,.,0,.,0,.,0,.,6,,4.2,,1.8,,0,-,Landkreis,1631876151.00586,326018.877239601
4775,,2025.10,08435,Bodenseekreis,145575,,0,.,0,.,0,.,0,.,7.1,,4.2,,2.9,,0,-,Landkreis,665234832.079102,196264.544875067
4776,,2025.10,08426,Biberach,140606,,0,.,0,.,0,.,0,.,6,,4.3,,1.7,,0,-,Landkreis,1409893821.0918,294123.862292792
4777,,2025.10,08425,Alb-Donau-Kreis,136235,,0,.,0,.,0,.,0,.,5.8,,4,,1.7,,0,,Landkreis,1357392728.38867,400613.419260071
4778,,2025.10,08421,Ulm,69006,,0,.,0,.,0,.,0,.,7.7,,5,,2.6,,0,,Stadtkreis,119244615.334961,90886.1258529902
4779,,2025.10,08417,Zollernalbkreis,133424,,0,.,0,.,0,.,0,.,5.3,,3.3,,2,,0,,Landkreis,917298672.389648,200702.700707429
4780,,2025.10,08416,Tübingen,131590,,0,.,0,.,0,.,0,.,6.5,,4.4,,2.2,,0,,Landkreis,519905356.571289,168209.697087106
4781,,2025.10,08415,Reutlingen,187045,,0,.,0,.,0,.,0,.,6.1,,3.9,,2.3,,0,,Landkreis,1092260476.94043,248486.106887773
4782,,2025.10,08337,Waldshut,113272,,0,.,0,.,0,.,0,.,6.2,,4.3,,1.9,,0,,Landkreis,1130807825.95508,276819.835436996
4783,,2025.10,08336,Lörrach,141237,,0,.,0,.,0,.,0,.,6.3,,4.2,,2.1,,0,,Landkreis,807128916.5625,166962.443862911
4784,,2025.10,08335,Konstanz,168228,,0,.,0,.,0,.,0,.,6.1,,4.1,,2,,0,,Landkreis,817527869.484375,301955.873771339
4785,,2025.10,08327,Tuttlingen,94629,,0,.,0,.,0,.,0,.,6.2,,3.6,,2.5,,0,,Landkreis,734058016.166992,181332.840700999
4786,,2025.10,08326,Schwarzwald-Baar-Kreis,137461,,0,.,0,.,0,.,0,.,5.6,,3.4,,2.2,,0,,Landkreis,1025911911.13281,230407.440447965
4787,,2025.10,08325,Rottweil,98834,,0,.,0,.,0,.,0,.,5.6,,3.5,,2.1,,0,-,Landkreis,769493816.008789,216136.447502954
4788,,2025.10,08317,Ortenaukreis,286876,,0,.,0,.,0,.,0,.,5.4,,3.6,,1.7,,0,,Landkreis,1859817895.98926,262096.114408608
